ticker,company_name,sector,industry,entry_date,entry_signal,entry_price,exit_date,exit_reason,exit_price,holding_days,return_pct,pnl_dollar,confidence_score,trigger_reason,trigger_accession,trigger_url,local_source_file
META,Meta Platforms Inc.,Communication Services,Internet Content & Information,2021-01-14,CONVICTION_BUY,274.64,2021-04-13,HOLDING_PERIOD_EXIT,286.28,60,4.24,424.0,90,"C-Suite Conviction Buy: Insider_META_2021_9 (Chief Financial Officer) open-market purchase of $663,135.00",0001326801-21-000009,https://www.sec.gov/edgar/browse/?CIK=0001326801,data/industries/communication_services/internet_content_information/META_insider_trades.csv
SCHW,The Charles Schwab Corporation,Financials,Capital Markets,2021-01-22,CONVICTION_BUY,56.04,2021-04-20,HOLDING_PERIOD_EXIT,63.71,60,13.69,1369.0,90,"C-Suite Conviction Buy: Insider_SCHW_2021_3 (Chief Executive Officer) open-market purchase of $858,636.00",0000316709-21-000003,https://www.sec.gov/edgar/browse/?CIK=0000316709,data/industries/financials/capital_markets/SCHW_insider_trades.csv
BA,The Boeing Company,Industrials,Aerospace & Defense,2021-01-22,CONVICTION_BUY,209.21,2021-04-20,HOLDING_PERIOD_EXIT,212.97,60,1.8,180.0,90,"C-Suite Conviction Buy: Insider_BA_2021_6 (Chief Financial Officer) open-market purchase of $608,385.00",0000012927-21-000006,https://www.sec.gov/edgar/browse/?CIK=0000012927,data/industries/industrials/aerospace_defense/BA_insider_trades.csv
DUK,Duke Energy Corporation,Utilities,Utilities - Regulated Electric,2021-01-26,CONVICTION_BUY,94.67,2021-04-22,HOLDING_PERIOD_EXIT,95.66,60,1.05,105.0,95,"C-Suite Conviction Buy: Insider_DUK_2021_6 (Chief Financial Officer) open-market purchase of $1,594,612.00",0001326160-21-000006,https://www.sec.gov/edgar/browse/?CIK=0001326160,data/industries/utilities/utilities_regulated_electric/DUK_insider_trades.csv
SLB,Schlumberger Limited,Energy,Oil & Gas Equipment,2021-02-08,HEAVY_SELL_EXIT,22.49,2021-05-05,HOLDING_PERIOD_EXIT,25.15,60,11.83,1183.0,85,"Heavy Sell Exit: 2 executives sold $2,108,301.00 over 14 days",0000087347-21-000007,https://www.sec.gov/edgar/browse/?CIK=0000087347,data/industries/energy/oil_gas_equipment/SLB_insider_trades.csv
TSLA,Tesla Inc.,Consumer Discretionary,Automotive,2021-02-11,CONVICTION_BUY,245.73,2021-05-10,HOLDING_PERIOD_EXIT,277.11,60,12.77,1277.0,95,"C-Suite Conviction Buy: Insider_TSLA_2021_3 (Chief Financial Officer) open-market purchase of $1,988,000.00",0001318605-21-000003,https://www.sec.gov/edgar/browse/?CIK=0001318605,data/industries/consumer_discretionary/automotive/TSLA_insider_trades.csv
UPS,United Parcel Service Inc.,Industrials,Integrated Freight & Logistics,2021-03-01,CONVICTION_BUY,172.1,2021-05-25,HOLDING_PERIOD_EXIT,189.97,60,10.38,1038.0,90,"C-Suite Conviction Buy: Insider_UPS_2021_4 (Chief Financial Officer) open-market purchase of $939,948.00",0001090727-21-000004,https://www.sec.gov/edgar/browse/?CIK=0001090727,data/industries/industrials/integrated_freight_logistics/UPS_insider_trades.csv
RTX,RTX Corporation,Industrials,Aerospace & Defense,2021-03-10,CONVICTION_BUY,72.58,2021-06-04,HOLDING_PERIOD_EXIT,76.65,60,5.61,561.0,90,"C-Suite Conviction Buy: Insider_RTX_2021_10 (Chief Financial Officer) open-market purchase of $587,424.00",0000101829-21-000010,https://www.sec.gov/edgar/browse/?CIK=0000101829,data/industries/industrials/aerospace_defense/RTX_insider_trades.csv
C,Citigroup Inc.,Financials,Banks - Diversified,2021-03-15,HEAVY_SELL_EXIT,60.29,2021-06-09,HOLDING_PERIOD_EXIT,62.35,60,3.42,342.0,85,"Heavy Sell Exit: 2 executives sold $2,324,519.00 over 14 days",0000831001-21-000009,https://www.sec.gov/edgar/browse/?CIK=0000831001,data/industries/financials/banks_diversified/C_insider_trades.csv
C,Citigroup Inc.,Financials,Banks - Diversified,2021-03-15,HEAVY_SELL_EXIT,60.29,2021-06-09,HOLDING_PERIOD_EXIT,62.35,60,3.42,342.0,85,"Heavy Sell Exit: 2 executives sold $2,324,519.00 over 14 days",0000831001-21-000009,https://www.sec.gov/edgar/browse/?CIK=0000831001,data/industries/financials/banks_diversified/C_insider_trades.csv
SBUX,Starbucks Corporation,Consumer Discretionary,Restaurants,2021-03-17,CONVICTION_BUY,107.7,2021-06-11,HOLDING_PERIOD_EXIT,114.16,60,6.0,600.0,95,"C-Suite Conviction Buy: Insider_SBUX_2021_9 (Chief Financial Officer) open-market purchase of $1,298,299.00",0000829224-21-000009,https://www.sec.gov/edgar/browse/?CIK=0000829224,data/industries/consumer_discretionary/restaurants/SBUX_insider_trades.csv
RTX,RTX Corporation,Industrials,Aerospace & Defense,2021-03-17,CONVICTION_BUY,73.46,2021-06-11,HOLDING_PERIOD_EXIT,79.3,60,7.95,795.0,90,"C-Suite Conviction Buy: Insider_RTX_2021_10 (Chief Financial Officer) open-market purchase of $587,424.00",0000101829-21-000010,https://www.sec.gov/edgar/browse/?CIK=0000101829,data/industries/industrials/aerospace_defense/RTX_insider_trades.csv
BA,The Boeing Company,Industrials,Aerospace & Defense,2021-03-22,CONVICTION_BUY,206.56,2021-06-16,HOLDING_PERIOD_EXIT,207.77,60,0.59,59.0,90,"C-Suite Conviction Buy: Insider_BA_2021_7 (Chief Financial Officer) open-market purchase of $713,440.00",0000012927-21-000007,https://www.sec.gov/edgar/browse/?CIK=0000012927,data/industries/industrials/aerospace_defense/BA_insider_trades.csv
GILD,Gilead Sciences Inc.,Health Care,Biotechnology,2021-03-29,CONVICTION_BUY,60.94,2021-06-23,HOLDING_PERIOD_EXIT,63.97,60,4.97,497.0,95,"C-Suite Conviction Buy: Insider_GILD_2021_1 (Chief Financial Officer) open-market purchase of $1,197,747.00",0000882095-21-000001,https://www.sec.gov/edgar/browse/?CIK=0000882095,data/industries/health_care/biotechnology/GILD_insider_trades.csv
RTX,RTX Corporation,Industrials,Aerospace & Defense,2021-04-05,CONVICTION_BUY,76.26,2021-06-29,HOLDING_PERIOD_EXIT,79.22,60,3.88,388.0,90,"C-Suite Conviction Buy: Insider_RTX_2021_1 (Chief Executive Officer) open-market purchase of $892,255.00",0000101829-21-000001,https://www.sec.gov/edgar/browse/?CIK=0000101829,data/industries/industrials/aerospace_defense/RTX_insider_trades.csv
MDT,Medtronic plc,Health Care,Medical Devices,2021-04-05,CONVICTION_BUY,112.61,2021-06-29,HOLDING_PERIOD_EXIT,110.77,60,-1.63,-163.0,90,"C-Suite Conviction Buy: Insider_MDT_2021_2 (Chief Financial Officer) open-market purchase of $966,570.00",0000143899-21-000002,https://www.sec.gov/edgar/browse/?CIK=0000143899,data/industries/health_care/medical_devices/MDT_insider_trades.csv
JPM,JPMorgan Chase & Co.,Financials,Banks - Diversified,2021-04-07,CONVICTION_BUY,132.47,2021-07-01,HOLDING_PERIOD_EXIT,145.46,60,9.81,981.0,95,"C-Suite Conviction Buy: Insider_JPM_2021_4 (Chief Executive Officer) open-market purchase of $1,129,028.00",0000019617-21-000004,https://www.sec.gov/edgar/browse/?CIK=0000019617,data/industries/financials/banks_diversified/JPM_insider_trades.csv
TMUS,T-Mobile US Inc.,Communication Services,Telecom Services,2021-04-13,HEAVY_SELL_EXIT,128.97,2021-07-08,HOLDING_PERIOD_EXIT,123.9,60,-3.93,-393.0,90,"Heavy Sell Exit: 2 executives sold $2,615,184.00 over 14 days",0001283699-21-000002,https://www.sec.gov/edgar/browse/?CIK=0001283699,data/industries/communication_services/telecom_services/TMUS_insider_trades.csv
RTX,RTX Corporation,Industrials,Aerospace & Defense,2021-04-14,CONVICTION_BUY,74.38,2021-07-09,HOLDING_PERIOD_EXIT,78.77,60,5.9,590.0,90,"C-Suite Conviction Buy: Insider_RTX_2021_1 (Chief Executive Officer) open-market purchase of $892,255.00",0000101829-21-000001,https://www.sec.gov/edgar/browse/?CIK=0000101829,data/industries/industrials/aerospace_defense/RTX_insider_trades.csv
LMT,Lockheed Martin Corporation,Industrials,Aerospace & Defense,2021-04-14,CONVICTION_BUY,347.32,2021-07-09,HOLDING_PERIOD_EXIT,358.86,60,3.32,332.0,90,"C-Suite Conviction Buy: Insider_LMT_2021_13 (Chief Financial Officer) open-market purchase of $788,568.00",0000936468-21-000013,https://www.sec.gov/edgar/browse/?CIK=0000936468,data/industries/industrials/aerospace_defense/LMT_insider_trades.csv
JPM,JPMorgan Chase & Co.,Financials,Banks - Diversified,2021-04-19,CONVICTION_BUY,133.23,2021-07-14,HOLDING_PERIOD_EXIT,147.1,60,10.41,1041.0,95,"C-Suite Conviction Buy: Insider_JPM_2021_4 (Chief Executive Officer) open-market purchase of $1,129,028.00",0000019617-21-000004,https://www.sec.gov/edgar/browse/?CIK=0000019617,data/industries/financials/banks_diversified/JPM_insider_trades.csv
TMUS,T-Mobile US Inc.,Communication Services,Telecom Services,2021-04-19,HEAVY_SELL_EXIT,126.27,2021-07-14,HOLDING_PERIOD_EXIT,124.23,60,-1.62,-162.0,90,"Heavy Sell Exit: 3 executives sold $2,809,004.00 over 14 days",0001283699-21-000002,https://www.sec.gov/edgar/browse/?CIK=0001283699,data/industries/communication_services/telecom_services/TMUS_insider_trades.csv
MRNA,Moderna Inc.,Health Care,Biotechnology,2021-04-27,CONVICTION_BUY,150.35,2021-07-22,HOLDING_PERIOD_EXIT,189.64,60,26.13,2613.0,95,"C-Suite Conviction Buy: Insider_MRNA_2021_14 (Chief Executive Officer) open-market purchase of $1,894,656.00",0001682852-21-000014,https://www.sec.gov/edgar/browse/?CIK=0001682852,data/industries/health_care/biotechnology/MRNA_insider_trades.csv
MRNA,Moderna Inc.,Health Care,Biotechnology,2021-05-10,CONVICTION_BUY,158.28,2021-08-04,HOLDING_PERIOD_EXIT,191.2,60,20.8,2080.0,95,"C-Suite Conviction Buy: Insider_MRNA_2021_14 (Chief Executive Officer) open-market purchase of $1,894,656.00",0001682852-21-000014,https://www.sec.gov/edgar/browse/?CIK=0001682852,data/industries/health_care/biotechnology/MRNA_insider_trades.csv
DIS,The Walt Disney Company,Communication Services,Entertainment,2021-05-17,HEAVY_SELL_EXIT,167.58,2021-08-11,HOLDING_PERIOD_EXIT,166.51,60,-0.64,-64.0,85,"Heavy Sell Exit: 2 executives sold $2,316,822.00 over 14 days",0001744489-21-000003,https://www.sec.gov/edgar/browse/?CIK=0001744489,data/industries/communication_services/entertainment/DIS_insider_trades.csv
WMT,Walmart Inc.,Consumer Staples,Discount Stores,2021-05-20,HEAVY_SELL_EXIT,47.48,2021-08-16,HOLDING_PERIOD_EXIT,48.69,60,2.55,255.0,90,"Heavy Sell Exit: 2 executives sold $2,950,802.00 over 14 days",0000104169-21-000004,https://www.sec.gov/edgar/browse/?CIK=0000104169,data/industries/consumer_staples/discount_stores/WMT_insider_trades.csv
BA,The Boeing Company,Industrials,Aerospace & Defense,2021-05-24,CONVICTION_BUY,211.22,2021-08-18,HOLDING_PERIOD_EXIT,207.2,60,-1.9,-190.0,95,"C-Suite Conviction Buy: Insider_BA_2021_1 (Chief Financial Officer) open-market purchase of $1,064,750.00",0000012927-21-000001,https://www.sec.gov/edgar/browse/?CIK=0000012927,data/industries/industrials/aerospace_defense/BA_insider_trades.csv
CL,Colgate-Palmolive Company,Consumer Staples,Household & Personal Products,2021-06-01,HEAVY_SELL_EXIT,85.17,2021-08-25,HOLDING_PERIOD_EXIT,85.06,60,-0.13,-13.0,85,"Heavy Sell Exit: 2 executives sold $2,072,838.00 over 14 days",0000021665-21-000001,https://www.sec.gov/edgar/browse/?CIK=0000021665,data/industries/consumer_staples/household_personal_products/CL_insider_trades.csv
WMT,Walmart Inc.,Consumer Staples,Discount Stores,2021-06-01,HEAVY_SELL_EXIT,47.89,2021-08-25,HOLDING_PERIOD_EXIT,49.02,60,2.36,236.0,90,"Heavy Sell Exit: 2 executives sold $3,386,754.00 over 14 days",0000104169-21-000011,https://www.sec.gov/edgar/browse/?CIK=0000104169,data/industries/consumer_staples/discount_stores/WMT_insider_trades.csv
PG,The Procter & Gamble Company,Consumer Staples,Household & Personal Products,2021-06-08,CONVICTION_BUY,146.08,2021-09-01,HOLDING_PERIOD_EXIT,157.77,60,8.0,800.0,90,"C-Suite Conviction Buy: Insider_PG_2021_3 (Chief Financial Officer) open-market purchase of $704,592.00",0000080424-21-000003,https://www.sec.gov/edgar/browse/?CIK=0000080424,data/industries/consumer_staples/household_personal_products/PG_insider_trades.csv
PFE,Pfizer Inc.,Health Care,Pharmaceuticals,2021-06-09,CONVICTION_BUY,45.94,2021-09-02,HOLDING_PERIOD_EXIT,51.0,60,11.01,1101.0,90,"C-Suite Conviction Buy: Insider_PFE_2021_9 (Chief Financial Officer) open-market purchase of $725,369.00",0000078003-21-000009,https://www.sec.gov/edgar/browse/?CIK=0000078003,data/industries/health_care/pharmaceuticals/PFE_insider_trades.csv
NVDA,NVIDIA Corporation,Information Technology,Semiconductors,2021-06-15,CONVICTION_BUY,20.36,2021-09-09,HOLDING_PERIOD_EXIT,24.73,60,21.46,2146.0,95,"C-Suite Conviction Buy: NVDA_CFO_Conviction (Chief Financial Officer) open-market purchase of $1,166,350.00",0001045810-21-99999CFO,https://www.sec.gov/edgar/browse/?CIK=0001045810,data/industries/information_technology/semiconductors/NVDA_insider_trades.csv
AMD,Advanced Micro Devices Inc.,Information Technology,Semiconductors,2021-06-15,CONVICTION_BUY,117.31,2021-09-09,HOLDING_PERIOD_EXIT,125.79,60,7.23,723.0,95,"C-Suite Conviction Buy: AMD_CFO_Conviction (Chief Financial Officer) open-market purchase of $1,044,700.00",0000002488-21-99999CFO,https://www.sec.gov/edgar/browse/?CIK=0000002488,data/industries/information_technology/semiconductors/AMD_insider_trades.csv
MSFT,Microsoft Corporation,Information Technology,Software - Infrastructure,2021-06-15,CONVICTION_BUY,275.33,2021-09-09,HOLDING_PERIOD_EXIT,301.56,60,9.53,953.0,95,"C-Suite Conviction Buy: MSFT_CFO_Conviction (Chief Financial Officer) open-market purchase of $1,121,600.00",0000789019-21-99999CFO,https://www.sec.gov/edgar/browse/?CIK=0000789019,data/industries/information_technology/software_infrastructure/MSFT_insider_trades.csv
AAPL,Apple Inc.,Information Technology,Consumer Electronics,2021-06-15,CONVICTION_BUY,151.56,2021-09-09,HOLDING_PERIOD_EXIT,164.06,60,8.25,825.0,90,"C-Suite Conviction Buy: AAPL_CFO_Conviction (Chief Financial Officer) open-market purchase of $780,550.00",0000320193-21-99999CFO,https://www.sec.gov/edgar/browse/?CIK=0000320193,data/industries/information_technology/consumer_electronics/AAPL_insider_trades.csv
AMGN,Amgen Inc.,Health Care,Biotechnology,2021-06-15,CONVICTION_BUY,229.46,2021-09-09,HOLDING_PERIOD_EXIT,228.44,60,-0.44,-44.0,90,"C-Suite Conviction Buy: AMGN_CFO_Conviction (Chief Financial Officer) open-market purchase of $533,350.00",0000031462-21-99999CFO,https://www.sec.gov/edgar/browse/?CIK=0000031462,data/industries/health_care/biotechnology/AMGN_insider_trades.csv
JPM,JPMorgan Chase & Co.,Financials,Banks - Diversified,2021-06-15,CONVICTION_BUY,138.85,2021-09-09,HOLDING_PERIOD_EXIT,145.39,60,4.71,471.0,95,"C-Suite Conviction Buy: JPM_CFO_Conviction (Chief Financial Officer) open-market purchase of $1,018,150.00",0000019617-21-99999CFO,https://www.sec.gov/edgar/browse/?CIK=0000019617,data/industries/financials/banks_diversified/JPM_insider_trades.csv
V,Visa Inc.,Financials,Credit Services,2021-06-15,CONVICTION_BUY,222.89,2021-09-09,HOLDING_PERIOD_EXIT,213.49,60,-4.22,-422.0,90,"C-Suite Conviction Buy: V_CFO_Conviction (Chief Financial Officer) open-market purchase of $828,350.00",0001403161-21-99999CFO,https://www.sec.gov/edgar/browse/?CIK=0001403161,data/industries/financials/credit_services/V_insider_trades.csv
TSLA,Tesla Inc.,Consumer Discretionary,Automotive,2021-06-15,CONVICTION_BUY,285.62,2021-09-09,HOLDING_PERIOD_EXIT,310.09,60,8.57,857.0,90,"C-Suite Conviction Buy: TSLA_CFO_Conviction (Chief Financial Officer) open-market purchase of $571,250.00",0001318605-21-99999CFO,https://www.sec.gov/edgar/browse/?CIK=0001318605,data/industries/consumer_discretionary/automotive/TSLA_insider_trades.csv
JNJ,Johnson & Johnson,Health Care,Pharmaceuticals,2021-07-09,CONVICTION_BUY,167.23,2021-10-04,HOLDING_PERIOD_EXIT,166.39,60,-0.5,-50.0,90,"C-Suite Conviction Buy: Insider_JNJ_2021_9 (Chief Financial Officer) open-market purchase of $542,946.00",0000200406-21-000009,https://www.sec.gov/edgar/browse/?CIK=0000200406,data/industries/health_care/pharmaceuticals/JNJ_insider_trades.csv
PEP,PepsiCo Inc.,Consumer Staples,Beverages - Non-Alcoholic,2021-07-19,HEAVY_SELL_EXIT,165.59,2021-10-12,HOLDING_PERIOD_EXIT,172.21,60,4.0,400.0,85,"Heavy Sell Exit: 2 executives sold $2,128,182.00 over 14 days",0000077476-21-000005,https://www.sec.gov/edgar/browse/?CIK=0000077476,data/industries/consumer_staples/beverages_non_alcoholic/PEP_insider_trades.csv
LIN,Linde plc,Materials,Specialty Chemicals,2021-07-20,HEAVY_SELL_EXIT,302.64,2021-10-13,HOLDING_PERIOD_EXIT,327.47,60,8.2,820.0,85,"Heavy Sell Exit: 2 executives sold $2,356,474.00 over 14 days",0001707925-21-000004,https://www.sec.gov/edgar/browse/?CIK=0001707925,data/industries/materials/specialty_chemicals/LIN_insider_trades.csv
LIN,Linde plc,Materials,Specialty Chemicals,2021-07-26,HEAVY_SELL_EXIT,307.02,2021-10-19,HOLDING_PERIOD_EXIT,326.75,60,6.43,643.0,90,"Heavy Sell Exit: 2 executives sold $3,083,201.00 over 14 days",0001707925-21-000005,https://www.sec.gov/edgar/browse/?CIK=0001707925,data/industries/materials/specialty_chemicals/LIN_insider_trades.csv
KO,The Coca-Cola Company,Consumer Staples,Beverages - Non-Alcoholic,2021-08-02,CONVICTION_BUY,58.81,2021-10-26,HOLDING_PERIOD_EXIT,56.99,60,-3.09,-309.0,90,"C-Suite Conviction Buy: Insider_KO_2021_2 (Chief Executive Officer) open-market purchase of $845,284.00",0000021344-21-000002,https://www.sec.gov/edgar/browse/?CIK=0000021344,data/industries/consumer_staples/beverages_non_alcoholic/KO_insider_trades.csv
BA,The Boeing Company,Industrials,Aerospace & Defense,2021-08-12,CONVICTION_BUY,207.6,2021-11-05,HOLDING_PERIOD_EXIT,200.54,60,-3.4,-340.0,95,"C-Suite Conviction Buy: Insider_BA_2021_4 (Chief Financial Officer) open-market purchase of $1,046,465.00",0000012927-21-000004,https://www.sec.gov/edgar/browse/?CIK=0000012927,data/industries/industrials/aerospace_defense/BA_insider_trades.csv
VZ,Verizon Communications Inc.,Communication Services,Telecom Services,2021-08-16,CONVICTION_BUY,53.41,2021-11-09,HOLDING_PERIOD_EXIT,53.52,60,0.21,21.0,90,"C-Suite Conviction Buy: Insider_VZ_2021_2 (Chief Financial Officer) open-market purchase of $908,670.00",0000732712-21-000002,https://www.sec.gov/edgar/browse/?CIK=0000732712,data/industries/communication_services/telecom_services/VZ_insider_trades.csv
WFC,Wells Fargo & Company,Financials,Banks - Diversified,2021-08-26,CONVICTION_BUY,40.83,2021-11-19,HOLDING_PERIOD_EXIT,44.99,60,10.19,1019.0,90,"C-Suite Conviction Buy: Insider_WFC_2021_6 (Chief Financial Officer) open-market purchase of $566,580.00",0000072971-21-000006,https://www.sec.gov/edgar/browse/?CIK=0000072971,data/industries/financials/banks_diversified/WFC_insider_trades.csv
PEP,PepsiCo Inc.,Consumer Staples,Beverages - Non-Alcoholic,2021-08-27,HEAVY_SELL_EXIT,166.01,2021-11-22,HOLDING_PERIOD_EXIT,173.63,60,4.59,459.0,90,"Heavy Sell Exit: 2 executives sold $3,159,859.00 over 14 days",0000077476-21-000011,https://www.sec.gov/edgar/browse/?CIK=0000077476,data/industries/consumer_staples/beverages_non_alcoholic/PEP_insider_trades.csv
HD,The Home Depot Inc.,Consumer Discretionary,Home Improvement Retail,2021-09-13,CONVICTION_BUY,368.62,2021-12-07,HOLDING_PERIOD_EXIT,410.4,60,11.33,1133.0,95,"C-Suite Conviction Buy: Insider_HD_2021_3 (Chief Financial Officer) open-market purchase of $1,197,369.00",0000354950-21-000003,https://www.sec.gov/edgar/browse/?CIK=0000354950,data/industries/consumer_discretionary/home_improvement_retail/HD_insider_trades.csv
CRWD,CrowdStrike Holdings Inc.,Information Technology,Software - Infrastructure,2021-09-27,CONVICTION_BUY,211.63,2021-12-21,HOLDING_PERIOD_EXIT,203.51,60,-3.84,-384.0,95,"C-Suite Conviction Buy: Insider_CRWD_2021_1 (Chief Financial Officer) open-market purchase of $1,168,860.00",0001535527-21-000001,https://www.sec.gov/edgar/browse/?CIK=0001535527,data/industries/information_technology/software_infrastructure/CRWD_insider_trades.csv
HD,The Home Depot Inc.,Consumer Discretionary,Home Improvement Retail,2021-09-27,CONVICTION_BUY,376.88,2021-12-21,HOLDING_PERIOD_EXIT,411.37,60,9.15,915.0,95,"C-Suite Conviction Buy: Insider_HD_2021_3 (Chief Financial Officer) open-market purchase of $1,197,369.00",0000354950-21-000003,https://www.sec.gov/edgar/browse/?CIK=0000354950,data/industries/consumer_discretionary/home_improvement_retail/HD_insider_trades.csv
WFC,Wells Fargo & Company,Financials,Banks - Diversified,2021-10-04,HEAVY_SELL_EXIT,43.61,2021-12-29,HOLDING_PERIOD_EXIT,48.35,60,10.87,1087.0,85,"Heavy Sell Exit: 2 executives sold $2,112,588.00 over 14 days",0000072971-21-000012,https://www.sec.gov/edgar/browse/?CIK=0000072971,data/industries/financials/banks_diversified/WFC_insider_trades.csv
CVX,Chevron Corporation,Energy,Oil & Gas Integrated,2021-10-12,CONVICTION_BUY,107.94,2022-01-06,HOLDING_PERIOD_EXIT,118.04,60,9.36,936.0,90,"C-Suite Conviction Buy: Insider_CVX_2021_3 (Chief Financial Officer) open-market purchase of $633,045.00",0000093410-21-000003,https://www.sec.gov/edgar/browse/?CIK=0000093410,data/industries/energy/oil_gas_integrated/CVX_insider_trades.csv
CVX,Chevron Corporation,Energy,Oil & Gas Integrated,2021-10-20,CONVICTION_BUY,113.12,2022-01-14,HOLDING_PERIOD_EXIT,120.08,60,6.15,615.0,90,"C-Suite Conviction Buy: Insider_CVX_2021_3 (Chief Financial Officer) open-market purchase of $633,045.00",0000093410-21-000003,https://www.sec.gov/edgar/browse/?CIK=0000093410,data/industries/energy/oil_gas_integrated/CVX_insider_trades.csv
MSFT,Microsoft Corporation,Information Technology,Software - Infrastructure,2021-11-15,CONVICTION_BUY,327.6,2022-02-10,HOLDING_PERIOD_EXIT,324.73,60,-0.88,-88.0,90,"C-Suite Conviction Buy: Insider_MSFT_2021_6 (Chief Financial Officer) open-market purchase of $679,266.00",0000789019-21-000006,https://www.sec.gov/edgar/browse/?CIK=0000789019,data/industries/information_technology/software_infrastructure/MSFT_insider_trades.csv
LLY,Eli Lilly and Company,Health Care,Pharmaceuticals,2021-11-29,CONVICTION_BUY,263.77,2022-02-24,HOLDING_PERIOD_EXIT,288.03,60,9.2,920.0,90,"C-Suite Conviction Buy: Insider_LLY_2021_9 (Chief Executive Officer) open-market purchase of $653,070.00",0000059478-21-000009,https://www.sec.gov/edgar/browse/?CIK=0000059478,data/industries/health_care/pharmaceuticals/LLY_insider_trades.csv
CL,Colgate-Palmolive Company,Consumer Staples,Household & Personal Products,2021-11-29,CONVICTION_BUY,83.96,2022-02-24,HOLDING_PERIOD_EXIT,84.59,60,0.75,75.0,95,"C-Suite Conviction Buy: Insider_CL_2021_2 (Chief Financial Officer) open-market purchase of $1,119,596.00",0000021665-21-000002,https://www.sec.gov/edgar/browse/?CIK=0000021665,data/industries/consumer_staples/household_personal_products/CL_insider_trades.csv
NEE,NextEra Energy Inc.,Utilities,Utilities - Regulated Electric,2021-11-29,CONVICTION_BUY,92.11,2022-02-24,HOLDING_PERIOD_EXIT,92.14,60,0.03,3.0,90,"C-Suite Conviction Buy: Insider_NEE_2021_8 (Chief Financial Officer) open-market purchase of $670,644.00",0000753308-21-000008,https://www.sec.gov/edgar/browse/?CIK=0000753308,data/industries/utilities/utilities_regulated_electric/NEE_insider_trades.csv
F,Ford Motor Company,Consumer Discretionary,Automotive,2021-12-06,CONVICTION_BUY,19.88,2022-03-03,HOLDING_PERIOD_EXIT,19.72,60,-0.8,-80.0,95,"C-Suite Conviction Buy: Insider_F_2021_5 (Chief Executive Officer) open-market purchase of $1,096,700.00",0000037996-21-000005,https://www.sec.gov/edgar/browse/?CIK=0000037996,data/industries/consumer_discretionary/automotive/F_insider_trades.csv
GILD,Gilead Sciences Inc.,Health Care,Biotechnology,2021-12-08,CONVICTION_BUY,72.68,2022-03-07,HOLDING_PERIOD_EXIT,76.11,60,4.72,472.0,95,"C-Suite Conviction Buy: Insider_GILD_2021_5 (Chief Executive Officer) open-market purchase of $1,422,003.00",0000882095-21-000005,https://www.sec.gov/edgar/browse/?CIK=0000882095,data/industries/health_care/biotechnology/GILD_insider_trades.csv
AMGN,Amgen Inc.,Health Care,Biotechnology,2021-12-13,CONVICTION_BUY,222.71,2022-03-10,HOLDING_PERIOD_EXIT,234.63,60,5.35,535.0,90,"C-Suite Conviction Buy: Insider_AMGN_2021_2 (Chief Executive Officer) open-market purchase of $961,200.00",0000031462-21-000002,https://www.sec.gov/edgar/browse/?CIK=0000031462,data/industries/health_care/biotechnology/AMGN_insider_trades.csv
GILD,Gilead Sciences Inc.,Health Care,Biotechnology,2021-12-20,CONVICTION_BUY,72.45,2022-03-17,HOLDING_PERIOD_EXIT,76.78,60,5.98,598.0,95,"C-Suite Conviction Buy: Insider_GILD_2021_5 (Chief Executive Officer) open-market purchase of $1,422,003.00",0000882095-21-000005,https://www.sec.gov/edgar/browse/?CIK=0000882095,data/industries/health_care/biotechnology/GILD_insider_trades.csv
UPS,United Parcel Service Inc.,Industrials,Integrated Freight & Logistics,2021-12-20,CONVICTION_BUY,214.21,2022-03-17,HOLDING_PERIOD_EXIT,205.38,60,-4.12,-412.0,95,"C-Suite Conviction Buy: Insider_UPS_2021_2 (Chief Executive Officer) open-market purchase of $1,258,440.00",0001090727-21-000002,https://www.sec.gov/edgar/browse/?CIK=0001090727,data/industries/industrials/integrated_freight_logistics/UPS_insider_trades.csv
FDX,FedEx Corporation,Industrials,Integrated Freight & Logistics,2021-12-22,CONVICTION_BUY,254.63,2022-03-21,HOLDING_PERIOD_EXIT,239.69,60,-5.87,-587.0,95,"C-Suite Conviction Buy: Insider_FDX_2021_1 (Chief Financial Officer) open-market purchase of $1,799,325.00",0000036104-21-000001,https://www.sec.gov/edgar/browse/?CIK=0000036104,data/industries/industrials/integrated_freight_logistics/FDX_insider_trades.csv
UPS,United Parcel Service Inc.,Industrials,Integrated Freight & Logistics,2021-12-27,CONVICTION_BUY,209.44,2022-03-23,HOLDING_PERIOD_EXIT,202.83,60,-3.16,-316.0,95,"C-Suite Conviction Buy: Insider_UPS_2021_2 (Chief Executive Officer) open-market purchase of $1,258,440.00",0001090727-21-000002,https://www.sec.gov/edgar/browse/?CIK=0001090727,data/industries/industrials/integrated_freight_logistics/UPS_insider_trades.csv
PLD,Prologis Inc.,Real Estate,REIT - Industrial,2022-01-03,CONVICTION_BUY,170.97,2022-03-14,STOP_LOSS_EXIT,153.55,48,-10.19,-1019.0,95,"C-Suite Conviction Buy: Insider_PLD_2022_6 (Chief Financial Officer) open-market purchase of $1,444,400.00",0001045609-22-000006,https://www.sec.gov/edgar/browse/?CIK=0001045609,data/industries/real_estate/reit_industrial/PLD_insider_trades.csv
FDX,FedEx Corporation,Industrials,Integrated Freight & Logistics,2022-01-05,CONVICTION_BUY,252.01,2022-04-01,HOLDING_PERIOD_EXIT,238.0,60,-5.56,-556.0,95,"C-Suite Conviction Buy: Insider_FDX_2021_1 (Chief Financial Officer) open-market purchase of $1,799,325.00",0000036104-21-000001,https://www.sec.gov/edgar/browse/?CIK=0000036104,data/industries/industrials/integrated_freight_logistics/FDX_insider_trades.csv
PLD,Prologis Inc.,Real Estate,REIT - Industrial,2022-01-05,CONVICTION_BUY,168.59,2022-04-01,HOLDING_PERIOD_EXIT,157.74,60,-6.44,-644.0,95,"C-Suite Conviction Buy: Insider_PLD_2022_6 (Chief Financial Officer) open-market purchase of $1,444,400.00",0001045609-22-000006,https://www.sec.gov/edgar/browse/?CIK=0001045609,data/industries/real_estate/reit_industrial/PLD_insider_trades.csv
ABT,Abbott Laboratories,Health Care,Medical Devices,2022-01-18,CONVICTION_BUY,142.36,2022-04-13,HOLDING_PERIOD_EXIT,129.45,60,-9.07,-907.0,95,"C-Suite Conviction Buy: Insider_ABT_2022_11 (Chief Executive Officer) open-market purchase of $1,057,677.00",0000001800-22-000011,https://www.sec.gov/edgar/browse/?CIK=0000001800,data/industries/health_care/medical_devices/ABT_insider_trades.csv
TMUS,T-Mobile US Inc.,Communication Services,Telecom Services,2022-01-21,CONVICTION_BUY,115.99,2022-04-19,HOLDING_PERIOD_EXIT,125.18,60,7.92,792.0,90,"C-Suite Conviction Buy: Insider_TMUS_2022_1 (Chief Financial Officer) open-market purchase of $813,878.00",0001283699-22-000001,https://www.sec.gov/edgar/browse/?CIK=0001283699,data/industries/communication_services/telecom_services/TMUS_insider_trades.csv
TMUS,T-Mobile US Inc.,Communication Services,Telecom Services,2022-01-24,CONVICTION_BUY,116.11,2022-04-20,HOLDING_PERIOD_EXIT,121.47,60,4.62,462.0,90,"C-Suite Conviction Buy: Insider_TMUS_2022_1 (Chief Financial Officer) open-market purchase of $813,878.00",0001283699-22-000001,https://www.sec.gov/edgar/browse/?CIK=0001283699,data/industries/communication_services/telecom_services/TMUS_insider_trades.csv
LLY,Eli Lilly and Company,Health Care,Pharmaceuticals,2022-02-02,HEAVY_SELL_EXIT,278.05,2022-04-29,HOLDING_PERIOD_EXIT,309.92,60,11.46,1146.0,90,"Heavy Sell Exit: 2 executives sold $2,823,904.00 over 14 days",0000059478-22-000011,https://www.sec.gov/edgar/browse/?CIK=0000059478,data/industries/health_care/pharmaceuticals/LLY_insider_trades.csv
QCOM,QUALCOMM Incorporated,Information Technology,Semiconductors,2022-03-09,CONVICTION_BUY,172.82,2022-05-02,STOP_LOSS_EXIT,154.88,37,-10.38,-1038.0,95,"C-Suite Conviction Buy: Insider_QCOM_2022_1 (Chief Executive Officer) open-market purchase of $1,333,486.00",0000804328-22-000001,https://www.sec.gov/edgar/browse/?CIK=0000804328,data/industries/information_technology/semiconductors/QCOM_insider_trades.csv
LIN,Linde plc,Materials,Specialty Chemicals,2022-03-09,HEAVY_SELL_EXIT,337.95,2022-06-03,HOLDING_PERIOD_EXIT,332.5,60,-1.61,-161.0,90,"Heavy Sell Exit: 2 executives sold $3,158,620.00 over 14 days",0001707925-22-000007,https://www.sec.gov/edgar/browse/?CIK=0001707925,data/industries/materials/specialty_chemicals/LIN_insider_trades.csv
UPS,United Parcel Service Inc.,Industrials,Integrated Freight & Logistics,2022-03-10,CONVICTION_BUY,210.95,2022-06-06,HOLDING_PERIOD_EXIT,197.96,60,-6.16,-616.0,90,"C-Suite Conviction Buy: Insider_UPS_2022_1 (Chief Executive Officer) open-market purchase of $570,758.00",0001090727-22-000001,https://www.sec.gov/edgar/browse/?CIK=0001090727,data/industries/industrials/integrated_freight_logistics/UPS_insider_trades.csv
CRWD,CrowdStrike Holdings Inc.,Information Technology,Software - Infrastructure,2022-03-14,CONVICTION_BUY,187.5,2022-05-09,STOP_LOSS_EXIT,167.87,39,-10.47,-1047.0,90,"C-Suite Conviction Buy: Insider_CRWD_2022_5 (Chief Financial Officer) open-market purchase of $671,181.00",0001535527-22-000005,https://www.sec.gov/edgar/browse/?CIK=0001535527,data/industries/information_technology/software_infrastructure/CRWD_insider_trades.csv
VRTX,Vertex Pharmaceuticals Incorporated,Health Care,Biotechnology,2022-04-04,CLUSTER_BUY,237.99,2022-06-30,HOLDING_PERIOD_EXIT,257.47,60,8.19,819.0,85,"Cluster Buy Trigger: 3 independent insiders purchased $3,741,882.00 within 14 days",0000875320-22-000009,https://www.sec.gov/edgar/browse/?CIK=0000875320,data/industries/health_care/biotechnology/VRTX_insider_trades.csv
PANW,Palo Alto Networks Inc.,Information Technology,Software - Infrastructure,2022-04-05,CONVICTION_BUY,169.46,2022-07-01,HOLDING_PERIOD_EXIT,164.69,60,-2.81,-281.0,95,"C-Suite Conviction Buy: Insider_PANW_2022_12 (Chief Financial Officer) open-market purchase of $1,612,981.00",0001326801-22-000012,https://www.sec.gov/edgar/browse/?CIK=0001326801,data/industries/information_technology/software_infrastructure/PANW_insider_trades.csv
BA,The Boeing Company,Industrials,Aerospace & Defense,2022-04-13,CONVICTION_BUY,198.65,2022-07-12,HOLDING_PERIOD_EXIT,200.02,60,0.69,69.0,95,"C-Suite Conviction Buy: Insider_BA_2022_13 (Chief Financial Officer) open-market purchase of $1,006,200.00",0000012927-22-000013,https://www.sec.gov/edgar/browse/?CIK=0000012927,data/industries/industrials/aerospace_defense/BA_insider_trades.csv
PANW,Palo Alto Networks Inc.,Information Technology,Software - Infrastructure,2022-04-14,CONVICTION_BUY,170.71,2022-07-13,HOLDING_PERIOD_EXIT,161.66,60,-5.3,-530.0,95,"C-Suite Conviction Buy: Insider_PANW_2022_12 (Chief Financial Officer) open-market purchase of $1,612,981.00",0001326801-22-000012,https://www.sec.gov/edgar/browse/?CIK=0001326801,data/industries/information_technology/software_infrastructure/PANW_insider_trades.csv
AMGN,Amgen Inc.,Health Care,Biotechnology,2022-04-18,CONVICTION_BUY,238.75,2022-07-14,HOLDING_PERIOD_EXIT,243.15,60,1.84,184.0,90,"C-Suite Conviction Buy: Insider_AMGN_2022_1 (Chief Executive Officer) open-market purchase of $820,512.00",0000031462-22-000001,https://www.sec.gov/edgar/browse/?CIK=0000031462,data/industries/health_care/biotechnology/AMGN_insider_trades.csv
SYK,Stryker Corporation,Health Care,Medical Devices,2022-04-18,CONVICTION_BUY,266.74,2022-07-14,HOLDING_PERIOD_EXIT,260.18,60,-2.46,-246.0,90,"C-Suite Conviction Buy: Insider_SYK_2022_3 (Chief Executive Officer) open-market purchase of $903,875.00",0000310764-22-000003,https://www.sec.gov/edgar/browse/?CIK=0000310764,data/industries/health_care/medical_devices/SYK_insider_trades.csv
MU,Micron Technology Inc.,Information Technology,Semiconductors,2022-04-19,HEAVY_SELL_EXIT,81.27,2022-06-07,STOP_LOSS_EXIT,73.04,34,-10.13,-1013.0,90,"Heavy Sell Exit: 2 executives sold $2,551,471.00 over 14 days",0000072333-22-000001,https://www.sec.gov/edgar/browse/?CIK=0000072333,data/industries/information_technology/semiconductors/MU_insider_trades.csv
MU,Micron Technology Inc.,Information Technology,Semiconductors,2022-04-25,CONVICTION_BUY,81.2,2022-06-07,STOP_LOSS_EXIT,73.04,30,-10.05,-1005.0,95,"C-Suite Conviction Buy: Insider_MU_2022_2 (Chief Executive Officer) open-market purchase of $1,411,740.00",0000072333-22-000002,https://www.sec.gov/edgar/browse/?CIK=0000072333,data/industries/information_technology/semiconductors/MU_insider_trades.csv
MU,Micron Technology Inc.,Information Technology,Semiconductors,2022-04-25,HEAVY_SELL_EXIT,81.2,2022-06-07,STOP_LOSS_EXIT,73.04,30,-10.05,-1005.0,90,"Heavy Sell Exit: 2 executives sold $2,551,471.00 over 14 days",0000072333-22-000001,https://www.sec.gov/edgar/browse/?CIK=0000072333,data/industries/information_technology/semiconductors/MU_insider_trades.csv
RTX,RTX Corporation,Industrials,Aerospace & Defense,2022-04-28,CONVICTION_BUY,91.8,2022-07-26,HOLDING_PERIOD_EXIT,95.65,60,4.19,419.0,90,"C-Suite Conviction Buy: Insider_RTX_2022_7 (Chief Executive Officer) open-market purchase of $778,924.00",0000101829-22-000007,https://www.sec.gov/edgar/browse/?CIK=0000101829,data/industries/industrials/aerospace_defense/RTX_insider_trades.csv
GOOGL,Alphabet Inc.,Communication Services,Internet Content & Information,2022-05-11,CONVICTION_BUY,123.76,2022-07-25,STOP_LOSS_EXIT,111.16,50,-10.18,-1018.0,90,"C-Suite Conviction Buy: Insider_GOOGL_2022_4 (Chief Executive Officer) open-market purchase of $558,360.00",0001652044-22-000004,https://www.sec.gov/edgar/browse/?CIK=0001652044,data/industries/communication_services/internet_content_information/GOOGL_insider_trades.csv
DE,Deere & Company,Industrials,Industrial Machinery,2022-05-26,CONVICTION_BUY,376.44,2022-08-23,HOLDING_PERIOD_EXIT,391.08,60,3.89,389.0,90,"C-Suite Conviction Buy: Insider_DE_2022_2 (Chief Executive Officer) open-market purchase of $508,369.00",0000315189-22-000002,https://www.sec.gov/edgar/browse/?CIK=0000315189,data/industries/industrials/industrial_machinery/DE_insider_trades.csv
TGT,Target Corporation,Consumer Staples,Discount Stores,2022-06-14,CONVICTION_BUY,193.66,2022-09-09,STOP_LOSS_EXIT,172.87,60,-10.74,-1074.0,90,"C-Suite Conviction Buy: Insider_TGT_2022_4 (Chief Financial Officer) open-market purchase of $674,696.00",0000027419-22-000004,https://www.sec.gov/edgar/browse/?CIK=0000027419,data/industries/consumer_staples/discount_stores/TGT_insider_trades.csv
NVDA,NVIDIA Corporation,Information Technology,Semiconductors,2022-06-15,CONVICTION_BUY,22.67,2022-08-04,STOP_LOSS_EXIT,20.29,34,-10.5,-1050.0,95,"C-Suite Conviction Buy: NVDA_CFO_Conviction (Chief Financial Officer) open-market purchase of $1,218,100.00",0001045810-22-99999CFO,https://www.sec.gov/edgar/browse/?CIK=0001045810,data/industries/information_technology/semiconductors/NVDA_insider_trades.csv
AMD,Advanced Micro Devices Inc.,Information Technology,Semiconductors,2022-06-15,CONVICTION_BUY,110.29,2022-07-26,STOP_LOSS_EXIT,98.91,27,-10.32,-1032.0,95,"C-Suite Conviction Buy: AMD_CFO_Conviction (Chief Financial Officer) open-market purchase of $1,085,350.00",0000002488-22-99999CFO,https://www.sec.gov/edgar/browse/?CIK=0000002488,data/industries/information_technology/semiconductors/AMD_insider_trades.csv
MSFT,Microsoft Corporation,Information Technology,Software - Infrastructure,2022-06-15,CONVICTION_BUY,293.11,2022-09-12,HOLDING_PERIOD_EXIT,264.51,60,-9.76,-976.0,90,"C-Suite Conviction Buy: MSFT_CEO_Conviction (Chief Executive Officer) open-market purchase of $715,300.00",0000789019-22-99999CEO,https://www.sec.gov/edgar/browse/?CIK=0000789019,data/industries/information_technology/software_infrastructure/MSFT_insider_trades.csv
AAPL,Apple Inc.,Information Technology,Consumer Electronics,2022-06-15,CONVICTION_BUY,157.94,2022-09-06,STOP_LOSS_EXIT,142.15,56,-10.0,-1000.0,90,"C-Suite Conviction Buy: AAPL_CEO_Conviction (Chief Executive Officer) open-market purchase of $739,250.00",0000320193-22-99999CEO,https://www.sec.gov/edgar/browse/?CIK=0000320193,data/industries/information_technology/consumer_electronics/AAPL_insider_trades.csv
AAPL,Apple Inc.,Information Technology,Consumer Electronics,2022-06-15,CLUSTER_BUY,157.94,2022-09-06,STOP_LOSS_EXIT,142.15,56,-10.0,-1000.0,85,"Cluster Buy Trigger: 3 independent insiders purchased $1,597,284.00 within 14 days",0000320193-22-000008,https://www.sec.gov/edgar/browse/?CIK=0000320193,data/industries/information_technology/consumer_electronics/AAPL_insider_trades.csv
AMGN,Amgen Inc.,Health Care,Biotechnology,2022-06-15,CONVICTION_BUY,245.58,2022-09-12,HOLDING_PERIOD_EXIT,246.86,60,0.52,52.0,90,"C-Suite Conviction Buy: AMGN_CFO_Conviction (Chief Financial Officer) open-market purchase of $746,250.00",0000031462-22-99999CFO,https://www.sec.gov/edgar/browse/?CIK=0000031462,data/industries/health_care/biotechnology/AMGN_insider_trades.csv
JPM,JPMorgan Chase & Co.,Financials,Banks - Diversified,2022-06-15,CONVICTION_BUY,146.02,2022-09-12,HOLDING_PERIOD_EXIT,138.08,60,-5.44,-544.0,90,"C-Suite Conviction Buy: JPM_CFO_Conviction (Chief Financial Officer) open-market purchase of $739,650.00",0000019617-22-99999CFO,https://www.sec.gov/edgar/browse/?CIK=0000019617,data/industries/financials/banks_diversified/JPM_insider_trades.csv
JPM,JPMorgan Chase & Co.,Financials,Banks - Diversified,2022-06-15,CLUSTER_BUY,146.02,2022-09-12,HOLDING_PERIOD_EXIT,138.08,60,-5.44,-544.0,85,"Cluster Buy Trigger: 3 independent insiders purchased $1,626,712.00 within 14 days",0000019617-22-000003,https://www.sec.gov/edgar/browse/?CIK=0000019617,data/industries/financials/banks_diversified/JPM_insider_trades.csv
V,Visa Inc.,Financials,Credit Services,2022-06-15,CONVICTION_BUY,213.11,2022-09-12,HOLDING_PERIOD_EXIT,205.62,60,-3.51,-351.0,90,"C-Suite Conviction Buy: V_CFO_Conviction (Chief Financial Officer) open-market purchase of $901,550.00",0001403161-22-99999CFO,https://www.sec.gov/edgar/browse/?CIK=0001403161,data/industries/financials/credit_services/V_insider_trades.csv
TSLA,Tesla Inc.,Consumer Discretionary,Automotive,2022-06-15,CONVICTION_BUY,243.63,2022-08-02,STOP_LOSS_EXIT,215.56,32,-11.52,-1152.0,95,"C-Suite Conviction Buy: TSLA_CFO_Conviction (Chief Financial Officer) open-market purchase of $1,123,350.00",0001318605-22-99999CFO,https://www.sec.gov/edgar/browse/?CIK=0001318605,data/industries/consumer_discretionary/automotive/TSLA_insider_trades.csv
MSFT,Microsoft Corporation,Information Technology,Software - Infrastructure,2022-06-17,CONVICTION_BUY,289.51,2022-09-14,HOLDING_PERIOD_EXIT,267.89,60,-7.47,-747.0,90,"C-Suite Conviction Buy: MSFT_CEO_Conviction (Chief Executive Officer) open-market purchase of $715,300.00",0000789019-22-99999CEO,https://www.sec.gov/edgar/browse/?CIK=0000789019,data/industries/information_technology/software_infrastructure/MSFT_insider_trades.csv
MSFT,Microsoft Corporation,Information Technology,Software - Infrastructure,2022-06-17,CLUSTER_BUY,289.51,2022-09-14,HOLDING_PERIOD_EXIT,267.89,60,-7.47,-747.0,85,"Cluster Buy Trigger: 3 independent insiders purchased $2,561,364.00 within 14 days",0000789019-22-99999CEO,https://www.sec.gov/edgar/browse/?CIK=0000789019,data/industries/information_technology/software_infrastructure/MSFT_insider_trades.csv
MSFT,Microsoft Corporation,Information Technology,Software - Infrastructure,2022-06-21,CONVICTION_BUY,290.85,2022-09-15,HOLDING_PERIOD_EXIT,272.0,60,-6.48,-648.0,90,"C-Suite Conviction Buy: MSFT_CEO_Conviction (Chief Executive Officer) open-market purchase of $715,300.00",0000789019-22-99999CEO,https://www.sec.gov/edgar/browse/?CIK=0000789019,data/industries/information_technology/software_infrastructure/MSFT_insider_trades.csv
MSFT,Microsoft Corporation,Information Technology,Software - Infrastructure,2022-06-21,CLUSTER_BUY,290.85,2022-09-15,HOLDING_PERIOD_EXIT,272.0,60,-6.48,-648.0,95,"Cluster Buy Trigger: 4 independent insiders purchased $3,718,611.00 within 14 days",0000789019-22-99999CEO,https://www.sec.gov/edgar/browse/?CIK=0000789019,data/industries/information_technology/software_infrastructure/MSFT_insider_trades.csv
TGT,Target Corporation,Consumer Staples,Discount Stores,2022-06-22,CONVICTION_BUY,189.36,2022-09-16,HOLDING_PERIOD_EXIT,175.64,60,-7.25,-725.0,90,"C-Suite Conviction Buy: Insider_TGT_2022_4 (Chief Financial Officer) open-market purchase of $674,696.00",0000027419-22-000004,https://www.sec.gov/edgar/browse/?CIK=0000027419,data/industries/consumer_staples/discount_stores/TGT_insider_trades.csv
V,Visa Inc.,Financials,Credit Services,2022-06-24,CONVICTION_BUY,215.93,2022-09-20,HOLDING_PERIOD_EXIT,213.8,60,-0.99,-99.0,90,"C-Suite Conviction Buy: V_CFO_Conviction (Chief Financial Officer) open-market purchase of $901,550.00",0001403161-22-99999CFO,https://www.sec.gov/edgar/browse/?CIK=0001403161,data/industries/financials/credit_services/V_insider_trades.csv
ELV,Elevance Health Inc.,Health Care,Health Care Plans,2022-06-27,CONVICTION_BUY,489.07,2022-09-21,HOLDING_PERIOD_EXIT,496.41,60,1.5,150.0,90,"C-Suite Conviction Buy: Insider_ELV_2022_13 (Chief Executive Officer) open-market purchase of $681,928.00",0001156039-22-000013,https://www.sec.gov/edgar/browse/?CIK=0001156039,data/industries/health_care/health_care_plans/ELV_insider_trades.csv
ORCL,Oracle Corporation,Information Technology,Software - Infrastructure,2022-07-07,CONVICTION_BUY,85.93,2022-09-30,HOLDING_PERIOD_EXIT,84.46,60,-1.71,-171.0,95,"C-Suite Conviction Buy: Insider_ORCL_2022_1 (Chief Financial Officer) open-market purchase of $1,546,992.00",0001341439-22-000001,https://www.sec.gov/edgar/browse/?CIK=0001341439,data/industries/information_technology/software_infrastructure/ORCL_insider_trades.csv
GILD,Gilead Sciences Inc.,Health Care,Biotechnology,2022-07-11,CONVICTION_BUY,80.06,2022-10-04,HOLDING_PERIOD_EXIT,81.65,60,1.99,199.0,90,"C-Suite Conviction Buy: Insider_GILD_2022_6 (Chief Financial Officer) open-market purchase of $570,947.00",0000882095-22-000006,https://www.sec.gov/edgar/browse/?CIK=0000882095,data/industries/health_care/biotechnology/GILD_insider_trades.csv
SYK,Stryker Corporation,Health Care,Medical Devices,2022-07-18,HEAVY_SELL_EXIT,255.8,2022-10-11,HOLDING_PERIOD_EXIT,251.96,60,-1.5,-150.0,90,"Heavy Sell Exit: 2 executives sold $2,705,345.00 over 14 days",0000310764-22-000008,https://www.sec.gov/edgar/browse/?CIK=0000310764,data/industries/health_care/medical_devices/SYK_insider_trades.csv
TGT,Target Corporation,Consumer Staples,Discount Stores,2022-07-18,CONVICTION_BUY,185.12,2022-09-29,STOP_LOSS_EXIT,166.36,52,-10.13,-1013.0,95,"C-Suite Conviction Buy: Insider_TGT_2022_1 (Chief Financial Officer) open-market purchase of $1,269,888.00",0000027419-22-000001,https://www.sec.gov/edgar/browse/?CIK=0000027419,data/industries/consumer_staples/discount_stores/TGT_insider_trades.csv
CVX,Chevron Corporation,Energy,Oil & Gas Integrated,2022-07-18,CONVICTION_BUY,148.49,2022-10-11,HOLDING_PERIOD_EXIT,163.43,60,10.06,1006.0,90,"C-Suite Conviction Buy: Insider_CVX_2022_3 (Chief Financial Officer) open-market purchase of $832,784.00",0000093410-22-000003,https://www.sec.gov/edgar/browse/?CIK=0000093410,data/industries/energy/oil_gas_integrated/CVX_insider_trades.csv
MU,Micron Technology Inc.,Information Technology,Semiconductors,2022-07-20,CONVICTION_BUY,70.0,2022-09-06,STOP_LOSS_EXIT,62.49,33,-10.73,-1073.0,95,"C-Suite Conviction Buy: Insider_MU_2022_11 (Chief Financial Officer) open-market purchase of $1,312,150.00",0000072333-22-000011,https://www.sec.gov/edgar/browse/?CIK=0000072333,data/industries/information_technology/semiconductors/MU_insider_trades.csv
AAPL,Apple Inc.,Information Technology,Consumer Electronics,2022-07-25,CONVICTION_BUY,152.59,2022-10-18,HOLDING_PERIOD_EXIT,137.36,60,-9.98,-998.0,95,"C-Suite Conviction Buy: Insider_AAPL_2022_9 (Chief Executive Officer) open-market purchase of $1,455,720.00",0000320193-22-000009,https://www.sec.gov/edgar/browse/?CIK=0000320193,data/industries/information_technology/consumer_electronics/AAPL_insider_trades.csv
AMD,Advanced Micro Devices Inc.,Information Technology,Semiconductors,2022-07-27,CONVICTION_BUY,101.47,2022-08-25,STOP_LOSS_EXIT,90.52,21,-10.79,-1079.0,95,"C-Suite Conviction Buy: Insider_AMD_2022_6 (Chief Financial Officer) open-market purchase of $1,366,432.00",0000002488-22-000006,https://www.sec.gov/edgar/browse/?CIK=0000002488,data/industries/information_technology/semiconductors/AMD_insider_trades.csv
AAPL,Apple Inc.,Information Technology,Consumer Electronics,2022-07-28,CONVICTION_BUY,152.38,2022-10-19,STOP_LOSS_EXIT,136.35,58,-10.52,-1052.0,95,"C-Suite Conviction Buy: Insider_AAPL_2022_9 (Chief Executive Officer) open-market purchase of $1,455,720.00",0000320193-22-000009,https://www.sec.gov/edgar/browse/?CIK=0000320193,data/industries/information_technology/consumer_electronics/AAPL_insider_trades.csv
MU,Micron Technology Inc.,Information Technology,Semiconductors,2022-08-02,CONVICTION_BUY,67.47,2022-09-23,STOP_LOSS_EXIT,60.51,37,-10.32,-1032.0,95,"C-Suite Conviction Buy: Insider_MU_2022_11 (Chief Financial Officer) open-market purchase of $1,312,150.00",0000072333-22-000011,https://www.sec.gov/edgar/browse/?CIK=0000072333,data/industries/information_technology/semiconductors/MU_insider_trades.csv
AVGO,Broadcom Inc.,Information Technology,Semiconductors,2022-08-15,CONVICTION_BUY,60.48,2022-11-08,HOLDING_PERIOD_EXIT,57.05,60,-5.67,-567.0,90,"C-Suite Conviction Buy: Insider_AVGO_2022_1 (Chief Financial Officer) open-market purchase of $518,560.00",0001441634-22-000001,https://www.sec.gov/edgar/browse/?CIK=0001441634,data/industries/information_technology/semiconductors/AVGO_insider_trades.csv
PLD,Prologis Inc.,Real Estate,REIT - Industrial,2022-08-26,CONVICTION_BUY,130.84,2022-11-18,STOP_LOSS_EXIT,117.72,59,-10.03,-1003.0,90,"C-Suite Conviction Buy: Insider_PLD_2022_5 (Chief Financial Officer) open-market purchase of $835,044.00",0001045609-22-000005,https://www.sec.gov/edgar/browse/?CIK=0001045609,data/industries/real_estate/reit_industrial/PLD_insider_trades.csv
CAT,Caterpillar Inc.,Industrials,Industrial Machinery,2022-09-01,CONVICTION_BUY,225.23,2022-11-28,HOLDING_PERIOD_EXIT,235.15,60,4.4,440.0,90,"C-Suite Conviction Buy: Insider_CAT_2022_3 (Chief Financial Officer) open-market purchase of $737,660.00",0000018230-22-000003,https://www.sec.gov/edgar/browse/?CIK=0000018230,data/industries/industrials/industrial_machinery/CAT_insider_trades.csv
FCX,Freeport-McMoRan Inc.,Materials,Copper & Metals,2022-09-06,CONVICTION_BUY,38.4,2022-11-30,HOLDING_PERIOD_EXIT,37.67,60,-1.9,-190.0,95,"C-Suite Conviction Buy: Insider_FCX_2022_5 (Chief Executive Officer) open-market purchase of $1,517,032.00",0000831259-22-000005,https://www.sec.gov/edgar/browse/?CIK=0000831259,data/industries/materials/copper_metals/FCX_insider_trades.csv
EOG,EOG Resources Inc.,Energy,Oil & Gas E&P,2022-09-06,CONVICTION_BUY,118.46,2022-11-30,HOLDING_PERIOD_EXIT,128.01,60,8.06,806.0,95,"C-Suite Conviction Buy: Insider_EOG_2022_8 (Chief Financial Officer) open-market purchase of $1,122,178.00",0000821189-22-000008,https://www.sec.gov/edgar/browse/?CIK=0000821189,data/industries/energy/oil_gas_ep/EOG_insider_trades.csv
FCX,Freeport-McMoRan Inc.,Materials,Copper & Metals,2022-09-15,CONVICTION_BUY,38.66,2022-12-09,HOLDING_PERIOD_EXIT,37.34,60,-3.41,-341.0,95,"C-Suite Conviction Buy: Insider_FCX_2022_5 (Chief Executive Officer) open-market purchase of $1,517,032.00",0000831259-22-000005,https://www.sec.gov/edgar/browse/?CIK=0000831259,data/industries/materials/copper_metals/FCX_insider_trades.csv
EBAY,eBay Inc.,Consumer Discretionary,Internet Retail,2022-10-10,CONVICTION_BUY,47.85,2022-12-05,STOP_LOSS_EXIT,42.42,39,-11.35,-1135.0,95,"C-Suite Conviction Buy: Insider_EBAY_2022_5 (Chief Financial Officer) open-market purchase of $1,091,944.00",0001065088-22-000005,https://www.sec.gov/edgar/browse/?CIK=0001065088,data/industries/consumer_discretionary/internet_retail/EBAY_insider_trades.csv
META,Meta Platforms Inc.,Communication Services,Internet Content & Information,2022-10-24,HEAVY_SELL_EXIT,160.45,2022-11-21,STOP_LOSS_EXIT,141.16,20,-12.02,-1202.0,85,"Heavy Sell Exit: 3 executives sold $2,459,760.00 over 14 days",0001326801-22-000002,https://www.sec.gov/edgar/browse/?CIK=0001326801,data/industries/communication_services/internet_content_information/META_insider_trades.csv
MSFT,Microsoft Corporation,Information Technology,Software - Infrastructure,2022-11-15,CONVICTION_BUY,247.76,2023-02-13,HOLDING_PERIOD_EXIT,261.42,60,5.51,551.0,95,"C-Suite Conviction Buy: Insider_MSFT_2022_8 (Chief Financial Officer) open-market purchase of $1,006,362.00",0000789019-22-000008,https://www.sec.gov/edgar/browse/?CIK=0000789019,data/industries/information_technology/software_infrastructure/MSFT_insider_trades.csv
MSFT,Microsoft Corporation,Information Technology,Software - Infrastructure,2022-11-22,CONVICTION_BUY,254.08,2023-02-21,HOLDING_PERIOD_EXIT,254.76,60,0.27,27.0,95,"C-Suite Conviction Buy: Insider_MSFT_2022_8 (Chief Financial Officer) open-market purchase of $1,006,362.00",0000789019-22-000008,https://www.sec.gov/edgar/browse/?CIK=0000789019,data/industries/information_technology/software_infrastructure/MSFT_insider_trades.csv
GS,The Goldman Sachs Group Inc.,Financials,Capital Markets,2022-11-22,CONVICTION_BUY,351.64,2023-02-21,HOLDING_PERIOD_EXIT,356.95,60,1.51,151.0,90,"C-Suite Conviction Buy: Insider_GS_2022_2 (Chief Executive Officer) open-market purchase of $950,784.00",0000886982-22-000002,https://www.sec.gov/edgar/browse/?CIK=0000886982,data/industries/financials/capital_markets/GS_insider_trades.csv
MSFT,Microsoft Corporation,Information Technology,Software - Infrastructure,2022-11-25,CONVICTION_BUY,246.11,2023-02-23,HOLDING_PERIOD_EXIT,257.6,60,4.67,467.0,95,"C-Suite Conviction Buy: Insider_MSFT_2022_8 (Chief Financial Officer) open-market purchase of $1,006,362.00",0000789019-22-000008,https://www.sec.gov/edgar/browse/?CIK=0000789019,data/industries/information_technology/software_infrastructure/MSFT_insider_trades.csv
MSFT,Microsoft Corporation,Information Technology,Software - Infrastructure,2022-11-25,CLUSTER_BUY,246.11,2023-02-23,HOLDING_PERIOD_EXIT,257.6,60,4.67,467.0,85,"Cluster Buy Trigger: 3 independent insiders purchased $3,155,022.00 within 14 days",0000789019-22-000008,https://www.sec.gov/edgar/browse/?CIK=0000789019,data/industries/information_technology/software_infrastructure/MSFT_insider_trades.csv
AMT,American Tower Corporation,Real Estate,REIT - Telecom Tower,2022-12-01,CONVICTION_BUY,217.92,2023-03-01,HOLDING_PERIOD_EXIT,207.24,60,-4.9,-490.0,90,"C-Suite Conviction Buy: Insider_AMT_2022_5 (Chief Financial Officer) open-market purchase of $566,215.00",0001053507-22-000005,https://www.sec.gov/edgar/browse/?CIK=0001053507,data/industries/real_estate/reit_telecom_tower/AMT_insider_trades.csv
REGN,Regeneron Pharmaceuticals Inc.,Health Care,Biotechnology,2022-12-06,CONVICTION_BUY,721.17,2023-03-06,HOLDING_PERIOD_EXIT,754.46,60,4.62,462.0,90,"C-Suite Conviction Buy: Insider_REGN_2022_5 (Chief Executive Officer) open-market purchase of $526,162.00",0000872589-22-000005,https://www.sec.gov/edgar/browse/?CIK=0000872589,data/industries/health_care/biotechnology/REGN_insider_trades.csv
INTC,Intel Corporation,Information Technology,Semiconductors,2022-12-09,CONVICTION_BUY,27.75,2023-03-09,HOLDING_PERIOD_EXIT,31.22,60,12.5,1250.0,95,"C-Suite Conviction Buy: Insider_INTC_2022_3 (Chief Executive Officer) open-market purchase of $1,214,781.00",0000050863-22-000003,https://www.sec.gov/edgar/browse/?CIK=0000050863,data/industries/information_technology/semiconductors/INTC_insider_trades.csv
INTC,Intel Corporation,Information Technology,Semiconductors,2022-12-12,CONVICTION_BUY,28.34,2023-03-10,HOLDING_PERIOD_EXIT,30.4,60,7.27,727.0,95,"C-Suite Conviction Buy: Insider_INTC_2022_3 (Chief Executive Officer) open-market purchase of $1,214,781.00",0000050863-22-000003,https://www.sec.gov/edgar/browse/?CIK=0000050863,data/industries/information_technology/semiconductors/INTC_insider_trades.csv
SCHW,The Charles Schwab Corporation,Financials,Capital Markets,2022-12-21,HEAVY_SELL_EXIT,83.52,2023-03-21,HOLDING_PERIOD_EXIT,80.08,60,-4.12,-412.0,90,"Heavy Sell Exit: 2 executives sold $2,737,710.00 over 14 days",0000316709-22-000004,https://www.sec.gov/edgar/browse/?CIK=0000316709,data/industries/financials/capital_markets/SCHW_insider_trades.csv
ELV,Elevance Health Inc.,Health Care,Health Care Plans,2022-12-27,CONVICTION_BUY,506.15,2023-03-24,HOLDING_PERIOD_EXIT,501.0,60,-1.02,-102.0,90,"C-Suite Conviction Buy: Insider_ELV_2022_9 (Chief Financial Officer) open-market purchase of $812,943.00",0001156039-22-000009,https://www.sec.gov/edgar/browse/?CIK=0001156039,data/industries/health_care/health_care_plans/ELV_insider_trades.csv
LMT,Lockheed Martin Corporation,Industrials,Aerospace & Defense,2022-12-27,CONVICTION_BUY,477.23,2023-03-24,HOLDING_PERIOD_EXIT,483.04,60,1.22,122.0,90,"C-Suite Conviction Buy: Insider_LMT_2022_5 (Chief Executive Officer) open-market purchase of $544,357.00",0000936468-22-000005,https://www.sec.gov/edgar/browse/?CIK=0000936468,data/industries/industrials/aerospace_defense/LMT_insider_trades.csv
KO,The Coca-Cola Company,Consumer Staples,Beverages - Non-Alcoholic,2022-12-28,CONVICTION_BUY,64.07,2023-03-27,HOLDING_PERIOD_EXIT,62.32,60,-2.73,-273.0,95,"C-Suite Conviction Buy: Insider_KO_2022_1 (Chief Executive Officer) open-market purchase of $1,537,614.00",0000021344-22-000001,https://www.sec.gov/edgar/browse/?CIK=0000021344,data/industries/consumer_staples/beverages_non_alcoholic/KO_insider_trades.csv
V,Visa Inc.,Financials,Credit Services,2022-12-30,CONVICTION_BUY,212.65,2023-03-29,HOLDING_PERIOD_EXIT,224.35,60,5.5,550.0,90,"C-Suite Conviction Buy: Insider_V_2022_8 (Chief Financial Officer) open-market purchase of $637,054.00",0001403161-22-000008,https://www.sec.gov/edgar/browse/?CIK=0001403161,data/industries/financials/credit_services/V_insider_trades.csv
V,Visa Inc.,Financials,Credit Services,2023-01-03,CONVICTION_BUY,207.67,2023-03-30,HOLDING_PERIOD_EXIT,224.14,60,7.93,793.0,90,"C-Suite Conviction Buy: Insider_V_2022_8 (Chief Financial Officer) open-market purchase of $637,054.00",0001403161-22-000008,https://www.sec.gov/edgar/browse/?CIK=0001403161,data/industries/financials/credit_services/V_insider_trades.csv
KO,The Coca-Cola Company,Consumer Staples,Beverages - Non-Alcoholic,2023-01-06,CONVICTION_BUY,64.45,2023-04-04,HOLDING_PERIOD_EXIT,61.43,60,-4.69,-469.0,95,"C-Suite Conviction Buy: Insider_KO_2022_1 (Chief Executive Officer) open-market purchase of $1,537,614.00",0000021344-22-000001,https://www.sec.gov/edgar/browse/?CIK=0000021344,data/industries/consumer_staples/beverages_non_alcoholic/KO_insider_trades.csv
CB,Chubb Limited,Financials,Insurance - Property & Casualty,2023-01-09,HEAVY_SELL_EXIT,225.95,2023-04-05,HOLDING_PERIOD_EXIT,217.6,60,-3.7,-370.0,85,"Heavy Sell Exit: 2 executives sold $2,320,407.00 over 14 days",0001559720-22-000012,https://www.sec.gov/edgar/browse/?CIK=0001559720,data/industries/financials/insurance_property_casualty/CB_insider_trades.csv
KO,The Coca-Cola Company,Consumer Staples,Beverages - Non-Alcoholic,2023-01-10,CONVICTION_BUY,64.5,2023-04-06,HOLDING_PERIOD_EXIT,62.47,60,-3.15,-315.0,95,"C-Suite Conviction Buy: Insider_KO_2022_1 (Chief Executive Officer) open-market purchase of $1,537,614.00",0000021344-22-000001,https://www.sec.gov/edgar/browse/?CIK=0000021344,data/industries/consumer_staples/beverages_non_alcoholic/KO_insider_trades.csv
CL,Colgate-Palmolive Company,Consumer Staples,Household & Personal Products,2023-01-17,CONVICTION_BUY,79.38,2023-04-13,HOLDING_PERIOD_EXIT,78.85,60,-0.67,-67.0,95,"C-Suite Conviction Buy: Insider_CL_2023_1 (Chief Financial Officer) open-market purchase of $1,100,540.00",0000021665-23-000001,https://www.sec.gov/edgar/browse/?CIK=0000021665,data/industries/consumer_staples/household_personal_products/CL_insider_trades.csv
AMGN,Amgen Inc.,Health Care,Biotechnology,2023-01-17,CONVICTION_BUY,258.06,2023-04-13,HOLDING_PERIOD_EXIT,272.11,60,5.44,544.0,95,"C-Suite Conviction Buy: Insider_AMGN_2023_4 (Chief Financial Officer) open-market purchase of $1,638,397.00",0000031462-23-000004,https://www.sec.gov/edgar/browse/?CIK=0000031462,data/industries/health_care/biotechnology/AMGN_insider_trades.csv
CL,Colgate-Palmolive Company,Consumer Staples,Household & Personal Products,2023-01-20,CONVICTION_BUY,78.09,2023-04-18,HOLDING_PERIOD_EXIT,77.36,60,-0.93,-93.0,95,"C-Suite Conviction Buy: Insider_CL_2023_1 (Chief Financial Officer) open-market purchase of $1,100,540.00",0000021665-23-000001,https://www.sec.gov/edgar/browse/?CIK=0000021665,data/industries/consumer_staples/household_personal_products/CL_insider_trades.csv
CL,Colgate-Palmolive Company,Consumer Staples,Household & Personal Products,2023-01-23,CONVICTION_BUY,79.7,2023-04-19,HOLDING_PERIOD_EXIT,80.95,60,1.57,157.0,95,"C-Suite Conviction Buy: Insider_CL_2023_1 (Chief Financial Officer) open-market purchase of $1,100,540.00",0000021665-23-000001,https://www.sec.gov/edgar/browse/?CIK=0000021665,data/industries/consumer_staples/household_personal_products/CL_insider_trades.csv
KO,The Coca-Cola Company,Consumer Staples,Beverages - Non-Alcoholic,2023-02-01,CONVICTION_BUY,64.08,2023-04-28,HOLDING_PERIOD_EXIT,61.8,60,-3.56,-356.0,90,"C-Suite Conviction Buy: Insider_KO_2023_10 (Chief Financial Officer) open-market purchase of $770,364.00",0000021344-23-000010,https://www.sec.gov/edgar/browse/?CIK=0000021344,data/industries/consumer_staples/beverages_non_alcoholic/KO_insider_trades.csv
CB,Chubb Limited,Financials,Insurance - Property & Casualty,2023-02-06,CONVICTION_BUY,218.26,2023-05-03,HOLDING_PERIOD_EXIT,222.49,60,1.94,194.0,95,"C-Suite Conviction Buy: Insider_CB_2023_12 (Chief Executive Officer) open-market purchase of $1,030,584.00",0001559720-23-000012,https://www.sec.gov/edgar/browse/?CIK=0001559720,data/industries/financials/insurance_property_casualty/CB_insider_trades.csv
CB,Chubb Limited,Financials,Insurance - Property & Casualty,2023-02-17,CONVICTION_BUY,223.31,2023-05-16,HOLDING_PERIOD_EXIT,227.67,60,1.95,195.0,95,"C-Suite Conviction Buy: Insider_CB_2023_12 (Chief Executive Officer) open-market purchase of $1,030,584.00",0001559720-23-000012,https://www.sec.gov/edgar/browse/?CIK=0001559720,data/industries/financials/insurance_property_casualty/CB_insider_trades.csv
DIS,The Walt Disney Company,Communication Services,Entertainment,2023-02-27,CONVICTION_BUY,85.48,2023-05-23,HOLDING_PERIOD_EXIT,87.65,60,2.54,254.0,95,"C-Suite Conviction Buy: Insider_DIS_2023_5 (Chief Financial Officer) open-market purchase of $1,192,870.00",0001744489-23-000005,https://www.sec.gov/edgar/browse/?CIK=0001744489,data/industries/communication_services/entertainment/DIS_insider_trades.csv
SHW,The Sherwin-Williams Company,Materials,Specialty Chemicals,2023-03-02,CONVICTION_BUY,247.4,2023-05-26,HOLDING_PERIOD_EXIT,273.66,60,10.61,1061.0,90,"C-Suite Conviction Buy: Insider_SHW_2023_4 (Chief Executive Officer) open-market purchase of $838,464.00",0000089800-23-000004,https://www.sec.gov/edgar/browse/?CIK=0000089800,data/industries/materials/specialty_chemicals/SHW_insider_trades.csv
AMZN,Amazon.com Inc.,Consumer Discretionary,Internet Retail,2023-03-08,CONVICTION_BUY,96.33,2023-06-02,HOLDING_PERIOD_EXIT,109.83,60,14.01,1401.0,90,"C-Suite Conviction Buy: Insider_AMZN_2023_4 (Chief Financial Officer) open-market purchase of $914,088.00",0001018724-23-000004,https://www.sec.gov/edgar/browse/?CIK=0001018724,data/industries/consumer_discretionary/internet_retail/AMZN_insider_trades.csv
SYK,Stryker Corporation,Health Care,Medical Devices,2023-03-31,CONVICTION_BUY,253.95,2023-06-28,HOLDING_PERIOD_EXIT,269.41,60,6.09,609.0,95,"C-Suite Conviction Buy: Insider_SYK_2023_6 (Chief Executive Officer) open-market purchase of $1,606,542.00",0000310764-23-000006,https://www.sec.gov/edgar/browse/?CIK=0000310764,data/industries/health_care/medical_devices/SYK_insider_trades.csv
PFE,Pfizer Inc.,Health Care,Pharmaceuticals,2023-04-03,HEAVY_SELL_EXIT,45.36,2023-06-06,STOP_LOSS_EXIT,40.63,44,-10.43,-1043.0,85,"Heavy Sell Exit: 2 executives sold $2,102,264.00 over 14 days",0000078003-23-000005,https://www.sec.gov/edgar/browse/?CIK=0000078003,data/industries/health_care/pharmaceuticals/PFE_insider_trades.csv
XOM,Exxon Mobil Corporation,Energy,Oil & Gas Integrated,2023-04-03,CONVICTION_BUY,105.65,2023-06-29,HOLDING_PERIOD_EXIT,104.81,60,-0.8,-80.0,95,"C-Suite Conviction Buy: Insider_XOM_2023_8 (Chief Financial Officer) open-market purchase of $1,175,559.00",0000034088-23-000008,https://www.sec.gov/edgar/browse/?CIK=0000034088,data/industries/energy/oil_gas_integrated/XOM_insider_trades.csv
XOM,Exxon Mobil Corporation,Energy,Oil & Gas Integrated,2023-04-11,CONVICTION_BUY,107.46,2023-07-07,HOLDING_PERIOD_EXIT,104.13,60,-3.1,-310.0,95,"C-Suite Conviction Buy: Insider_XOM_2023_8 (Chief Financial Officer) open-market purchase of $1,175,559.00",0000034088-23-000008,https://www.sec.gov/edgar/browse/?CIK=0000034088,data/industries/energy/oil_gas_integrated/XOM_insider_trades.csv
T,AT&T Inc.,Communication Services,Telecom Services,2023-05-03,CLUSTER_BUY,17.71,2023-07-31,HOLDING_PERIOD_EXIT,17.64,60,-0.4,-40.0,85,"Cluster Buy Trigger: 3 independent insiders purchased $2,568,360.00 within 14 days",0000007323-23-000002,https://www.sec.gov/edgar/browse/?CIK=0000007323,data/industries/communication_services/telecom_services/T_insider_trades.csv
PGR,The Progressive Corporation,Financials,Insurance - Property & Casualty,2023-05-08,CONVICTION_BUY,137.49,2023-08-03,HOLDING_PERIOD_EXIT,143.43,60,4.32,432.0,90,"C-Suite Conviction Buy: Insider_PGR_2023_2 (Chief Financial Officer) open-market purchase of $760,794.00",0000080661-23-000002,https://www.sec.gov/edgar/browse/?CIK=0000080661,data/industries/financials/insurance_property_casualty/PGR_insider_trades.csv
WMT,Walmart Inc.,Consumer Staples,Discount Stores,2023-05-11,CONVICTION_BUY,49.23,2023-08-08,HOLDING_PERIOD_EXIT,49.55,60,0.65,65.0,95,"C-Suite Conviction Buy: Insider_WMT_2023_3 (Chief Financial Officer) open-market purchase of $2,017,250.00",0000104169-23-000003,https://www.sec.gov/edgar/browse/?CIK=0000104169,data/industries/consumer_staples/discount_stores/WMT_insider_trades.csv
CSCO,Cisco Systems Inc.,Information Technology,Communication Equipment,2023-05-22,CONVICTION_BUY,49.04,2023-08-17,HOLDING_PERIOD_EXIT,49.86,60,1.67,167.0,95,"C-Suite Conviction Buy: Insider_CSCO_2023_9 (Chief Executive Officer) open-market purchase of $1,068,690.00",0000023217-23-000009,https://www.sec.gov/edgar/browse/?CIK=0000023217,data/industries/information_technology/communication_equipment/CSCO_insider_trades.csv
GE,General Electric Company,Industrials,Aerospace & Defense,2023-06-01,CONVICTION_BUY,101.61,2023-08-28,HOLDING_PERIOD_EXIT,114.58,60,12.76,1276.0,95,"C-Suite Conviction Buy: Insider_GE_2023_8 (Chief Financial Officer) open-market purchase of $1,065,208.00",0000040545-23-000008,https://www.sec.gov/edgar/browse/?CIK=0000040545,data/industries/industrials/aerospace_defense/GE_insider_trades.csv
CSCO,Cisco Systems Inc.,Information Technology,Communication Equipment,2023-06-05,CONVICTION_BUY,47.92,2023-08-30,HOLDING_PERIOD_EXIT,48.34,60,0.88,88.0,95,"C-Suite Conviction Buy: Insider_CSCO_2023_9 (Chief Executive Officer) open-market purchase of $1,068,690.00",0000023217-23-000009,https://www.sec.gov/edgar/browse/?CIK=0000023217,data/industries/information_technology/communication_equipment/CSCO_insider_trades.csv
GE,General Electric Company,Industrials,Aerospace & Defense,2023-06-12,CONVICTION_BUY,101.38,2023-09-07,HOLDING_PERIOD_EXIT,111.21,60,9.7,970.0,95,"C-Suite Conviction Buy: Insider_GE_2023_8 (Chief Financial Officer) open-market purchase of $1,065,208.00",0000040545-23-000008,https://www.sec.gov/edgar/browse/?CIK=0000040545,data/industries/industrials/aerospace_defense/GE_insider_trades.csv
NVDA,NVIDIA Corporation,Information Technology,Semiconductors,2023-06-15,CONVICTION_BUY,30.6,2023-09-12,HOLDING_PERIOD_EXIT,39.1,60,27.78,2778.0,90,"C-Suite Conviction Buy: NVDA_CFO_Conviction (Chief Financial Officer) open-market purchase of $758,100.00",0001045810-23-99999CFO,https://www.sec.gov/edgar/browse/?CIK=0001045810,data/industries/information_technology/semiconductors/NVDA_insider_trades.csv
AMD,Advanced Micro Devices Inc.,Information Technology,Semiconductors,2023-06-15,CONVICTION_BUY,104.06,2023-09-12,HOLDING_PERIOD_EXIT,123.72,60,18.89,1889.0,90,"C-Suite Conviction Buy: AMD_CFO_Conviction (Chief Financial Officer) open-market purchase of $972,650.00",0000002488-23-99999CFO,https://www.sec.gov/edgar/browse/?CIK=0000002488,data/industries/information_technology/semiconductors/AMD_insider_trades.csv
MSFT,Microsoft Corporation,Information Technology,Software - Infrastructure,2023-06-15,CONVICTION_BUY,303.69,2023-09-12,HOLDING_PERIOD_EXIT,335.38,60,10.43,1043.0,90,"C-Suite Conviction Buy: MSFT_CEO_Conviction (Chief Executive Officer) open-market purchase of $660,200.00",0000789019-23-99999CEO,https://www.sec.gov/edgar/browse/?CIK=0000789019,data/industries/information_technology/software_infrastructure/MSFT_insider_trades.csv
MSFT,Microsoft Corporation,Information Technology,Software - Infrastructure,2023-06-15,CLUSTER_BUY,303.69,2023-09-12,HOLDING_PERIOD_EXIT,335.38,60,10.43,1043.0,85,"Cluster Buy Trigger: 3 independent insiders purchased $2,090,382.00 within 14 days",0000789019-23-000011,https://www.sec.gov/edgar/browse/?CIK=0000789019,data/industries/information_technology/software_infrastructure/MSFT_insider_trades.csv
AAPL,Apple Inc.,Information Technology,Consumer Electronics,2023-06-15,CONVICTION_BUY,154.3,2023-09-12,HOLDING_PERIOD_EXIT,171.53,60,11.17,1117.0,90,"C-Suite Conviction Buy: AAPL_CFO_Conviction (Chief Financial Officer) open-market purchase of $874,000.00",0000320193-23-99999CFO,https://www.sec.gov/edgar/browse/?CIK=0000320193,data/industries/information_technology/consumer_electronics/AAPL_insider_trades.csv
AMGN,Amgen Inc.,Health Care,Biotechnology,2023-06-15,CONVICTION_BUY,269.89,2023-09-12,HOLDING_PERIOD_EXIT,280.36,60,3.88,388.0,95,"C-Suite Conviction Buy: AMGN_CFO_Conviction (Chief Financial Officer) open-market purchase of $1,221,000.00",0000031462-23-99999CFO,https://www.sec.gov/edgar/browse/?CIK=0000031462,data/industries/health_care/biotechnology/AMGN_insider_trades.csv
AMGN,Amgen Inc.,Health Care,Biotechnology,2023-06-15,CLUSTER_BUY,269.89,2023-09-12,HOLDING_PERIOD_EXIT,280.36,60,3.88,388.0,85,"Cluster Buy Trigger: 3 independent insiders purchased $2,193,208.00 within 14 days",0000031462-23-000003,https://www.sec.gov/edgar/browse/?CIK=0000031462,data/industries/health_care/biotechnology/AMGN_insider_trades.csv
JPM,JPMorgan Chase & Co.,Financials,Banks - Diversified,2023-06-15,CLUSTER_BUY,147.47,2023-09-12,HOLDING_PERIOD_EXIT,160.38,60,8.75,875.0,85,"Cluster Buy Trigger: 3 independent insiders purchased $1,665,565.00 within 14 days",0000019617-23-000011,https://www.sec.gov/edgar/browse/?CIK=0000019617,data/industries/financials/banks_diversified/JPM_insider_trades.csv
V,Visa Inc.,Financials,Credit Services,2023-06-15,CONVICTION_BUY,233.96,2023-09-12,HOLDING_PERIOD_EXIT,249.1,60,6.47,647.0,90,"C-Suite Conviction Buy: V_CFO_Conviction (Chief Financial Officer) open-market purchase of $554,450.00",0001403161-23-99999CFO,https://www.sec.gov/edgar/browse/?CIK=0001403161,data/industries/financials/credit_services/V_insider_trades.csv
TSLA,Tesla Inc.,Consumer Discretionary,Automotive,2023-06-15,CONVICTION_BUY,179.32,2023-09-12,HOLDING_PERIOD_EXIT,211.11,60,17.73,1773.0,90,"C-Suite Conviction Buy: TSLA_CFO_Conviction (Chief Financial Officer) open-market purchase of $661,950.00",0001318605-23-99999CFO,https://www.sec.gov/edgar/browse/?CIK=0001318605,data/industries/consumer_discretionary/automotive/TSLA_insider_trades.csv
AMZN,Amazon.com Inc.,Consumer Discretionary,Internet Retail,2023-06-15,CONVICTION_BUY,115.0,2023-09-12,HOLDING_PERIOD_EXIT,129.35,60,12.48,1248.0,95,"C-Suite Conviction Buy: Insider_AMZN_2023_9 (Chief Executive Officer) open-market purchase of $1,205,050.00",0001018724-23-000009,https://www.sec.gov/edgar/browse/?CIK=0001018724,data/industries/consumer_discretionary/internet_retail/AMZN_insider_trades.csv
AXP,American Express Company,Financials,Credit Services,2023-06-20,CONVICTION_BUY,168.53,2023-09-14,HOLDING_PERIOD_EXIT,175.59,60,4.19,419.0,90,"C-Suite Conviction Buy: Insider_AXP_2023_6 (Chief Executive Officer) open-market purchase of $698,768.00",0000004962-23-000006,https://www.sec.gov/edgar/browse/?CIK=0000004962,data/industries/financials/credit_services/AXP_insider_trades.csv
NVDA,NVIDIA Corporation,Information Technology,Semiconductors,2023-06-21,CONVICTION_BUY,31.38,2023-09-15,HOLDING_PERIOD_EXIT,39.7,60,26.51,2651.0,90,"C-Suite Conviction Buy: NVDA_CFO_Conviction (Chief Financial Officer) open-market purchase of $758,100.00",0001045810-23-99999CFO,https://www.sec.gov/edgar/browse/?CIK=0001045810,data/industries/information_technology/semiconductors/NVDA_insider_trades.csv
ORCL,Oracle Corporation,Information Technology,Software - Infrastructure,2023-06-23,CONVICTION_BUY,94.62,2023-09-19,HOLDING_PERIOD_EXIT,98.63,60,4.24,424.0,95,"C-Suite Conviction Buy: Insider_ORCL_2023_8 (Chief Financial Officer) open-market purchase of $1,187,160.00",0001341439-23-000008,https://www.sec.gov/edgar/browse/?CIK=0001341439,data/industries/information_technology/software_infrastructure/ORCL_insider_trades.csv
AMD,Advanced Micro Devices Inc.,Information Technology,Semiconductors,2023-06-27,CONVICTION_BUY,104.82,2023-09-21,HOLDING_PERIOD_EXIT,121.76,60,16.16,1616.0,90,"C-Suite Conviction Buy: AMD_CFO_Conviction (Chief Financial Officer) open-market purchase of $972,650.00",0000002488-23-99999CFO,https://www.sec.gov/edgar/browse/?CIK=0000002488,data/industries/information_technology/semiconductors/AMD_insider_trades.csv
ORCL,Oracle Corporation,Information Technology,Software - Infrastructure,2023-07-03,CONVICTION_BUY,91.89,2023-09-27,HOLDING_PERIOD_EXIT,97.46,60,6.06,606.0,95,"C-Suite Conviction Buy: Insider_ORCL_2023_8 (Chief Financial Officer) open-market purchase of $1,187,160.00",0001341439-23-000008,https://www.sec.gov/edgar/browse/?CIK=0001341439,data/industries/information_technology/software_infrastructure/ORCL_insider_trades.csv
VRTX,Vertex Pharmaceuticals Incorporated,Health Care,Biotechnology,2023-07-10,CONVICTION_BUY,355.52,2023-10-03,HOLDING_PERIOD_EXIT,375.58,60,5.64,564.0,95,"C-Suite Conviction Buy: Insider_VRTX_2023_6 (Chief Financial Officer) open-market purchase of $1,112,064.00",0000875320-23-000006,https://www.sec.gov/edgar/browse/?CIK=0000875320,data/industries/health_care/biotechnology/VRTX_insider_trades.csv
LMT,Lockheed Martin Corporation,Industrials,Aerospace & Defense,2023-07-17,CLUSTER_BUY,471.64,2023-10-10,HOLDING_PERIOD_EXIT,457.25,60,-3.05,-305.0,85,"Cluster Buy Trigger: 3 independent insiders purchased $1,750,415.00 within 14 days",0000936468-23-000003,https://www.sec.gov/edgar/browse/?CIK=0000936468,data/industries/industrials/aerospace_defense/LMT_insider_trades.csv
VRTX,Vertex Pharmaceuticals Incorporated,Health Care,Biotechnology,2023-07-17,CONVICTION_BUY,359.23,2023-10-10,HOLDING_PERIOD_EXIT,385.77,60,7.39,739.0,95,"C-Suite Conviction Buy: Insider_VRTX_2023_6 (Chief Financial Officer) open-market purchase of $1,112,064.00",0000875320-23-000006,https://www.sec.gov/edgar/browse/?CIK=0000875320,data/industries/health_care/biotechnology/VRTX_insider_trades.csv
EBAY,eBay Inc.,Consumer Discretionary,Internet Retail,2023-07-18,CONVICTION_BUY,42.61,2023-10-11,HOLDING_PERIOD_EXIT,43.8,60,2.79,279.0,95,"C-Suite Conviction Buy: Insider_EBAY_2023_1 (Chief Financial Officer) open-market purchase of $1,228,512.00",0001065088-23-000001,https://www.sec.gov/edgar/browse/?CIK=0001065088,data/industries/consumer_discretionary/internet_retail/EBAY_insider_trades.csv
TSLA,Tesla Inc.,Consumer Discretionary,Automotive,2023-08-03,CONVICTION_BUY,193.08,2023-10-27,HOLDING_PERIOD_EXIT,222.37,60,15.17,1517.0,95,"C-Suite Conviction Buy: Insider_TSLA_2023_5 (Chief Financial Officer) open-market purchase of $1,245,708.00",0001318605-23-000005,https://www.sec.gov/edgar/browse/?CIK=0001318605,data/industries/consumer_discretionary/automotive/TSLA_insider_trades.csv
WFC,Wells Fargo & Company,Financials,Banks - Diversified,2023-08-10,CONVICTION_BUY,45.04,2023-11-03,HOLDING_PERIOD_EXIT,49.04,60,8.88,888.0,95,"C-Suite Conviction Buy: Insider_WFC_2023_7 (Chief Executive Officer) open-market purchase of $1,334,850.00",0000072971-23-000007,https://www.sec.gov/edgar/browse/?CIK=0000072971,data/industries/financials/banks_diversified/WFC_insider_trades.csv
ORCL,Oracle Corporation,Information Technology,Software - Infrastructure,2023-08-14,CONVICTION_BUY,95.49,2023-11-07,HOLDING_PERIOD_EXIT,101.91,60,6.72,672.0,95,"C-Suite Conviction Buy: Insider_ORCL_2023_12 (Chief Executive Officer) open-market purchase of $1,072,656.00",0001341439-23-000012,https://www.sec.gov/edgar/browse/?CIK=0001341439,data/industries/information_technology/software_infrastructure/ORCL_insider_trades.csv
ADBE,Adobe Inc.,Information Technology,Software - Infrastructure,2023-08-16,CONVICTION_BUY,509.08,2023-11-09,HOLDING_PERIOD_EXIT,548.16,60,7.68,768.0,90,"C-Suite Conviction Buy: Insider_ADBE_2023_5 (Chief Financial Officer) open-market purchase of $906,402.00",0000796343-23-000005,https://www.sec.gov/edgar/browse/?CIK=0000796343,data/industries/information_technology/software_infrastructure/ADBE_insider_trades.csv
AMGN,Amgen Inc.,Health Care,Biotechnology,2023-08-21,CONVICTION_BUY,273.25,2023-11-14,HOLDING_PERIOD_EXIT,280.87,60,2.79,279.0,95,"C-Suite Conviction Buy: Insider_AMGN_2023_7 (Chief Executive Officer) open-market purchase of $1,434,972.00",0000031462-23-000007,https://www.sec.gov/edgar/browse/?CIK=0000031462,data/industries/health_care/biotechnology/AMGN_insider_trades.csv
AMGN,Amgen Inc.,Health Care,Biotechnology,2023-08-22,CONVICTION_BUY,282.02,2023-11-15,HOLDING_PERIOD_EXIT,284.07,60,0.73,73.0,95,"C-Suite Conviction Buy: Insider_AMGN_2023_7 (Chief Executive Officer) open-market purchase of $1,434,972.00",0000031462-23-000007,https://www.sec.gov/edgar/browse/?CIK=0000031462,data/industries/health_care/biotechnology/AMGN_insider_trades.csv
ADBE,Adobe Inc.,Information Technology,Software - Infrastructure,2023-08-23,CONVICTION_BUY,515.69,2023-11-16,HOLDING_PERIOD_EXIT,574.93,60,11.49,1149.0,90,"C-Suite Conviction Buy: Insider_ADBE_2023_5 (Chief Financial Officer) open-market purchase of $906,402.00",0000796343-23-000005,https://www.sec.gov/edgar/browse/?CIK=0000796343,data/industries/information_technology/software_infrastructure/ADBE_insider_trades.csv
AMGN,Amgen Inc.,Health Care,Biotechnology,2023-08-25,CONVICTION_BUY,281.28,2023-11-20,HOLDING_PERIOD_EXIT,283.13,60,0.66,66.0,95,"C-Suite Conviction Buy: Insider_AMGN_2023_7 (Chief Executive Officer) open-market purchase of $1,434,972.00",0000031462-23-000007,https://www.sec.gov/edgar/browse/?CIK=0000031462,data/industries/health_care/biotechnology/AMGN_insider_trades.csv
WMT,Walmart Inc.,Consumer Staples,Discount Stores,2023-08-29,CONVICTION_BUY,51.86,2023-11-22,HOLDING_PERIOD_EXIT,51.44,60,-0.81,-81.0,95,"C-Suite Conviction Buy: Insider_WMT_2023_8 (Chief Executive Officer) open-market purchase of $1,055,374.00",0000104169-23-000008,https://www.sec.gov/edgar/browse/?CIK=0000104169,data/industries/consumer_staples/discount_stores/WMT_insider_trades.csv
TSLA,Tesla Inc.,Consumer Discretionary,Automotive,2023-09-01,CONVICTION_BUY,208.83,2023-11-28,HOLDING_PERIOD_EXIT,231.12,60,10.67,1067.0,90,"C-Suite Conviction Buy: Insider_TSLA_2023_8 (Chief Executive Officer) open-market purchase of $586,228.00",0001318605-23-000008,https://www.sec.gov/edgar/browse/?CIK=0001318605,data/industries/consumer_discretionary/automotive/TSLA_insider_trades.csv
WMT,Walmart Inc.,Consumer Staples,Discount Stores,2023-09-01,CONVICTION_BUY,51.16,2023-11-28,HOLDING_PERIOD_EXIT,51.73,60,1.11,111.0,95,"C-Suite Conviction Buy: Insider_WMT_2023_8 (Chief Executive Officer) open-market purchase of $1,055,374.00",0000104169-23-000008,https://www.sec.gov/edgar/browse/?CIK=0000104169,data/industries/consumer_staples/discount_stores/WMT_insider_trades.csv
ADBE,Adobe Inc.,Information Technology,Software - Infrastructure,2023-09-11,CONVICTION_BUY,507.39,2023-12-05,HOLDING_PERIOD_EXIT,591.68,60,16.61,1661.0,95,"C-Suite Conviction Buy: Insider_ADBE_2023_8 (Chief Financial Officer) open-market purchase of $1,212,944.00",0000796343-23-000008,https://www.sec.gov/edgar/browse/?CIK=0000796343,data/industries/information_technology/software_infrastructure/ADBE_insider_trades.csv
SO,The Southern Company,Utilities,Utilities - Regulated Electric,2023-10-04,HEAVY_SELL_EXIT,70.45,2023-12-29,HOLDING_PERIOD_EXIT,71.51,60,1.5,150.0,85,"Heavy Sell Exit: 2 executives sold $2,003,157.00 over 14 days",0000092122-23-000003,https://www.sec.gov/edgar/browse/?CIK=0000092122,data/industries/utilities/utilities_regulated_electric/SO_insider_trades.csv
SHW,The Sherwin-Williams Company,Materials,Specialty Chemicals,2023-10-13,CONVICTION_BUY,294.56,2024-01-10,HOLDING_PERIOD_EXIT,318.33,60,8.07,807.0,95,"C-Suite Conviction Buy: Insider_SHW_2023_2 (Chief Executive Officer) open-market purchase of $1,389,942.00",0000089800-23-000002,https://www.sec.gov/edgar/browse/?CIK=0000089800,data/industries/materials/specialty_chemicals/SHW_insider_trades.csv
ABT,Abbott Laboratories,Health Care,Medical Devices,2023-11-03,CONVICTION_BUY,107.58,2024-02-01,HOLDING_PERIOD_EXIT,110.43,60,2.65,265.0,95,"C-Suite Conviction Buy: Insider_ABT_2023_4 (Chief Executive Officer) open-market purchase of $1,015,950.00",0000001800-23-000004,https://www.sec.gov/edgar/browse/?CIK=0000001800,data/industries/health_care/medical_devices/ABT_insider_trades.csv
ABT,Abbott Laboratories,Health Care,Medical Devices,2023-11-13,CONVICTION_BUY,111.63,2024-02-09,HOLDING_PERIOD_EXIT,109.08,60,-2.28,-228.0,95,"C-Suite Conviction Buy: Insider_ABT_2023_4 (Chief Executive Officer) open-market purchase of $1,015,950.00",0000001800-23-000004,https://www.sec.gov/edgar/browse/?CIK=0000001800,data/industries/health_care/medical_devices/ABT_insider_trades.csv
ORCL,Oracle Corporation,Information Technology,Software - Infrastructure,2023-11-27,HEAVY_SELL_EXIT,104.58,2024-02-23,HOLDING_PERIOD_EXIT,108.39,60,3.64,364.0,90,"Heavy Sell Exit: 2 executives sold $2,748,672.00 over 14 days",0001341439-23-000009,https://www.sec.gov/edgar/browse/?CIK=0001341439,data/industries/information_technology/software_infrastructure/ORCL_insider_trades.csv
SO,The Southern Company,Utilities,Utilities - Regulated Electric,2023-12-04,HEAVY_SELL_EXIT,71.96,2024-03-01,HOLDING_PERIOD_EXIT,71.63,60,-0.46,-46.0,90,"Heavy Sell Exit: 2 executives sold $2,725,743.00 over 14 days",0000092122-23-000004,https://www.sec.gov/edgar/browse/?CIK=0000092122,data/industries/utilities/utilities_regulated_electric/SO_insider_trades.csv
AMT,American Tower Corporation,Real Estate,REIT - Telecom Tower,2023-12-07,HEAVY_SELL_EXIT,212.89,2024-03-06,HOLDING_PERIOD_EXIT,212.15,60,-0.35,-35.0,85,"Heavy Sell Exit: 3 executives sold $2,244,998.00 over 14 days",0001053507-23-000011,https://www.sec.gov/edgar/browse/?CIK=0001053507,data/industries/real_estate/reit_telecom_tower/AMT_insider_trades.csv
MU,Micron Technology Inc.,Information Technology,Semiconductors,2023-12-08,CONVICTION_BUY,81.3,2024-03-07,HOLDING_PERIOD_EXIT,90.39,60,11.18,1118.0,90,"C-Suite Conviction Buy: Insider_MU_2023_1 (Chief Financial Officer) open-market purchase of $704,613.00",0000072333-23-000001,https://www.sec.gov/edgar/browse/?CIK=0000072333,data/industries/information_technology/semiconductors/MU_insider_trades.csv
NEE,NextEra Energy Inc.,Utilities,Utilities - Regulated Electric,2024-01-08,HEAVY_SELL_EXIT,59.51,2024-04-04,HOLDING_PERIOD_EXIT,65.33,60,9.78,978.0,85,"Heavy Sell Exit: 3 executives sold $2,333,141.00 over 14 days",0000753308-23-000008,https://www.sec.gov/edgar/browse/?CIK=0000753308,data/industries/utilities/utilities_regulated_electric/NEE_insider_trades.csv
EBAY,eBay Inc.,Consumer Discretionary,Internet Retail,2024-02-15,HEAVY_SELL_EXIT,45.87,2024-05-13,HOLDING_PERIOD_EXIT,46.23,60,0.78,78.0,90,"Heavy Sell Exit: 2 executives sold $2,665,806.00 over 14 days",0001065088-24-000005,https://www.sec.gov/edgar/browse/?CIK=0001065088,data/industries/consumer_discretionary/internet_retail/EBAY_insider_trades.csv
TGT,Target Corporation,Consumer Staples,Discount Stores,2024-02-21,HEAVY_SELL_EXIT,146.99,2024-05-16,HOLDING_PERIOD_EXIT,143.18,60,-2.59,-259.0,90,"Heavy Sell Exit: 2 executives sold $2,648,380.00 over 14 days",0000027419-24-000005,https://www.sec.gov/edgar/browse/?CIK=0000027419,data/industries/consumer_staples/discount_stores/TGT_insider_trades.csv
TSLA,Tesla Inc.,Consumer Discretionary,Automotive,2024-02-29,CONVICTION_BUY,246.56,2024-05-24,HOLDING_PERIOD_EXIT,248.76,60,0.89,89.0,95,"C-Suite Conviction Buy: Insider_TSLA_2024_5 (Chief Financial Officer) open-market purchase of $1,010,136.00",0001318605-24-000005,https://www.sec.gov/edgar/browse/?CIK=0001318605,data/industries/consumer_discretionary/automotive/TSLA_insider_trades.csv
TSLA,Tesla Inc.,Consumer Discretionary,Automotive,2024-02-29,CLUSTER_BUY,246.56,2024-05-24,HOLDING_PERIOD_EXIT,248.76,60,0.89,89.0,85,"Cluster Buy Trigger: 3 independent insiders purchased $3,470,938.00 within 14 days",0001318605-24-000003,https://www.sec.gov/edgar/browse/?CIK=0001318605,data/industries/consumer_discretionary/automotive/TSLA_insider_trades.csv
CSCO,Cisco Systems Inc.,Information Technology,Communication Equipment,2024-03-01,HEAVY_SELL_EXIT,49.76,2024-05-28,HOLDING_PERIOD_EXIT,52.36,60,5.23,523.0,85,"Heavy Sell Exit: 2 executives sold $2,084,478.00 over 14 days",0000023217-24-000007,https://www.sec.gov/edgar/browse/?CIK=0000023217,data/industries/information_technology/communication_equipment/CSCO_insider_trades.csv
TSLA,Tesla Inc.,Consumer Discretionary,Automotive,2024-03-11,CONVICTION_BUY,248.45,2024-06-05,HOLDING_PERIOD_EXIT,251.27,60,1.14,114.0,95,"C-Suite Conviction Buy: Insider_TSLA_2024_5 (Chief Financial Officer) open-market purchase of $1,010,136.00",0001318605-24-000005,https://www.sec.gov/edgar/browse/?CIK=0001318605,data/industries/consumer_discretionary/automotive/TSLA_insider_trades.csv
TSLA,Tesla Inc.,Consumer Discretionary,Automotive,2024-03-11,CLUSTER_BUY,248.45,2024-06-05,HOLDING_PERIOD_EXIT,251.27,60,1.14,114.0,85,"Cluster Buy Trigger: 3 independent insiders purchased $3,470,938.00 within 14 days",0001318605-24-000003,https://www.sec.gov/edgar/browse/?CIK=0001318605,data/industries/consumer_discretionary/automotive/TSLA_insider_trades.csv
SNPS,Synopsys Inc.,Information Technology,Software - Infrastructure,2024-03-11,HEAVY_SELL_EXIT,525.81,2024-06-05,HOLDING_PERIOD_EXIT,545.03,60,3.66,366.0,85,"Heavy Sell Exit: 2 executives sold $2,455,710.00 over 14 days",0000883241-24-000013,https://www.sec.gov/edgar/browse/?CIK=0000883241,data/industries/information_technology/software_infrastructure/SNPS_insider_trades.csv
COST,Costco Wholesale Corporation,Consumer Staples,Discount Stores,2024-03-15,HEAVY_SELL_EXIT,705.43,2024-06-11,HOLDING_PERIOD_EXIT,722.48,60,2.42,242.0,90,"Heavy Sell Exit: 3 executives sold $2,866,934.00 over 14 days",0000909832-24-000009,https://www.sec.gov/edgar/browse/?CIK=0000909832,data/industries/consumer_staples/discount_stores/COST_insider_trades.csv
ADBE,Adobe Inc.,Information Technology,Software - Infrastructure,2024-03-19,CONVICTION_BUY,600.78,2024-06-13,HOLDING_PERIOD_EXIT,567.55,60,-5.53,-553.0,90,"C-Suite Conviction Buy: Insider_ADBE_2024_6 (Chief Executive Officer) open-market purchase of $653,380.00",0000796343-24-000006,https://www.sec.gov/edgar/browse/?CIK=0000796343,data/industries/information_technology/software_infrastructure/ADBE_insider_trades.csv
PLD,Prologis Inc.,Real Estate,REIT - Industrial,2024-03-27,HEAVY_SELL_EXIT,132.05,2024-06-24,HOLDING_PERIOD_EXIT,130.58,60,-1.11,-111.0,85,"Heavy Sell Exit: 2 executives sold $2,083,575.00 over 14 days",0001045609-24-000007,https://www.sec.gov/edgar/browse/?CIK=0001045609,data/industries/real_estate/reit_industrial/PLD_insider_trades.csv
F,Ford Motor Company,Consumer Discretionary,Automotive,2024-04-02,CONVICTION_BUY,12.38,2024-06-27,HOLDING_PERIOD_EXIT,12.32,60,-0.48,-48.0,90,"C-Suite Conviction Buy: Insider_F_2024_8 (Chief Executive Officer) open-market purchase of $959,928.00",0000037996-24-000008,https://www.sec.gov/edgar/browse/?CIK=0000037996,data/industries/consumer_discretionary/automotive/F_insider_trades.csv
PG,The Procter & Gamble Company,Consumer Staples,Household & Personal Products,2024-04-15,CONVICTION_BUY,149.49,2024-07-11,HOLDING_PERIOD_EXIT,155.41,60,3.96,396.0,90,"C-Suite Conviction Buy: Insider_PG_2024_5 (Chief Financial Officer) open-market purchase of $849,475.00",0000080424-24-000005,https://www.sec.gov/edgar/browse/?CIK=0000080424,data/industries/consumer_staples/household_personal_products/PG_insider_trades.csv
SCHW,The Charles Schwab Corporation,Financials,Capital Markets,2024-04-18,CONVICTION_BUY,69.94,2024-07-16,HOLDING_PERIOD_EXIT,72.66,60,3.89,389.0,90,"C-Suite Conviction Buy: Insider_SCHW_2024_1 (Chief Financial Officer) open-market purchase of $923,871.00",0000316709-24-000001,https://www.sec.gov/edgar/browse/?CIK=0000316709,data/industries/financials/capital_markets/SCHW_insider_trades.csv
VRTX,Vertex Pharmaceuticals Incorporated,Health Care,Biotechnology,2024-04-22,CONVICTION_BUY,428.76,2024-07-18,HOLDING_PERIOD_EXIT,438.57,60,2.29,229.0,90,"C-Suite Conviction Buy: Insider_VRTX_2024_8 (Chief Executive Officer) open-market purchase of $635,124.00",0000875320-24-000008,https://www.sec.gov/edgar/browse/?CIK=0000875320,data/industries/health_care/biotechnology/VRTX_insider_trades.csv
CMCSA,Comcast Corporation,Communication Services,Entertainment,2024-04-26,CONVICTION_BUY,44.4,2024-07-24,HOLDING_PERIOD_EXIT,44.21,60,-0.43,-43.0,95,"C-Suite Conviction Buy: Insider_CMCSA_2024_11 (Chief Executive Officer) open-market purchase of $1,583,430.00",0001166691-24-000011,https://www.sec.gov/edgar/browse/?CIK=0001166691,data/industries/communication_services/entertainment/CMCSA_insider_trades.csv
SCHW,The Charles Schwab Corporation,Financials,Capital Markets,2024-04-30,CONVICTION_BUY,71.37,2024-07-26,HOLDING_PERIOD_EXIT,69.61,60,-2.47,-247.0,90,"C-Suite Conviction Buy: Insider_SCHW_2024_1 (Chief Financial Officer) open-market purchase of $923,871.00",0000316709-24-000001,https://www.sec.gov/edgar/browse/?CIK=0000316709,data/industries/financials/capital_markets/SCHW_insider_trades.csv
CB,Chubb Limited,Financials,Insurance - Property & Casualty,2024-05-06,HEAVY_SELL_EXIT,237.57,2024-08-01,HOLDING_PERIOD_EXIT,247.03,60,3.98,398.0,85,"Heavy Sell Exit: 2 executives sold $2,023,473.00 over 14 days",0001559720-24-000006,https://www.sec.gov/edgar/browse/?CIK=0001559720,data/industries/financials/insurance_property_casualty/CB_insider_trades.csv
AVGO,Broadcom Inc.,Information Technology,Semiconductors,2024-05-16,CONVICTION_BUY,128.12,2024-08-13,HOLDING_PERIOD_EXIT,139.83,60,9.14,914.0,95,"C-Suite Conviction Buy: Insider_AVGO_2024_2 (Chief Executive Officer) open-market purchase of $1,197,098.00",0001441634-24-000002,https://www.sec.gov/edgar/browse/?CIK=0001441634,data/industries/information_technology/semiconductors/AVGO_insider_trades.csv
AAPL,Apple Inc.,Information Technology,Consumer Electronics,2024-05-28,CONVICTION_BUY,207.51,2024-08-22,HOLDING_PERIOD_EXIT,217.85,60,4.98,498.0,95,"C-Suite Conviction Buy: Insider_AAPL_2024_13 (Chief Executive Officer) open-market purchase of $1,177,512.00",0000320193-24-000013,https://www.sec.gov/edgar/browse/?CIK=0000320193,data/industries/information_technology/consumer_electronics/AAPL_insider_trades.csv
JNJ,Johnson & Johnson,Health Care,Pharmaceuticals,2024-06-04,HEAVY_SELL_EXIT,154.32,2024-08-29,HOLDING_PERIOD_EXIT,158.38,60,2.63,263.0,90,"Heavy Sell Exit: 2 executives sold $2,785,768.00 over 14 days",0000200406-24-000008,https://www.sec.gov/edgar/browse/?CIK=0000200406,data/industries/health_care/pharmaceuticals/JNJ_insider_trades.csv
PEP,PepsiCo Inc.,Consumer Staples,Beverages - Non-Alcoholic,2024-06-04,CONVICTION_BUY,176.44,2024-08-29,HOLDING_PERIOD_EXIT,174.28,60,-1.22,-122.0,90,"C-Suite Conviction Buy: Insider_PEP_2024_3 (Chief Financial Officer) open-market purchase of $561,424.00",0000077476-24-000003,https://www.sec.gov/edgar/browse/?CIK=0000077476,data/industries/consumer_staples/beverages_non_alcoholic/PEP_insider_trades.csv
AAPL,Apple Inc.,Information Technology,Consumer Electronics,2024-06-05,CONVICTION_BUY,206.08,2024-08-30,HOLDING_PERIOD_EXIT,217.63,60,5.6,560.0,95,"C-Suite Conviction Buy: Insider_AAPL_2024_13 (Chief Executive Officer) open-market purchase of $1,177,512.00",0000320193-24-000013,https://www.sec.gov/edgar/browse/?CIK=0000320193,data/industries/information_technology/consumer_electronics/AAPL_insider_trades.csv
BA,The Boeing Company,Industrials,Aerospace & Defense,2024-06-13,CONVICTION_BUY,223.33,2024-09-10,HOLDING_PERIOD_EXIT,209.54,60,-6.17,-617.0,95,"C-Suite Conviction Buy: Insider_BA_2024_8 (Chief Executive Officer) open-market purchase of $1,088,636.00",0000012927-24-000008,https://www.sec.gov/edgar/browse/?CIK=0000012927,data/industries/industrials/aerospace_defense/BA_insider_trades.csv
JNJ,Johnson & Johnson,Health Care,Pharmaceuticals,2024-06-14,HEAVY_SELL_EXIT,155.25,2024-09-11,HOLDING_PERIOD_EXIT,159.98,60,3.05,305.0,90,"Heavy Sell Exit: 2 executives sold $2,785,768.00 over 14 days",0000200406-24-000008,https://www.sec.gov/edgar/browse/?CIK=0000200406,data/industries/health_care/pharmaceuticals/JNJ_insider_trades.csv
NVDA,NVIDIA Corporation,Information Technology,Semiconductors,2024-06-17,CONVICTION_BUY,82.24,2024-09-12,HOLDING_PERIOD_EXIT,102.55,60,24.7,2470.0,90,"C-Suite Conviction Buy: NVDA_CFO_Conviction (Chief Financial Officer) open-market purchase of $812,150.00",0001045810-24-99999CFO,https://www.sec.gov/edgar/browse/?CIK=0001045810,data/industries/information_technology/semiconductors/NVDA_insider_trades.csv
AMD,Advanced Micro Devices Inc.,Information Technology,Semiconductors,2024-06-17,CONVICTION_BUY,158.84,2024-09-12,HOLDING_PERIOD_EXIT,172.45,60,8.57,857.0,95,"C-Suite Conviction Buy: AMD_CFO_Conviction (Chief Financial Officer) open-market purchase of $1,107,050.00",0000002488-24-99999CFO,https://www.sec.gov/edgar/browse/?CIK=0000002488,data/industries/information_technology/semiconductors/AMD_insider_trades.csv
MSFT,Microsoft Corporation,Information Technology,Software - Infrastructure,2024-06-17,CONVICTION_BUY,411.12,2024-09-12,HOLDING_PERIOD_EXIT,411.26,60,0.03,3.0,90,"C-Suite Conviction Buy: MSFT_CFO_Conviction (Chief Financial Officer) open-market purchase of $651,450.00",0000789019-24-99999CFO,https://www.sec.gov/edgar/browse/?CIK=0000789019,data/industries/information_technology/software_infrastructure/MSFT_insider_trades.csv
AAPL,Apple Inc.,Information Technology,Consumer Electronics,2024-06-17,CONVICTION_BUY,211.27,2024-09-12,HOLDING_PERIOD_EXIT,212.72,60,0.69,69.0,95,"C-Suite Conviction Buy: AAPL_CFO_Conviction (Chief Financial Officer) open-market purchase of $1,049,900.00",0000320193-24-99999CFO,https://www.sec.gov/edgar/browse/?CIK=0000320193,data/industries/information_technology/consumer_electronics/AAPL_insider_trades.csv
AAPL,Apple Inc.,Information Technology,Consumer Electronics,2024-06-17,CLUSTER_BUY,211.27,2024-09-12,HOLDING_PERIOD_EXIT,212.72,60,0.69,69.0,85,"Cluster Buy Trigger: 3 independent insiders purchased $1,629,545.00 within 14 days",0000320193-24-000011,https://www.sec.gov/edgar/browse/?CIK=0000320193,data/industries/information_technology/consumer_electronics/AAPL_insider_trades.csv
AMGN,Amgen Inc.,Health Care,Biotechnology,2024-06-17,CONVICTION_BUY,298.43,2024-09-12,HOLDING_PERIOD_EXIT,301.22,60,0.93,93.0,90,"C-Suite Conviction Buy: AMGN_CEO_Conviction (Chief Executive Officer) open-market purchase of $962,550.00",0000031462-24-99999CEO,https://www.sec.gov/edgar/browse/?CIK=0000031462,data/industries/health_care/biotechnology/AMGN_insider_trades.csv
JPM,JPMorgan Chase & Co.,Financials,Banks - Diversified,2024-06-17,CONVICTION_BUY,193.34,2024-09-12,HOLDING_PERIOD_EXIT,197.54,60,2.17,217.0,90,"C-Suite Conviction Buy: JPM_CFO_Conviction (Chief Financial Officer) open-market purchase of $612,400.00",0000019617-24-99999CFO,https://www.sec.gov/edgar/browse/?CIK=0000019617,data/industries/financials/banks_diversified/JPM_insider_trades.csv
V,Visa Inc.,Financials,Credit Services,2024-06-17,CONVICTION_BUY,264.34,2024-09-12,HOLDING_PERIOD_EXIT,267.34,60,1.13,113.0,90,"C-Suite Conviction Buy: V_CEO_Conviction (Chief Executive Officer) open-market purchase of $851,950.00",0001403161-24-99999CEO,https://www.sec.gov/edgar/browse/?CIK=0001403161,data/industries/financials/credit_services/V_insider_trades.csv
TSLA,Tesla Inc.,Consumer Discretionary,Automotive,2024-06-17,CONVICTION_BUY,245.32,2024-09-12,HOLDING_PERIOD_EXIT,249.62,60,1.75,175.0,95,"C-Suite Conviction Buy: TSLA_CEO_Conviction (Chief Executive Officer) open-market purchase of $1,038,100.00",0001318605-24-99999CEO,https://www.sec.gov/edgar/browse/?CIK=0001318605,data/industries/consumer_discretionary/automotive/TSLA_insider_trades.csv
AAPL,Apple Inc.,Information Technology,Consumer Electronics,2024-06-17,CONVICTION_BUY,211.27,2024-09-12,HOLDING_PERIOD_EXIT,212.72,60,0.69,69.0,95,"C-Suite Conviction Buy: AAPL_CFO_Conviction (Chief Financial Officer) open-market purchase of $1,049,900.00",0000320193-24-99999CFO,https://www.sec.gov/edgar/browse/?CIK=0000320193,data/industries/information_technology/consumer_electronics/AAPL_insider_trades.csv
AAPL,Apple Inc.,Information Technology,Consumer Electronics,2024-06-17,CLUSTER_BUY,211.27,2024-09-12,HOLDING_PERIOD_EXIT,212.72,60,0.69,69.0,95,"Cluster Buy Trigger: 4 independent insiders purchased $2,089,038.00 within 14 days",0000320193-24-000011,https://www.sec.gov/edgar/browse/?CIK=0000320193,data/industries/information_technology/consumer_electronics/AAPL_insider_trades.csv
JPM,JPMorgan Chase & Co.,Financials,Banks - Diversified,2024-06-20,CONVICTION_BUY,189.07,2024-09-16,HOLDING_PERIOD_EXIT,202.21,60,6.95,695.0,90,"C-Suite Conviction Buy: JPM_CFO_Conviction (Chief Financial Officer) open-market purchase of $612,400.00",0000019617-24-99999CFO,https://www.sec.gov/edgar/browse/?CIK=0000019617,data/industries/financials/banks_diversified/JPM_insider_trades.csv
JPM,JPMorgan Chase & Co.,Financials,Banks - Diversified,2024-06-20,CLUSTER_BUY,189.07,2024-09-16,HOLDING_PERIOD_EXIT,202.21,60,6.95,695.0,85,"Cluster Buy Trigger: 3 independent insiders purchased $2,292,025.00 within 14 days",0000019617-24-99999CFO,https://www.sec.gov/edgar/browse/?CIK=0000019617,data/industries/financials/banks_diversified/JPM_insider_trades.csv
AAPL,Apple Inc.,Information Technology,Consumer Electronics,2024-06-21,CONVICTION_BUY,205.05,2024-09-17,HOLDING_PERIOD_EXIT,214.6,60,4.66,466.0,95,"C-Suite Conviction Buy: AAPL_CFO_Conviction (Chief Financial Officer) open-market purchase of $1,049,900.00",0000320193-24-99999CFO,https://www.sec.gov/edgar/browse/?CIK=0000320193,data/industries/information_technology/consumer_electronics/AAPL_insider_trades.csv
AAPL,Apple Inc.,Information Technology,Consumer Electronics,2024-06-21,CLUSTER_BUY,205.05,2024-09-17,HOLDING_PERIOD_EXIT,214.6,60,4.66,466.0,95,"Cluster Buy Trigger: 4 independent insiders purchased $2,089,038.00 within 14 days",0000320193-24-000011,https://www.sec.gov/edgar/browse/?CIK=0000320193,data/industries/information_technology/consumer_electronics/AAPL_insider_trades.csv
JPM,JPMorgan Chase & Co.,Financials,Banks - Diversified,2024-06-21,CONVICTION_BUY,189.33,2024-09-17,HOLDING_PERIOD_EXIT,198.89,60,5.05,505.0,90,"C-Suite Conviction Buy: JPM_CFO_Conviction (Chief Financial Officer) open-market purchase of $612,400.00",0000019617-24-99999CFO,https://www.sec.gov/edgar/browse/?CIK=0000019617,data/industries/financials/banks_diversified/JPM_insider_trades.csv
JPM,JPMorgan Chase & Co.,Financials,Banks - Diversified,2024-06-21,CLUSTER_BUY,189.33,2024-09-17,HOLDING_PERIOD_EXIT,198.89,60,5.05,505.0,85,"Cluster Buy Trigger: 3 independent insiders purchased $2,292,025.00 within 14 days",0000019617-24-99999CFO,https://www.sec.gov/edgar/browse/?CIK=0000019617,data/industries/financials/banks_diversified/JPM_insider_trades.csv
ADBE,Adobe Inc.,Information Technology,Software - Infrastructure,2024-06-24,CONVICTION_BUY,582.81,2024-09-18,HOLDING_PERIOD_EXIT,570.43,60,-2.12,-212.0,90,"C-Suite Conviction Buy: Insider_ADBE_2024_2 (Chief Financial Officer) open-market purchase of $628,974.00",0000796343-24-000002,https://www.sec.gov/edgar/browse/?CIK=0000796343,data/industries/information_technology/software_infrastructure/ADBE_insider_trades.csv
PLD,Prologis Inc.,Real Estate,REIT - Industrial,2024-06-24,CONVICTION_BUY,130.58,2024-09-18,HOLDING_PERIOD_EXIT,132.24,60,1.27,127.0,95,"C-Suite Conviction Buy: Insider_PLD_2024_1 (Chief Financial Officer) open-market purchase of $1,319,112.00",0001045609-24-000001,https://www.sec.gov/edgar/browse/?CIK=0001045609,data/industries/real_estate/reit_industrial/PLD_insider_trades.csv
UPS,United Parcel Service Inc.,Industrials,Integrated Freight & Logistics,2024-07-08,HEAVY_SELL_EXIT,151.18,2024-10-01,HOLDING_PERIOD_EXIT,154.25,60,2.03,203.0,85,"Heavy Sell Exit: 2 executives sold $2,421,107.00 over 14 days",0001090727-24-000004,https://www.sec.gov/edgar/browse/?CIK=0001090727,data/industries/industrials/integrated_freight_logistics/UPS_insider_trades.csv
NVDA,NVIDIA Corporation,Information Technology,Semiconductors,2024-08-02,CONVICTION_BUY,93.94,2024-10-28,HOLDING_PERIOD_EXIT,114.44,60,21.82,2182.0,90,"C-Suite Conviction Buy: Insider_NVDA_2024_1 (Chief Financial Officer) open-market purchase of $598,968.00",0001045810-24-000001,https://www.sec.gov/edgar/browse/?CIK=0001045810,data/industries/information_technology/semiconductors/NVDA_insider_trades.csv
FDX,FedEx Corporation,Industrials,Integrated Freight & Logistics,2024-08-05,HEAVY_SELL_EXIT,269.59,2024-10-29,HOLDING_PERIOD_EXIT,273.43,60,1.42,142.0,85,"Heavy Sell Exit: 2 executives sold $2,488,470.00 over 14 days",0000036104-24-000006,https://www.sec.gov/edgar/browse/?CIK=0000036104,data/industries/industrials/integrated_freight_logistics/FDX_insider_trades.csv
MA,Mastercard Incorporated,Financials,Credit Services,2024-08-06,CONVICTION_BUY,447.3,2024-10-30,HOLDING_PERIOD_EXIT,446.38,60,-0.21,-21.0,90,"C-Suite Conviction Buy: Insider_MA_2024_7 (Chief Executive Officer) open-market purchase of $828,990.00",0001141391-24-000007,https://www.sec.gov/edgar/browse/?CIK=0001141391,data/industries/financials/credit_services/MA_insider_trades.csv
GS,The Goldman Sachs Group Inc.,Financials,Capital Markets,2024-08-09,HEAVY_SELL_EXIT,420.77,2024-11-04,HOLDING_PERIOD_EXIT,450.38,60,7.04,704.0,90,"Heavy Sell Exit: 3 executives sold $2,606,650.00 over 14 days",0000886982-24-000010,https://www.sec.gov/edgar/browse/?CIK=0000886982,data/industries/financials/capital_markets/GS_insider_trades.csv
MA,Mastercard Incorporated,Financials,Credit Services,2024-08-12,CONVICTION_BUY,435.56,2024-11-05,HOLDING_PERIOD_EXIT,449.86,60,3.28,328.0,90,"C-Suite Conviction Buy: Insider_MA_2024_7 (Chief Executive Officer) open-market purchase of $828,990.00",0001141391-24-000007,https://www.sec.gov/edgar/browse/?CIK=0001141391,data/industries/financials/credit_services/MA_insider_trades.csv
COST,Costco Wholesale Corporation,Consumer Staples,Discount Stores,2024-09-03,CONVICTION_BUY,790.87,2024-11-26,HOLDING_PERIOD_EXIT,818.91,60,3.55,355.0,90,"C-Suite Conviction Buy: Insider_COST_2024_12 (Chief Executive Officer) open-market purchase of $820,116.00",0000909832-24-000012,https://www.sec.gov/edgar/browse/?CIK=0000909832,data/industries/consumer_staples/discount_stores/COST_insider_trades.csv
KO,The Coca-Cola Company,Consumer Staples,Beverages - Non-Alcoholic,2024-09-16,CONVICTION_BUY,64.63,2024-12-10,HOLDING_PERIOD_EXIT,66.07,60,2.23,223.0,95,"C-Suite Conviction Buy: Insider_KO_2024_10 (Chief Executive Officer) open-market purchase of $1,051,995.00",0000021344-24-000010,https://www.sec.gov/edgar/browse/?CIK=0000021344,data/industries/consumer_staples/beverages_non_alcoholic/KO_insider_trades.csv
QCOM,QUALCOMM Incorporated,Information Technology,Semiconductors,2024-09-26,HEAVY_SELL_EXIT,173.48,2024-12-20,HOLDING_PERIOD_EXIT,186.23,60,7.35,735.0,85,"Heavy Sell Exit: 2 executives sold $2,456,986.00 over 14 days",0000804328-24-000012,https://www.sec.gov/edgar/browse/?CIK=0000804328,data/industries/information_technology/semiconductors/QCOM_insider_trades.csv
MSFT,Microsoft Corporation,Information Technology,Software - Infrastructure,2024-10-08,CONVICTION_BUY,426.73,2025-01-03,HOLDING_PERIOD_EXIT,441.48,60,3.46,346.0,90,"C-Suite Conviction Buy: Insider_MSFT_2024_2 (Chief Financial Officer) open-market purchase of $908,349.00",0000789019-24-000002,https://www.sec.gov/edgar/browse/?CIK=0000789019,data/industries/information_technology/software_infrastructure/MSFT_insider_trades.csv
MSFT,Microsoft Corporation,Information Technology,Software - Infrastructure,2024-10-21,CONVICTION_BUY,419.14,2025-01-16,HOLDING_PERIOD_EXIT,447.81,60,6.84,684.0,90,"C-Suite Conviction Buy: Insider_MSFT_2024_2 (Chief Financial Officer) open-market purchase of $908,349.00",0000789019-24-000002,https://www.sec.gov/edgar/browse/?CIK=0000789019,data/industries/information_technology/software_infrastructure/MSFT_insider_trades.csv
ABT,Abbott Laboratories,Health Care,Medical Devices,2024-11-01,HEAVY_SELL_EXIT,111.73,2025-01-30,HOLDING_PERIOD_EXIT,112.12,60,0.35,35.0,85,"Heavy Sell Exit: 2 executives sold $2,023,054.00 over 14 days",0000001800-24-000001,https://www.sec.gov/edgar/browse/?CIK=0000001800,data/industries/health_care/medical_devices/ABT_insider_trades.csv
ABT,Abbott Laboratories,Health Care,Medical Devices,2024-11-04,HEAVY_SELL_EXIT,115.53,2025-01-31,HOLDING_PERIOD_EXIT,111.68,60,-3.33,-333.0,90,"Heavy Sell Exit: 3 executives sold $2,528,656.00 over 14 days",0000001800-24-000001,https://www.sec.gov/edgar/browse/?CIK=0000001800,data/industries/health_care/medical_devices/ABT_insider_trades.csv
TMUS,T-Mobile US Inc.,Communication Services,Telecom Services,2024-11-04,CONVICTION_BUY,174.1,2025-01-31,HOLDING_PERIOD_EXIT,176.43,60,1.34,134.0,90,"C-Suite Conviction Buy: Insider_TMUS_2024_1 (Chief Executive Officer) open-market purchase of $673,325.00",0001283699-24-000001,https://www.sec.gov/edgar/browse/?CIK=0001283699,data/industries/communication_services/telecom_services/TMUS_insider_trades.csv
INTC,Intel Corporation,Information Technology,Semiconductors,2024-11-12,CONVICTION_BUY,39.71,2025-02-10,HOLDING_PERIOD_EXIT,39.08,60,-1.59,-159.0,90,"C-Suite Conviction Buy: Insider_INTC_2024_3 (Chief Executive Officer) open-market purchase of $700,240.00",0000050863-24-000003,https://www.sec.gov/edgar/browse/?CIK=0000050863,data/industries/information_technology/semiconductors/INTC_insider_trades.csv
PANW,Palo Alto Networks Inc.,Information Technology,Software - Infrastructure,2024-11-18,CONVICTION_BUY,323.73,2025-02-14,HOLDING_PERIOD_EXIT,326.82,60,0.95,95.0,95,"C-Suite Conviction Buy: Insider_PANW_2024_2 (Chief Executive Officer) open-market purchase of $1,152,096.00",0001326801-24-000002,https://www.sec.gov/edgar/browse/?CIK=0001326801,data/industries/information_technology/software_infrastructure/PANW_insider_trades.csv
FDX,FedEx Corporation,Industrials,Integrated Freight & Logistics,2024-11-20,CONVICTION_BUY,287.99,2025-02-19,HOLDING_PERIOD_EXIT,289.77,60,0.62,62.0,90,"C-Suite Conviction Buy: Insider_FDX_2024_10 (Chief Executive Officer) open-market purchase of $764,496.00",0000036104-24-000010,https://www.sec.gov/edgar/browse/?CIK=0000036104,data/industries/industrials/integrated_freight_logistics/FDX_insider_trades.csv
INTC,Intel Corporation,Information Technology,Semiconductors,2024-11-21,CONVICTION_BUY,40.17,2025-02-20,HOLDING_PERIOD_EXIT,39.31,60,-2.14,-214.0,90,"C-Suite Conviction Buy: Insider_INTC_2024_3 (Chief Executive Officer) open-market purchase of $700,240.00",0000050863-24-000003,https://www.sec.gov/edgar/browse/?CIK=0000050863,data/industries/information_technology/semiconductors/INTC_insider_trades.csv
INTC,Intel Corporation,Information Technology,Semiconductors,2024-11-25,CONVICTION_BUY,39.91,2025-02-24,HOLDING_PERIOD_EXIT,38.58,60,-3.33,-333.0,90,"C-Suite Conviction Buy: Insider_INTC_2024_3 (Chief Executive Officer) open-market purchase of $700,240.00",0000050863-24-000003,https://www.sec.gov/edgar/browse/?CIK=0000050863,data/industries/information_technology/semiconductors/INTC_insider_trades.csv
MA,Mastercard Incorporated,Financials,Credit Services,2024-11-25,CONVICTION_BUY,444.59,2025-02-24,HOLDING_PERIOD_EXIT,465.65,60,4.74,474.0,95,"C-Suite Conviction Buy: Insider_MA_2024_10 (Chief Financial Officer) open-market purchase of $1,625,521.00",0001141391-24-000010,https://www.sec.gov/edgar/browse/?CIK=0001141391,data/industries/financials/credit_services/MA_insider_trades.csv
TMUS,T-Mobile US Inc.,Communication Services,Telecom Services,2024-11-27,HEAVY_SELL_EXIT,174.77,2025-02-26,HOLDING_PERIOD_EXIT,177.0,60,1.28,128.0,85,"Heavy Sell Exit: 3 executives sold $2,251,411.00 over 14 days",0001283699-24-000005,https://www.sec.gov/edgar/browse/?CIK=0001283699,data/industries/communication_services/telecom_services/TMUS_insider_trades.csv
F,Ford Motor Company,Consumer Discretionary,Automotive,2024-12-03,CONVICTION_BUY,13.19,2025-03-03,HOLDING_PERIOD_EXIT,12.85,60,-2.58,-258.0,90,"C-Suite Conviction Buy: Insider_F_2024_7 (Chief Financial Officer) open-market purchase of $879,960.00",0000037996-24-000007,https://www.sec.gov/edgar/browse/?CIK=0000037996,data/industries/consumer_discretionary/automotive/F_insider_trades.csv
F,Ford Motor Company,Consumer Discretionary,Automotive,2024-12-04,CONVICTION_BUY,13.1,2025-03-04,HOLDING_PERIOD_EXIT,13.26,60,1.22,122.0,90,"C-Suite Conviction Buy: Insider_F_2024_7 (Chief Financial Officer) open-market purchase of $879,960.00",0000037996-24-000007,https://www.sec.gov/edgar/browse/?CIK=0000037996,data/industries/consumer_discretionary/automotive/F_insider_trades.csv
BA,The Boeing Company,Industrials,Aerospace & Defense,2024-12-05,CONVICTION_BUY,196.4,2025-03-05,HOLDING_PERIOD_EXIT,188.8,60,-3.87,-387.0,95,"C-Suite Conviction Buy: Insider_BA_2024_1 (Chief Financial Officer) open-market purchase of $1,271,322.00",0000012927-24-000001,https://www.sec.gov/edgar/browse/?CIK=0000012927,data/industries/industrials/aerospace_defense/BA_insider_trades.csv
SBUX,Starbucks Corporation,Consumer Discretionary,Restaurants,2024-12-13,HEAVY_SELL_EXIT,90.49,2025-03-13,HOLDING_PERIOD_EXIT,93.19,60,2.98,298.0,85,"Heavy Sell Exit: 2 executives sold $2,383,285.00 over 14 days",0000829224-24-000002,https://www.sec.gov/edgar/browse/?CIK=0000829224,data/industries/consumer_discretionary/restaurants/SBUX_insider_trades.csv
ADBE,Adobe Inc.,Information Technology,Software - Infrastructure,2024-12-16,CONVICTION_BUY,548.38,2025-03-14,HOLDING_PERIOD_EXIT,540.27,60,-1.48,-148.0,90,"C-Suite Conviction Buy: Insider_ADBE_2024_14 (Chief Financial Officer) open-market purchase of $983,630.00",0000796343-24-000014,https://www.sec.gov/edgar/browse/?CIK=0000796343,data/industries/information_technology/software_infrastructure/ADBE_insider_trades.csv
IBM,International Business Machines Corporation,Information Technology,IT Services,2024-12-24,HEAVY_SELL_EXIT,178.99,2025-03-24,HOLDING_PERIOD_EXIT,183.1,60,2.3,230.0,85,"Heavy Sell Exit: 2 executives sold $2,074,879.00 over 14 days",0000051143-24-000008,https://www.sec.gov/edgar/browse/?CIK=0000051143,data/industries/information_technology/it_services/IBM_insider_trades.csv
CRWD,CrowdStrike Holdings Inc.,Information Technology,Software - Infrastructure,2025-01-28,CONVICTION_BUY,346.63,2025-04-24,HOLDING_PERIOD_EXIT,352.68,60,1.75,175.0,90,"C-Suite Conviction Buy: Insider_CRWD_2025_7 (Chief Executive Officer) open-market purchase of $913,750.00",0001535527-25-000007,https://www.sec.gov/edgar/browse/?CIK=0001535527,data/industries/information_technology/software_infrastructure/CRWD_insider_trades.csv
SNPS,Synopsys Inc.,Information Technology,Software - Infrastructure,2025-02-03,CONVICTION_BUY,558.44,2025-04-30,HOLDING_PERIOD_EXIT,572.69,60,2.55,255.0,95,"C-Suite Conviction Buy: Insider_SNPS_2025_3 (Chief Financial Officer) open-market purchase of $1,139,190.00",0000883241-25-000003,https://www.sec.gov/edgar/browse/?CIK=0000883241,data/industries/information_technology/software_infrastructure/SNPS_insider_trades.csv
SNPS,Synopsys Inc.,Information Technology,Software - Infrastructure,2025-02-03,CONVICTION_BUY,558.44,2025-04-30,HOLDING_PERIOD_EXIT,572.69,60,2.55,255.0,95,"C-Suite Conviction Buy: Insider_SNPS_2025_3 (Chief Financial Officer) open-market purchase of $1,139,190.00",0000883241-25-000003,https://www.sec.gov/edgar/browse/?CIK=0000883241,data/industries/information_technology/software_infrastructure/SNPS_insider_trades.csv
DIS,The Walt Disney Company,Communication Services,Entertainment,2025-02-03,HEAVY_SELL_EXIT,107.12,2025-04-30,HOLDING_PERIOD_EXIT,109.04,60,1.79,179.0,85,"Heavy Sell Exit: 2 executives sold $2,236,983.00 over 14 days",0001744489-25-000007,https://www.sec.gov/edgar/browse/?CIK=0001744489,data/industries/communication_services/entertainment/DIS_insider_trades.csv
CRWD,CrowdStrike Holdings Inc.,Information Technology,Software - Infrastructure,2025-02-07,CONVICTION_BUY,342.99,2025-05-06,HOLDING_PERIOD_EXIT,345.5,60,0.73,73.0,90,"C-Suite Conviction Buy: Insider_CRWD_2025_7 (Chief Executive Officer) open-market purchase of $913,750.00",0001535527-25-000007,https://www.sec.gov/edgar/browse/?CIK=0001535527,data/industries/information_technology/software_infrastructure/CRWD_insider_trades.csv
PANW,Palo Alto Networks Inc.,Information Technology,Software - Infrastructure,2025-03-07,CONVICTION_BUY,327.12,2025-06-03,HOLDING_PERIOD_EXIT,333.47,60,1.94,194.0,90,"C-Suite Conviction Buy: Insider_PANW_2025_2 (Chief Executive Officer) open-market purchase of $810,270.00",0001326801-25-000002,https://www.sec.gov/edgar/browse/?CIK=0001326801,data/industries/information_technology/software_infrastructure/PANW_insider_trades.csv
SPG,Simon Property Group Inc.,Real Estate,REIT - Retail,2025-03-10,CONVICTION_BUY,156.33,2025-06-04,HOLDING_PERIOD_EXIT,156.95,60,0.4,40.0,95,"C-Suite Conviction Buy: Insider_SPG_2025_12 (Chief Financial Officer) open-market purchase of $1,252,423.00",0000906345-25-000012,https://www.sec.gov/edgar/browse/?CIK=0000906345,data/industries/real_estate/reit_retail/SPG_insider_trades.csv
SPG,Simon Property Group Inc.,Real Estate,REIT - Retail,2025-03-17,CONVICTION_BUY,156.11,2025-06-11,HOLDING_PERIOD_EXIT,161.98,60,3.76,376.0,95,"C-Suite Conviction Buy: Insider_SPG_2025_12 (Chief Financial Officer) open-market purchase of $1,252,423.00",0000906345-25-000012,https://www.sec.gov/edgar/browse/?CIK=0000906345,data/industries/real_estate/reit_retail/SPG_insider_trades.csv
CAT,Caterpillar Inc.,Industrials,Industrial Machinery,2025-04-02,CONVICTION_BUY,341.76,2025-06-30,HOLDING_PERIOD_EXIT,357.18,60,4.51,451.0,90,"C-Suite Conviction Buy: Insider_CAT_2025_2 (Chief Executive Officer) open-market purchase of $915,027.00",0000018230-25-000002,https://www.sec.gov/edgar/browse/?CIK=0000018230,data/industries/industrials/industrial_machinery/CAT_insider_trades.csv
SYK,Stryker Corporation,Health Care,Medical Devices,2025-04-08,HEAVY_SELL_EXIT,336.86,2025-07-07,HOLDING_PERIOD_EXIT,335.41,60,-0.43,-43.0,90,"Heavy Sell Exit: 3 executives sold $3,478,869.00 over 14 days",0000310764-25-000007,https://www.sec.gov/edgar/browse/?CIK=0000310764,data/industries/health_care/medical_devices/SYK_insider_trades.csv
C,Citigroup Inc.,Financials,Banks - Diversified,2025-04-08,CONVICTION_BUY,59.92,2025-07-07,HOLDING_PERIOD_EXIT,62.39,60,4.12,412.0,95,"C-Suite Conviction Buy: Insider_C_2025_5 (Chief Executive Officer) open-market purchase of $1,087,101.00",0000831001-25-000005,https://www.sec.gov/edgar/browse/?CIK=0000831001,data/industries/financials/banks_diversified/C_insider_trades.csv
ABT,Abbott Laboratories,Health Care,Medical Devices,2025-04-14,CONVICTION_BUY,112.39,2025-07-11,HOLDING_PERIOD_EXIT,113.18,60,0.7,70.0,90,"C-Suite Conviction Buy: Insider_ABT_2025_1 (Chief Executive Officer) open-market purchase of $665,830.00",0000001800-25-000001,https://www.sec.gov/edgar/browse/?CIK=0000001800,data/industries/health_care/medical_devices/ABT_insider_trades.csv
C,Citigroup Inc.,Financials,Banks - Diversified,2025-04-14,CONVICTION_BUY,61.24,2025-07-11,HOLDING_PERIOD_EXIT,62.13,60,1.45,145.0,95,"C-Suite Conviction Buy: Insider_C_2025_5 (Chief Executive Officer) open-market purchase of $1,087,101.00",0000831001-25-000005,https://www.sec.gov/edgar/browse/?CIK=0000831001,data/industries/financials/banks_diversified/C_insider_trades.csv
ABT,Abbott Laboratories,Health Care,Medical Devices,2025-04-15,CONVICTION_BUY,114.98,2025-07-14,HOLDING_PERIOD_EXIT,113.9,60,-0.94,-94.0,90,"C-Suite Conviction Buy: Insider_ABT_2025_1 (Chief Executive Officer) open-market purchase of $665,830.00",0000001800-25-000001,https://www.sec.gov/edgar/browse/?CIK=0000001800,data/industries/health_care/medical_devices/ABT_insider_trades.csv
UPS,United Parcel Service Inc.,Industrials,Integrated Freight & Logistics,2025-04-21,CONVICTION_BUY,155.18,2025-07-17,HOLDING_PERIOD_EXIT,153.57,60,-1.04,-104.0,90,"C-Suite Conviction Buy: Insider_UPS_2025_2 (Chief Executive Officer) open-market purchase of $622,708.00",0001090727-25-000002,https://www.sec.gov/edgar/browse/?CIK=0001090727,data/industries/industrials/integrated_freight_logistics/UPS_insider_trades.csv
LIN,Linde plc,Materials,Specialty Chemicals,2025-05-08,CONVICTION_BUY,455.16,2025-08-05,HOLDING_PERIOD_EXIT,445.93,60,-2.03,-203.0,90,"C-Suite Conviction Buy: Insider_LIN_2025_3 (Chief Executive Officer) open-market purchase of $869,396.00",0001707925-25-000003,https://www.sec.gov/edgar/browse/?CIK=0001707925,data/industries/materials/specialty_chemicals/LIN_insider_trades.csv
DE,Deere & Company,Industrials,Industrial Machinery,2025-05-12,CONVICTION_BUY,413.95,2025-08-07,HOLDING_PERIOD_EXIT,409.07,60,-1.18,-118.0,90,"C-Suite Conviction Buy: Insider_DE_2025_12 (Chief Financial Officer) open-market purchase of $594,752.00",0000315189-25-000012,https://www.sec.gov/edgar/browse/?CIK=0000315189,data/industries/industrials/industrial_machinery/DE_insider_trades.csv
FCX,Freeport-McMoRan Inc.,Materials,Copper & Metals,2025-05-27,CONVICTION_BUY,51.45,2025-08-21,HOLDING_PERIOD_EXIT,52.64,60,2.31,231.0,95,"C-Suite Conviction Buy: Insider_FCX_2025_1 (Chief Executive Officer) open-market purchase of $1,162,376.00",0000831259-25-000001,https://www.sec.gov/edgar/browse/?CIK=0000831259,data/industries/materials/copper_metals/FCX_insider_trades.csv
TXN,Texas Instruments Incorporated,Information Technology,Semiconductors,2025-06-05,CONVICTION_BUY,189.64,2025-09-02,HOLDING_PERIOD_EXIT,191.02,60,0.73,73.0,90,"C-Suite Conviction Buy: Insider_TXN_2025_7 (Chief Executive Officer) open-market purchase of $834,900.00",0000097476-25-000007,https://www.sec.gov/edgar/browse/?CIK=0000097476,data/industries/information_technology/semiconductors/TXN_insider_trades.csv
DUK,Duke Energy Corporation,Utilities,Utilities - Regulated Electric,2025-06-12,CONVICTION_BUY,103.46,2025-09-09,HOLDING_PERIOD_EXIT,108.46,60,4.83,483.0,95,"C-Suite Conviction Buy: Insider_DUK_2025_12 (Chief Executive Officer) open-market purchase of $1,260,176.00",0001326160-25-000012,https://www.sec.gov/edgar/browse/?CIK=0001326160,data/industries/utilities/utilities_regulated_electric/DUK_insider_trades.csv
NVDA,NVIDIA Corporation,Information Technology,Semiconductors,2025-06-16,CONVICTION_BUY,162.71,2025-09-11,HOLDING_PERIOD_EXIT,174.56,60,7.28,728.0,90,"C-Suite Conviction Buy: NVDA_CFO_Conviction (Chief Financial Officer) open-market purchase of $706,450.00",0001045810-25-99999CFO,https://www.sec.gov/edgar/browse/?CIK=0001045810,data/industries/information_technology/semiconductors/NVDA_insider_trades.csv
AMD,Advanced Micro Devices Inc.,Information Technology,Semiconductors,2025-06-16,CONVICTION_BUY,290.92,2025-09-11,HOLDING_PERIOD_EXIT,352.1,60,21.03,2103.0,90,"C-Suite Conviction Buy: AMD_CFO_Conviction (Chief Financial Officer) open-market purchase of $548,800.00",0000002488-25-99999CFO,https://www.sec.gov/edgar/browse/?CIK=0000002488,data/industries/information_technology/semiconductors/AMD_insider_trades.csv
MSFT,Microsoft Corporation,Information Technology,Software - Infrastructure,2025-06-16,CONVICTION_BUY,446.98,2025-09-11,HOLDING_PERIOD_EXIT,458.03,60,2.47,247.0,90,"C-Suite Conviction Buy: MSFT_CFO_Conviction (Chief Financial Officer) open-market purchase of $647,400.00",0000789019-25-99999CFO,https://www.sec.gov/edgar/browse/?CIK=0000789019,data/industries/information_technology/software_infrastructure/MSFT_insider_trades.csv
AAPL,Apple Inc.,Information Technology,Consumer Electronics,2025-06-16,CONVICTION_BUY,255.27,2025-09-11,HOLDING_PERIOD_EXIT,272.11,60,6.6,660.0,95,"C-Suite Conviction Buy: AAPL_CFO_Conviction (Chief Financial Officer) open-market purchase of $1,243,550.00",0000320193-25-99999CFO,https://www.sec.gov/edgar/browse/?CIK=0000320193,data/industries/information_technology/consumer_electronics/AAPL_insider_trades.csv
AMGN,Amgen Inc.,Health Care,Biotechnology,2025-06-16,CONVICTION_BUY,307.05,2025-09-11,HOLDING_PERIOD_EXIT,312.86,60,1.89,189.0,90,"C-Suite Conviction Buy: AMGN_CFO_Conviction (Chief Financial Officer) open-market purchase of $606,350.00",0000031462-25-99999CFO,https://www.sec.gov/edgar/browse/?CIK=0000031462,data/industries/health_care/biotechnology/AMGN_insider_trades.csv
JPM,JPMorgan Chase & Co.,Financials,Banks - Diversified,2025-06-16,CONVICTION_BUY,213.53,2025-09-11,HOLDING_PERIOD_EXIT,219.27,60,2.69,269.0,95,"C-Suite Conviction Buy: JPM_CEO_Conviction (Chief Executive Officer) open-market purchase of $1,092,100.00",0000019617-25-99999CEO,https://www.sec.gov/edgar/browse/?CIK=0000019617,data/industries/financials/banks_diversified/JPM_insider_trades.csv
V,Visa Inc.,Financials,Credit Services,2025-06-16,CONVICTION_BUY,277.02,2025-09-11,HOLDING_PERIOD_EXIT,274.04,60,-1.08,-108.0,90,"C-Suite Conviction Buy: V_CFO_Conviction (Chief Financial Officer) open-market purchase of $540,000.00",0001403161-25-99999CFO,https://www.sec.gov/edgar/browse/?CIK=0001403161,data/industries/financials/credit_services/V_insider_trades.csv
TSLA,Tesla Inc.,Consumer Discretionary,Automotive,2025-06-16,CONVICTION_BUY,252.15,2025-09-11,HOLDING_PERIOD_EXIT,248.32,60,-1.52,-152.0,90,"C-Suite Conviction Buy: TSLA_CFO_Conviction (Chief Financial Officer) open-market purchase of $741,300.00",0001318605-25-99999CFO,https://www.sec.gov/edgar/browse/?CIK=0001318605,data/industries/consumer_discretionary/automotive/TSLA_insider_trades.csv
AMD,Advanced Micro Devices Inc.,Information Technology,Semiconductors,2025-06-20,CONVICTION_BUY,295.01,2025-09-16,HOLDING_PERIOD_EXIT,361.45,60,22.52,2252.0,90,"C-Suite Conviction Buy: AMD_CFO_Conviction (Chief Financial Officer) open-market purchase of $548,800.00",0000002488-25-99999CFO,https://www.sec.gov/edgar/browse/?CIK=0000002488,data/industries/information_technology/semiconductors/AMD_insider_trades.csv
LLY,Eli Lilly and Company,Health Care,Pharmaceuticals,2025-06-23,CONVICTION_BUY,867.37,2025-09-17,HOLDING_PERIOD_EXIT,879.34,60,1.38,138.0,90,"C-Suite Conviction Buy: Insider_LLY_2025_3 (Chief Financial Officer) open-market purchase of $562,628.00",0000059478-25-000003,https://www.sec.gov/edgar/browse/?CIK=0000059478,data/industries/health_care/pharmaceuticals/LLY_insider_trades.csv
MSFT,Microsoft Corporation,Information Technology,Software - Infrastructure,2025-06-30,CONVICTION_BUY,443.65,2025-09-24,HOLDING_PERIOD_EXIT,461.22,60,3.96,396.0,90,"C-Suite Conviction Buy: MSFT_CFO_Conviction (Chief Financial Officer) open-market purchase of $647,400.00",0000789019-25-99999CFO,https://www.sec.gov/edgar/browse/?CIK=0000789019,data/industries/information_technology/software_infrastructure/MSFT_insider_trades.csv
MSFT,Microsoft Corporation,Information Technology,Software - Infrastructure,2025-06-30,CLUSTER_BUY,443.65,2025-09-24,HOLDING_PERIOD_EXIT,461.22,60,3.96,396.0,85,"Cluster Buy Trigger: 3 independent insiders purchased $1,383,790.00 within 14 days",0000789019-25-99999CFO,https://www.sec.gov/edgar/browse/?CIK=0000789019,data/industries/information_technology/software_infrastructure/MSFT_insider_trades.csv
LOW,Lowe's Companies Inc.,Consumer Discretionary,Home Improvement Retail,2025-06-30,CONVICTION_BUY,244.63,2025-09-24,HOLDING_PERIOD_EXIT,236.67,60,-3.25,-325.0,95,"C-Suite Conviction Buy: Insider_LOW_2025_3 (Chief Financial Officer) open-market purchase of $1,264,053.00",0000060667-25-000003,https://www.sec.gov/edgar/browse/?CIK=0000060667,data/industries/consumer_discretionary/home_improvement_retail/LOW_insider_trades.csv
GOOGL,Alphabet Inc.,Communication Services,Internet Content & Information,2025-06-30,CONVICTION_BUY,181.66,2025-09-24,HOLDING_PERIOD_EXIT,185.66,60,2.2,220.0,95,"C-Suite Conviction Buy: Insider_GOOGL_2025_3 (Chief Executive Officer) open-market purchase of $1,542,066.00",0001652044-25-000003,https://www.sec.gov/edgar/browse/?CIK=0001652044,data/industries/communication_services/internet_content_information/GOOGL_insider_trades.csv
INTC,Intel Corporation,Information Technology,Semiconductors,2025-07-08,CONVICTION_BUY,39.31,2025-10-01,HOLDING_PERIOD_EXIT,39.83,60,1.32,132.0,95,"C-Suite Conviction Buy: Insider_INTC_2025_9 (Chief Financial Officer) open-market purchase of $1,062,810.00",0000050863-25-000009,https://www.sec.gov/edgar/browse/?CIK=0000050863,data/industries/information_technology/semiconductors/INTC_insider_trades.csv
LIN,Linde plc,Materials,Specialty Chemicals,2025-07-14,HEAVY_SELL_EXIT,448.07,2025-10-07,HOLDING_PERIOD_EXIT,448.4,60,0.07,7.0,85,"Heavy Sell Exit: 2 executives sold $2,489,256.00 over 14 days",0001707925-25-000007,https://www.sec.gov/edgar/browse/?CIK=0001707925,data/industries/materials/specialty_chemicals/LIN_insider_trades.csv
CL,Colgate-Palmolive Company,Consumer Staples,Household & Personal Products,2025-07-28,CONVICTION_BUY,92.88,2025-10-21,HOLDING_PERIOD_EXIT,89.76,60,-3.36,-336.0,95,"C-Suite Conviction Buy: Insider_CL_2025_1 (Chief Executive Officer) open-market purchase of $1,153,040.00",0000021665-25-000001,https://www.sec.gov/edgar/browse/?CIK=0000021665,data/industries/consumer_staples/household_personal_products/CL_insider_trades.csv
RTX,RTX Corporation,Industrials,Aerospace & Defense,2025-07-28,CONVICTION_BUY,106.65,2025-10-21,HOLDING_PERIOD_EXIT,109.74,60,2.9,290.0,95,"C-Suite Conviction Buy: Insider_RTX_2025_6 (Chief Executive Officer) open-market purchase of $1,025,639.00",0000101829-25-000006,https://www.sec.gov/edgar/browse/?CIK=0000101829,data/industries/industrials/aerospace_defense/RTX_insider_trades.csv
CVX,Chevron Corporation,Energy,Oil & Gas Integrated,2025-07-28,CONVICTION_BUY,160.19,2025-10-21,HOLDING_PERIOD_EXIT,162.04,60,1.15,115.0,90,"C-Suite Conviction Buy: Insider_CVX_2025_8 (Chief Executive Officer) open-market purchase of $529,759.00",0000093410-25-000008,https://www.sec.gov/edgar/browse/?CIK=0000093410,data/industries/energy/oil_gas_integrated/CVX_insider_trades.csv
AAPL,Apple Inc.,Information Technology,Consumer Electronics,2025-08-14,CONVICTION_BUY,270.24,2025-11-07,HOLDING_PERIOD_EXIT,284.55,60,5.3,530.0,90,"C-Suite Conviction Buy: Insider_AAPL_2025_5 (Chief Financial Officer) open-market purchase of $688,982.00",0000320193-25-000005,https://www.sec.gov/edgar/browse/?CIK=0000320193,data/industries/information_technology/consumer_electronics/AAPL_insider_trades.csv
AXP,American Express Company,Financials,Credit Services,2025-08-14,CONVICTION_BUY,239.28,2025-11-07,HOLDING_PERIOD_EXIT,243.1,60,1.6,160.0,95,"C-Suite Conviction Buy: Insider_AXP_2025_4 (Chief Executive Officer) open-market purchase of $1,008,763.00",0000004962-25-000004,https://www.sec.gov/edgar/browse/?CIK=0000004962,data/industries/financials/credit_services/AXP_insider_trades.csv
PLD,Prologis Inc.,Real Estate,REIT - Industrial,2025-08-18,CONVICTION_BUY,128.05,2025-11-11,HOLDING_PERIOD_EXIT,131.39,60,2.61,261.0,95,"C-Suite Conviction Buy: Insider_PLD_2025_6 (Chief Executive Officer) open-market purchase of $1,665,400.00",0001045609-25-000006,https://www.sec.gov/edgar/browse/?CIK=0001045609,data/industries/real_estate/reit_industrial/PLD_insider_trades.csv
ACN,Accenture plc,Information Technology,IT Services,2025-08-18,CONVICTION_BUY,317.61,2025-11-11,HOLDING_PERIOD_EXIT,330.43,60,4.04,404.0,90,"C-Suite Conviction Buy: Insider_ACN_2025_3 (Chief Financial Officer) open-market purchase of $756,726.00",0001467373-25-000003,https://www.sec.gov/edgar/browse/?CIK=0001467373,data/industries/information_technology/it_services/ACN_insider_trades.csv
AXP,American Express Company,Financials,Credit Services,2025-08-18,CONVICTION_BUY,245.93,2025-11-11,HOLDING_PERIOD_EXIT,237.8,60,-3.31,-331.0,95,"C-Suite Conviction Buy: Insider_AXP_2025_4 (Chief Executive Officer) open-market purchase of $1,008,763.00",0000004962-25-000004,https://www.sec.gov/edgar/browse/?CIK=0000004962,data/industries/financials/credit_services/AXP_insider_trades.csv
RTX,RTX Corporation,Industrials,Aerospace & Defense,2025-08-19,CONVICTION_BUY,109.67,2025-11-12,HOLDING_PERIOD_EXIT,108.41,60,-1.15,-115.0,90,"C-Suite Conviction Buy: Insider_RTX_2025_8 (Chief Financial Officer) open-market purchase of $534,825.00",0000101829-25-000008,https://www.sec.gov/edgar/browse/?CIK=0000101829,data/industries/industrials/aerospace_defense/RTX_insider_trades.csv
AAPL,Apple Inc.,Information Technology,Consumer Electronics,2025-08-20,CONVICTION_BUY,264.35,2025-11-13,HOLDING_PERIOD_EXIT,280.68,60,6.18,618.0,90,"C-Suite Conviction Buy: Insider_AAPL_2025_5 (Chief Financial Officer) open-market purchase of $688,982.00",0000320193-25-000005,https://www.sec.gov/edgar/browse/?CIK=0000320193,data/industries/information_technology/consumer_electronics/AAPL_insider_trades.csv
MU,Micron Technology Inc.,Information Technology,Semiconductors,2025-08-25,CONVICTION_BUY,130.07,2025-11-18,HOLDING_PERIOD_EXIT,136.02,60,4.57,457.0,95,"C-Suite Conviction Buy: Insider_MU_2025_9 (Chief Financial Officer) open-market purchase of $1,200,996.00",0000072333-25-000009,https://www.sec.gov/edgar/browse/?CIK=0000072333,data/industries/information_technology/semiconductors/MU_insider_trades.csv
AAPL,Apple Inc.,Information Technology,Consumer Electronics,2025-08-25,CONVICTION_BUY,267.86,2025-11-18,HOLDING_PERIOD_EXIT,287.47,60,7.32,732.0,90,"C-Suite Conviction Buy: Insider_AAPL_2025_5 (Chief Financial Officer) open-market purchase of $688,982.00",0000320193-25-000005,https://www.sec.gov/edgar/browse/?CIK=0000320193,data/industries/information_technology/consumer_electronics/AAPL_insider_trades.csv
AAPL,Apple Inc.,Information Technology,Consumer Electronics,2025-08-25,CLUSTER_BUY,267.86,2025-11-18,HOLDING_PERIOD_EXIT,287.47,60,7.32,732.0,85,"Cluster Buy Trigger: 3 independent insiders purchased $3,089,396.00 within 14 days",0000320193-25-000005,https://www.sec.gov/edgar/browse/?CIK=0000320193,data/industries/information_technology/consumer_electronics/AAPL_insider_trades.csv
DIS,The Walt Disney Company,Communication Services,Entertainment,2025-08-25,CONVICTION_BUY,109.97,2025-11-18,HOLDING_PERIOD_EXIT,109.59,60,-0.35,-35.0,90,"C-Suite Conviction Buy: Insider_DIS_2025_1 (Chief Financial Officer) open-market purchase of $681,800.00",0001744489-25-000001,https://www.sec.gov/edgar/browse/?CIK=0001744489,data/industries/communication_services/entertainment/DIS_insider_trades.csv
GS,The Goldman Sachs Group Inc.,Financials,Capital Markets,2025-08-26,CONVICTION_BUY,473.92,2025-11-19,HOLDING_PERIOD_EXIT,470.21,60,-0.78,-78.0,95,"C-Suite Conviction Buy: Insider_GS_2025_2 (Chief Financial Officer) open-market purchase of $1,505,868.00",0000886982-25-000002,https://www.sec.gov/edgar/browse/?CIK=0000886982,data/industries/financials/capital_markets/GS_insider_trades.csv
PLD,Prologis Inc.,Real Estate,REIT - Industrial,2025-09-02,CONVICTION_BUY,127.95,2025-11-25,HOLDING_PERIOD_EXIT,132.9,60,3.87,387.0,95,"C-Suite Conviction Buy: Insider_PLD_2025_6 (Chief Executive Officer) open-market purchase of $1,665,400.00",0001045609-25-000006,https://www.sec.gov/edgar/browse/?CIK=0001045609,data/industries/real_estate/reit_industrial/PLD_insider_trades.csv
MU,Micron Technology Inc.,Information Technology,Semiconductors,2025-09-02,CONVICTION_BUY,131.06,2025-11-25,HOLDING_PERIOD_EXIT,136.65,60,4.27,427.0,95,"C-Suite Conviction Buy: Insider_MU_2025_9 (Chief Financial Officer) open-market purchase of $1,200,996.00",0000072333-25-000009,https://www.sec.gov/edgar/browse/?CIK=0000072333,data/industries/information_technology/semiconductors/MU_insider_trades.csv
MA,Mastercard Incorporated,Financials,Credit Services,2025-09-03,CONVICTION_BUY,471.61,2025-11-26,HOLDING_PERIOD_EXIT,471.99,60,0.08,8.0,95,"C-Suite Conviction Buy: Insider_MA_2025_11 (Chief Executive Officer) open-market purchase of $1,189,590.00",0001141391-25-000011,https://www.sec.gov/edgar/browse/?CIK=0001141391,data/industries/financials/credit_services/MA_insider_trades.csv
ORCL,Oracle Corporation,Information Technology,Software - Infrastructure,2025-09-04,CONVICTION_BUY,147.63,2025-11-28,HOLDING_PERIOD_EXIT,145.43,60,-1.49,-149.0,90,"C-Suite Conviction Buy: Insider_ORCL_2025_2 (Chief Executive Officer) open-market purchase of $734,666.00",0001341439-25-000002,https://www.sec.gov/edgar/browse/?CIK=0001341439,data/industries/information_technology/software_infrastructure/ORCL_insider_trades.csv
CMCSA,Comcast Corporation,Communication Services,Entertainment,2025-09-10,HEAVY_SELL_EXIT,45.35,2025-12-04,HOLDING_PERIOD_EXIT,44.77,60,-1.28,-128.0,85,"Heavy Sell Exit: 2 executives sold $2,089,553.00 over 14 days",0001166691-25-000001,https://www.sec.gov/edgar/browse/?CIK=0001166691,data/industries/communication_services/entertainment/CMCSA_insider_trades.csv
MA,Mastercard Incorporated,Financials,Credit Services,2025-09-11,CONVICTION_BUY,452.74,2025-12-05,HOLDING_PERIOD_EXIT,457.79,60,1.12,112.0,95,"C-Suite Conviction Buy: Insider_MA_2025_11 (Chief Executive Officer) open-market purchase of $1,189,590.00",0001141391-25-000011,https://www.sec.gov/edgar/browse/?CIK=0001141391,data/industries/financials/credit_services/MA_insider_trades.csv
REGN,Regeneron Pharmaceuticals Inc.,Health Care,Biotechnology,2025-10-02,HEAVY_SELL_EXIT,989.78,2025-12-29,HOLDING_PERIOD_EXIT,1013.74,60,2.42,242.0,85,"Heavy Sell Exit: 2 executives sold $2,159,941.00 over 14 days",0000872589-25-000007,https://www.sec.gov/edgar/browse/?CIK=0000872589,data/industries/health_care/biotechnology/REGN_insider_trades.csv
SLB,Schlumberger Limited,Energy,Oil & Gas Equipment,2025-10-13,HEAVY_SELL_EXIT,50.29,2026-01-08,HOLDING_PERIOD_EXIT,50.84,60,1.09,109.0,85,"Heavy Sell Exit: 3 executives sold $2,056,071.00 over 14 days",0000087347-25-000007,https://www.sec.gov/edgar/browse/?CIK=0000087347,data/industries/energy/oil_gas_equipment/SLB_insider_trades.csv
DIS,The Walt Disney Company,Communication Services,Entertainment,2025-11-28,CONVICTION_BUY,108.77,2026-02-26,HOLDING_PERIOD_EXIT,110.15,60,1.27,127.0,95,"C-Suite Conviction Buy: Insider_DIS_2025_4 (Chief Executive Officer) open-market purchase of $1,156,480.00",0001744489-25-000004,https://www.sec.gov/edgar/browse/?CIK=0001744489,data/industries/communication_services/entertainment/DIS_insider_trades.csv
NEE,NextEra Energy Inc.,Utilities,Utilities - Regulated Electric,2025-11-28,CONVICTION_BUY,76.91,2026-02-26,HOLDING_PERIOD_EXIT,77.93,60,1.33,133.0,95,"C-Suite Conviction Buy: Insider_NEE_2025_8 (Chief Financial Officer) open-market purchase of $1,775,190.00",0000753308-25-000008,https://www.sec.gov/edgar/browse/?CIK=0000753308,data/industries/utilities/utilities_regulated_electric/NEE_insider_trades.csv
UNH,UnitedHealth Group Incorporated,Health Care,Health Care Plans,2025-12-08,CONVICTION_BUY,546.62,2026-03-06,HOLDING_PERIOD_EXIT,532.79,60,-2.53,-253.0,95,"C-Suite Conviction Buy: Insider_UNH_2025_3 (Chief Executive Officer) open-market purchase of $1,069,670.00",0000731766-25-000003,https://www.sec.gov/edgar/browse/?CIK=0000731766,data/industries/health_care/health_care_plans/UNH_insider_trades.csv
C,Citigroup Inc.,Financials,Banks - Diversified,2025-12-08,CONVICTION_BUY,62.3,2026-03-06,HOLDING_PERIOD_EXIT,62.08,60,-0.35,-35.0,90,"C-Suite Conviction Buy: Insider_C_2025_9 (Chief Executive Officer) open-market purchase of $662,853.00",0000831001-25-000009,https://www.sec.gov/edgar/browse/?CIK=0000831001,data/industries/financials/banks_diversified/C_insider_trades.csv
WMT,Walmart Inc.,Consumer Staples,Discount Stores,2025-12-23,CONVICTION_BUY,75.92,2026-03-23,HOLDING_PERIOD_EXIT,74.78,60,-1.5,-150.0,90,"C-Suite Conviction Buy: Insider_WMT_2025_4 (Chief Executive Officer) open-market purchase of $657,134.00",0000104169-25-000004,https://www.sec.gov/edgar/browse/?CIK=0000104169,data/industries/consumer_staples/discount_stores/WMT_insider_trades.csv
XOM,Exxon Mobil Corporation,Energy,Oil & Gas Integrated,2026-01-08,HEAVY_SELL_EXIT,122.76,2026-04-07,HOLDING_PERIOD_EXIT,121.55,60,-0.99,-99.0,90,"Heavy Sell Exit: 3 executives sold $2,921,014.00 over 14 days",0000034088-25-000007,https://www.sec.gov/edgar/browse/?CIK=0000034088,data/industries/energy/oil_gas_integrated/XOM_insider_trades.csv
DIS,The Walt Disney Company,Communication Services,Entertainment,2026-01-09,CONVICTION_BUY,109.57,2026-04-08,HOLDING_PERIOD_EXIT,113.57,60,3.65,365.0,90,"C-Suite Conviction Buy: Insider_DIS_2026_1 (Chief Executive Officer) open-market purchase of $592,416.00",0001744489-26-000001,https://www.sec.gov/edgar/browse/?CIK=0001744489,data/industries/communication_services/entertainment/DIS_insider_trades.csv
ADBE,Adobe Inc.,Information Technology,Software - Infrastructure,2026-01-12,CONVICTION_BUY,573.36,2026-04-09,HOLDING_PERIOD_EXIT,567.99,60,-0.94,-94.0,90,"C-Suite Conviction Buy: Insider_ADBE_2026_11 (Chief Executive Officer) open-market purchase of $506,226.00",0000796343-26-000011,https://www.sec.gov/edgar/browse/?CIK=0000796343,data/industries/information_technology/software_infrastructure/ADBE_insider_trades.csv
AAPL,Apple Inc.,Information Technology,Consumer Electronics,2026-01-21,CONVICTION_BUY,292.11,2026-04-17,HOLDING_PERIOD_EXIT,289.38,60,-0.93,-93.0,95,"C-Suite Conviction Buy: Insider_AAPL_2026_13 (Chief Financial Officer) open-market purchase of $1,230,472.00",0000320193-26-000013,https://www.sec.gov/edgar/browse/?CIK=0000320193,data/industries/information_technology/consumer_electronics/AAPL_insider_trades.csv
AAPL,Apple Inc.,Information Technology,Consumer Electronics,2026-01-26,CONVICTION_BUY,288.64,2026-04-22,HOLDING_PERIOD_EXIT,296.36,60,2.67,267.0,95,"C-Suite Conviction Buy: Insider_AAPL_2026_13 (Chief Financial Officer) open-market purchase of $1,230,472.00",0000320193-26-000013,https://www.sec.gov/edgar/browse/?CIK=0000320193,data/industries/information_technology/consumer_electronics/AAPL_insider_trades.csv
AAPL,Apple Inc.,Information Technology,Consumer Electronics,2026-01-26,HEAVY_SELL_EXIT,288.64,2026-04-22,HOLDING_PERIOD_EXIT,296.36,60,2.67,267.0,90,"Heavy Sell Exit: 2 executives sold $2,586,253.00 over 14 days",0000320193-26-000001,https://www.sec.gov/edgar/browse/?CIK=0000320193,data/industries/information_technology/consumer_electronics/AAPL_insider_trades.csv
PANW,Palo Alto Networks Inc.,Information Technology,Software - Infrastructure,2026-01-27,CONVICTION_BUY,338.35,2026-04-23,HOLDING_PERIOD_EXIT,332.82,60,-1.63,-163.0,95,"C-Suite Conviction Buy: Insider_PANW_2026_7 (Chief Executive Officer) open-market purchase of $1,254,000.00",0001326801-26-000007,https://www.sec.gov/edgar/browse/?CIK=0001326801,data/industries/information_technology/software_infrastructure/PANW_insider_trades.csv
DUK,Duke Energy Corporation,Utilities,Utilities - Regulated Electric,2026-02-03,HEAVY_SELL_EXIT,104.29,2026-04-30,HOLDING_PERIOD_EXIT,106.88,60,2.48,248.0,85,"Heavy Sell Exit: 2 executives sold $2,092,895.00 over 14 days",0001326160-26-000011,https://www.sec.gov/edgar/browse/?CIK=0001326160,data/industries/utilities/utilities_regulated_electric/DUK_insider_trades.csv
VRTX,Vertex Pharmaceuticals Incorporated,Health Care,Biotechnology,2026-02-05,CONVICTION_BUY,484.14,2026-05-04,HOLDING_PERIOD_EXIT,486.57,60,0.5,50.0,95,"C-Suite Conviction Buy: Insider_VRTX_2026_7 (Chief Financial Officer) open-market purchase of $1,285,956.00",0000875320-26-000007,https://www.sec.gov/edgar/browse/?CIK=0000875320,data/industries/health_care/biotechnology/VRTX_insider_trades.csv
DUK,Duke Energy Corporation,Utilities,Utilities - Regulated Electric,2026-02-10,HEAVY_SELL_EXIT,106.7,2026-05-07,HOLDING_PERIOD_EXIT,109.47,60,2.6,260.0,85,"Heavy Sell Exit: 3 executives sold $2,222,111.00 over 14 days",0001326160-26-000011,https://www.sec.gov/edgar/browse/?CIK=0001326160,data/industries/utilities/utilities_regulated_electric/DUK_insider_trades.csv
VRTX,Vertex Pharmaceuticals Incorporated,Health Care,Biotechnology,2026-02-11,CONVICTION_BUY,487.96,2026-05-08,HOLDING_PERIOD_EXIT,474.74,60,-2.71,-271.0,95,"C-Suite Conviction Buy: Insider_VRTX_2026_7 (Chief Financial Officer) open-market purchase of $1,285,956.00",0000875320-26-000007,https://www.sec.gov/edgar/browse/?CIK=0000875320,data/industries/health_care/biotechnology/VRTX_insider_trades.csv
AMGN,Amgen Inc.,Health Care,Biotechnology,2026-02-17,CONVICTION_BUY,319.53,2026-05-13,HOLDING_PERIOD_EXIT,318.95,60,-0.18,-18.0,90,"C-Suite Conviction Buy: Insider_AMGN_2026_5 (Chief Executive Officer) open-market purchase of $527,289.00",0000031462-26-000005,https://www.sec.gov/edgar/browse/?CIK=0000031462,data/industries/health_care/biotechnology/AMGN_insider_trades.csv
SYK,Stryker Corporation,Health Care,Medical Devices,2026-02-17,CONVICTION_BUY,348.43,2026-05-13,HOLDING_PERIOD_EXIT,348.41,60,-0.01,-1.0,90,"C-Suite Conviction Buy: Insider_SYK_2026_1 (Chief Executive Officer) open-market purchase of $729,912.00",0000310764-26-000001,https://www.sec.gov/edgar/browse/?CIK=0000310764,data/industries/health_care/medical_devices/SYK_insider_trades.csv
KO,The Coca-Cola Company,Consumer Staples,Beverages - Non-Alcoholic,2026-02-19,CONVICTION_BUY,65.19,2026-05-15,HOLDING_PERIOD_EXIT,67.84,60,4.07,407.0,95,"C-Suite Conviction Buy: Insider_KO_2026_4 (Chief Executive Officer) open-market purchase of $2,121,050.00",0000021344-26-000004,https://www.sec.gov/edgar/browse/?CIK=0000021344,data/industries/consumer_staples/beverages_non_alcoholic/KO_insider_trades.csv
COP,ConocoPhillips,Energy,Oil & Gas E&P,2026-02-19,CONVICTION_BUY,125.14,2026-05-15,HOLDING_PERIOD_EXIT,125.83,60,0.55,55.0,95,"C-Suite Conviction Buy: Insider_COP_2026_6 (Chief Executive Officer) open-market purchase of $1,736,636.00",0001163165-26-000006,https://www.sec.gov/edgar/browse/?CIK=0001163165,data/industries/energy/oil_gas_ep/COP_insider_trades.csv
IBM,International Business Machines Corporation,Information Technology,IT Services,2026-02-23,HEAVY_SELL_EXIT,189.38,2026-05-19,HOLDING_PERIOD_EXIT,193.31,60,2.08,208.0,90,"Heavy Sell Exit: 3 executives sold $2,633,053.00 over 14 days",0000051143-26-000004,https://www.sec.gov/edgar/browse/?CIK=0000051143,data/industries/information_technology/it_services/IBM_insider_trades.csv
COP,ConocoPhillips,Energy,Oil & Gas E&P,2026-02-23,CONVICTION_BUY,120.34,2026-05-19,HOLDING_PERIOD_EXIT,123.86,60,2.93,293.0,95,"C-Suite Conviction Buy: Insider_COP_2026_6 (Chief Executive Officer) open-market purchase of $1,736,636.00",0001163165-26-000006,https://www.sec.gov/edgar/browse/?CIK=0001163165,data/industries/energy/oil_gas_ep/COP_insider_trades.csv
KO,The Coca-Cola Company,Consumer Staples,Beverages - Non-Alcoholic,2026-02-24,CONVICTION_BUY,68.3,2026-05-20,HOLDING_PERIOD_EXIT,67.89,60,-0.6,-60.0,95,"C-Suite Conviction Buy: Insider_KO_2026_4 (Chief Executive Officer) open-market purchase of $2,121,050.00",0000021344-26-000004,https://www.sec.gov/edgar/browse/?CIK=0000021344,data/industries/consumer_staples/beverages_non_alcoholic/KO_insider_trades.csv
KO,The Coca-Cola Company,Consumer Staples,Beverages - Non-Alcoholic,2026-02-26,CONVICTION_BUY,66.36,2026-05-22,HOLDING_PERIOD_EXIT,67.23,60,1.31,131.0,95,"C-Suite Conviction Buy: Insider_KO_2026_4 (Chief Executive Officer) open-market purchase of $2,121,050.00",0000021344-26-000004,https://www.sec.gov/edgar/browse/?CIK=0000021344,data/industries/consumer_staples/beverages_non_alcoholic/KO_insider_trades.csv
COP,ConocoPhillips,Energy,Oil & Gas E&P,2026-03-02,CONVICTION_BUY,124.92,2026-05-27,HOLDING_PERIOD_EXIT,125.55,60,0.5,50.0,95,"C-Suite Conviction Buy: Insider_COP_2026_6 (Chief Executive Officer) open-market purchase of $1,736,636.00",0001163165-26-000006,https://www.sec.gov/edgar/browse/?CIK=0001163165,data/industries/energy/oil_gas_ep/COP_insider_trades.csv
XOM,Exxon Mobil Corporation,Energy,Oil & Gas Integrated,2026-03-02,HEAVY_SELL_EXIT,120.11,2026-05-27,HOLDING_PERIOD_EXIT,122.68,60,2.14,214.0,85,"Heavy Sell Exit: 2 executives sold $2,063,710.00 over 14 days",0000034088-26-000003,https://www.sec.gov/edgar/browse/?CIK=0000034088,data/industries/energy/oil_gas_integrated/XOM_insider_trades.csv
AVGO,Broadcom Inc.,Information Technology,Semiconductors,2026-03-04,CONVICTION_BUY,392.24,2026-05-29,HOLDING_PERIOD_EXIT,389.42,60,-0.72,-72.0,95,"C-Suite Conviction Buy: Insider_AVGO_2026_2 (Chief Financial Officer) open-market purchase of $1,839,100.00",0001441634-26-000002,https://www.sec.gov/edgar/browse/?CIK=0001441634,data/industries/information_technology/semiconductors/AVGO_insider_trades.csv
LLY,Eli Lilly and Company,Health Care,Pharmaceuticals,2026-03-04,CONVICTION_BUY,881.11,2026-05-29,HOLDING_PERIOD_EXIT,870.23,60,-1.23,-123.0,90,"C-Suite Conviction Buy: Insider_LLY_2026_2 (Chief Financial Officer) open-market purchase of $843,430.00",0000059478-26-000002,https://www.sec.gov/edgar/browse/?CIK=0000059478,data/industries/health_care/pharmaceuticals/LLY_insider_trades.csv
MDT,Medtronic plc,Health Care,Medical Devices,2026-03-09,HEAVY_SELL_EXIT,87.81,2026-06-03,HOLDING_PERIOD_EXIT,92.25,60,5.06,506.0,85,"Heavy Sell Exit: 2 executives sold $2,159,431.00 over 14 days",0000143899-26-000002,https://www.sec.gov/edgar/browse/?CIK=0000143899,data/industries/health_care/medical_devices/MDT_insider_trades.csv
COST,Costco Wholesale Corporation,Consumer Staples,Discount Stores,2026-03-09,HEAVY_SELL_EXIT,845.05,2026-06-03,HOLDING_PERIOD_EXIT,830.5,60,-1.72,-172.0,90,"Heavy Sell Exit: 2 executives sold $2,735,199.00 over 14 days",0000909832-26-000004,https://www.sec.gov/edgar/browse/?CIK=0000909832,data/industries/consumer_staples/discount_stores/COST_insider_trades.csv
LLY,Eli Lilly and Company,Health Care,Pharmaceuticals,2026-03-13,CONVICTION_BUY,900.54,2026-06-09,HOLDING_PERIOD_EXIT,861.31,60,-4.36,-436.0,90,"C-Suite Conviction Buy: Insider_LLY_2026_2 (Chief Financial Officer) open-market purchase of $843,430.00",0000059478-26-000002,https://www.sec.gov/edgar/browse/?CIK=0000059478,data/industries/health_care/pharmaceuticals/LLY_insider_trades.csv
LOW,Lowe's Companies Inc.,Consumer Discretionary,Home Improvement Retail,2026-03-18,HEAVY_SELL_EXIT,238.85,2026-06-12,HOLDING_PERIOD_EXIT,250.64,60,4.94,494.0,85,"Heavy Sell Exit: 2 executives sold $2,292,075.00 over 14 days",0000060667-26-000004,https://www.sec.gov/edgar/browse/?CIK=0000060667,data/industries/consumer_discretionary/home_improvement_retail/LOW_insider_trades.csv
MDT,Medtronic plc,Health Care,Medical Devices,2026-03-19,HEAVY_SELL_EXIT,89.76,2026-06-15,HOLDING_PERIOD_EXIT,90.27,60,0.57,57.0,85,"Heavy Sell Exit: 2 executives sold $2,159,431.00 over 14 days",0000143899-26-000002,https://www.sec.gov/edgar/browse/?CIK=0000143899,data/industries/health_care/medical_devices/MDT_insider_trades.csv
BA,The Boeing Company,Industrials,Aerospace & Defense,2026-03-19,CONVICTION_BUY,193.78,2026-06-15,HOLDING_PERIOD_EXIT,192.66,60,-0.58,-58.0,90,"C-Suite Conviction Buy: Insider_BA_2026_5 (Chief Executive Officer) open-market purchase of $518,752.00",0000012927-26-000005,https://www.sec.gov/edgar/browse/?CIK=0000012927,data/industries/industrials/aerospace_defense/BA_insider_trades.csv
BA,The Boeing Company,Industrials,Aerospace & Defense,2026-03-20,CONVICTION_BUY,197.54,2026-06-16,HOLDING_PERIOD_EXIT,197.01,60,-0.27,-27.0,90,"C-Suite Conviction Buy: Insider_BA_2026_5 (Chief Executive Officer) open-market purchase of $518,752.00",0000012927-26-000005,https://www.sec.gov/edgar/browse/?CIK=0000012927,data/industries/industrials/aerospace_defense/BA_insider_trades.csv
RTX,RTX Corporation,Industrials,Aerospace & Defense,2026-04-02,CONVICTION_BUY,108.96,2026-06-30,HOLDING_PERIOD_EXIT,109.47,60,0.47,47.0,90,"C-Suite Conviction Buy: Insider_RTX_2026_1 (Chief Executive Officer) open-market purchase of $822,932.00",0000101829-26-000001,https://www.sec.gov/edgar/browse/?CIK=0000101829,data/industries/industrials/aerospace_defense/RTX_insider_trades.csv
RTX,RTX Corporation,Industrials,Aerospace & Defense,2026-04-13,CONVICTION_BUY,108.09,2026-07-09,HOLDING_PERIOD_EXIT,111.22,60,2.9,290.0,90,"C-Suite Conviction Buy: Insider_RTX_2026_1 (Chief Executive Officer) open-market purchase of $822,932.00",0000101829-26-000001,https://www.sec.gov/edgar/browse/?CIK=0000101829,data/industries/industrials/aerospace_defense/RTX_insider_trades.csv
GM,General Motors Company,Consumer Discretionary,Automotive,2026-04-21,CONVICTION_BUY,51.03,2026-07-17,HOLDING_PERIOD_EXIT,53.39,60,4.62,462.0,95,"C-Suite Conviction Buy: Insider_GM_2026_8 (Chief Financial Officer) open-market purchase of $1,244,502.00",0001467858-26-000008,https://www.sec.gov/edgar/browse/?CIK=0001467858,data/industries/consumer_discretionary/automotive/GM_insider_trades.csv
GM,General Motors Company,Consumer Discretionary,Automotive,2026-04-27,CONVICTION_BUY,53.06,2026-07-23,HOLDING_PERIOD_EXIT,53.4,60,0.64,64.0,95,"C-Suite Conviction Buy: Insider_GM_2026_8 (Chief Financial Officer) open-market purchase of $1,244,502.00",0001467858-26-000008,https://www.sec.gov/edgar/browse/?CIK=0001467858,data/industries/consumer_discretionary/automotive/GM_insider_trades.csv
MRNA,Moderna Inc.,Health Care,Biotechnology,2026-04-27,CONVICTION_BUY,129.34,2026-07-23,HOLDING_PERIOD_EXIT,130.25,60,0.7,70.0,90,"C-Suite Conviction Buy: Insider_MRNA_2026_7 (Chief Financial Officer) open-market purchase of $510,324.00",0001682852-26-000007,https://www.sec.gov/edgar/browse/?CIK=0001682852,data/industries/health_care/biotechnology/MRNA_insider_trades.csv
CL,Colgate-Palmolive Company,Consumer Staples,Household & Personal Products,2026-04-27,CONVICTION_BUY,91.8,2026-07-23,HOLDING_PERIOD_EXIT,92.03,60,0.25,25.0,90,"C-Suite Conviction Buy: Insider_CL_2026_4 (Chief Financial Officer) open-market purchase of $801,346.00",0000021665-26-000004,https://www.sec.gov/edgar/browse/?CIK=0000021665,data/industries/consumer_staples/household_personal_products/CL_insider_trades.csv
MSFT,Microsoft Corporation,Information Technology,Software - Infrastructure,2026-04-28,CONVICTION_BUY,464.71,2026-07-24,HOLDING_PERIOD_EXIT,484.12,60,4.18,418.0,90,"C-Suite Conviction Buy: Insider_MSFT_2026_6 (Chief Financial Officer) open-market purchase of $605,649.00",0000789019-26-000006,https://www.sec.gov/edgar/browse/?CIK=0000789019,data/industries/information_technology/software_infrastructure/MSFT_insider_trades.csv
AAPL,Apple Inc.,Information Technology,Consumer Electronics,2026-04-30,CONVICTION_BUY,291.03,2026-07-28,HOLDING_PERIOD_EXIT,307.16,60,5.54,554.0,90,"C-Suite Conviction Buy: Insider_AAPL_2026_2 (Chief Financial Officer) open-market purchase of $748,940.00",0000320193-26-000002,https://www.sec.gov/edgar/browse/?CIK=0000320193,data/industries/information_technology/consumer_electronics/AAPL_insider_trades.csv
AMT,American Tower Corporation,Real Estate,REIT - Telecom Tower,2026-05-04,CONVICTION_BUY,214.37,2026-07-30,HOLDING_PERIOD_EXIT,209.47,60,-2.29,-229.0,95,"C-Suite Conviction Buy: Insider_AMT_2026_2 (Chief Executive Officer) open-market purchase of $1,151,430.00",0001053507-26-000002,https://www.sec.gov/edgar/browse/?CIK=0001053507,data/industries/real_estate/reit_telecom_tower/AMT_insider_trades.csv
FDX,FedEx Corporation,Industrials,Integrated Freight & Logistics,2026-05-04,HEAVY_SELL_EXIT,299.34,2026-07-30,HOLDING_PERIOD_EXIT,300.29,60,0.32,32.0,90,"Heavy Sell Exit: 2 executives sold $2,664,149.00 over 14 days",0000036104-26-000001,https://www.sec.gov/edgar/browse/?CIK=0000036104,data/industries/industrials/integrated_freight_logistics/FDX_insider_trades.csv
MSFT,Microsoft Corporation,Information Technology,Software - Infrastructure,2026-05-04,CONVICTION_BUY,485.78,2026-07-30,HOLDING_PERIOD_EXIT,479.09,60,-1.38,-138.0,90,"C-Suite Conviction Buy: Insider_MSFT_2026_6 (Chief Financial Officer) open-market purchase of $605,649.00",0000789019-26-000006,https://www.sec.gov/edgar/browse/?CIK=0000789019,data/industries/information_technology/software_infrastructure/MSFT_insider_trades.csv
MSFT,Microsoft Corporation,Information Technology,Software - Infrastructure,2026-05-06,CONVICTION_BUY,487.59,2026-08-03,HOLDING_PERIOD_EXIT,468.47,60,-3.92,-392.0,90,"C-Suite Conviction Buy: Insider_MSFT_2026_6 (Chief Financial Officer) open-market purchase of $605,649.00",0000789019-26-000006,https://www.sec.gov/edgar/browse/?CIK=0000789019,data/industries/information_technology/software_infrastructure/MSFT_insider_trades.csv
GS,The Goldman Sachs Group Inc.,Financials,Capital Markets,2026-05-06,HEAVY_SELL_EXIT,484.22,2026-08-03,HOLDING_PERIOD_EXIT,478.62,60,-1.16,-116.0,85,"Heavy Sell Exit: 2 executives sold $2,496,790.00 over 14 days",0000886982-26-000003,https://www.sec.gov/edgar/browse/?CIK=0000886982,data/industries/financials/capital_markets/GS_insider_trades.csv
MRNA,Moderna Inc.,Health Care,Biotechnology,2026-05-08,CONVICTION_BUY,128.9,2026-08-05,HOLDING_PERIOD_EXIT,134.45,60,4.31,431.0,90,"C-Suite Conviction Buy: Insider_MRNA_2026_7 (Chief Financial Officer) open-market purchase of $510,324.00",0001682852-26-000007,https://www.sec.gov/edgar/browse/?CIK=0001682852,data/industries/health_care/biotechnology/MRNA_insider_trades.csv
PFE,Pfizer Inc.,Health Care,Pharmaceuticals,2026-05-12,CONVICTION_BUY,34.7,2026-08-07,HOLDING_PERIOD_EXIT,35.13,60,1.24,124.0,95,"C-Suite Conviction Buy: Insider_PFE_2026_3 (Chief Executive Officer) open-market purchase of $1,482,507.00",0000078003-26-000003,https://www.sec.gov/edgar/browse/?CIK=0000078003,data/industries/health_care/pharmaceuticals/PFE_insider_trades.csv
GILD,Gilead Sciences Inc.,Health Care,Biotechnology,2026-05-12,CONVICTION_BUY,80.18,2026-08-07,HOLDING_PERIOD_EXIT,81.84,60,2.07,207.0,90,"C-Suite Conviction Buy: Insider_GILD_2026_1 (Chief Executive Officer) open-market purchase of $820,150.00",0000882095-26-000001,https://www.sec.gov/edgar/browse/?CIK=0000882095,data/industries/health_care/biotechnology/GILD_insider_trades.csv
AAPL,Apple Inc.,Information Technology,Consumer Electronics,2026-05-13,CONVICTION_BUY,295.6,2026-08-10,HOLDING_PERIOD_EXIT,304.56,60,3.03,303.0,90,"C-Suite Conviction Buy: Insider_AAPL_2026_2 (Chief Financial Officer) open-market purchase of $748,940.00",0000320193-26-000002,https://www.sec.gov/edgar/browse/?CIK=0000320193,data/industries/information_technology/consumer_electronics/AAPL_insider_trades.csv
F,Ford Motor Company,Consumer Discretionary,Automotive,2026-05-19,HEAVY_SELL_EXIT,13.65,2026-08-14,HOLDING_PERIOD_EXIT,13.85,60,1.47,147.0,85,"Heavy Sell Exit: 3 executives sold $2,453,594.00 over 14 days",0000037996-26-000003,https://www.sec.gov/edgar/browse/?CIK=0000037996,data/industries/consumer_discretionary/automotive/F_insider_trades.csv
LIN,Linde plc,Materials,Specialty Chemicals,2026-05-19,HEAVY_SELL_EXIT,455.94,2026-08-14,HOLDING_PERIOD_EXIT,453.74,60,-0.48,-48.0,90,"Heavy Sell Exit: 2 executives sold $3,749,900.00 over 14 days",0001707925-26-000005,https://www.sec.gov/edgar/browse/?CIK=0001707925,data/industries/materials/specialty_chemicals/LIN_insider_trades.csv
PFE,Pfizer Inc.,Health Care,Pharmaceuticals,2026-05-21,CONVICTION_BUY,33.79,2026-08-18,HOLDING_PERIOD_EXIT,34.91,60,3.31,331.0,95,"C-Suite Conviction Buy: Insider_PFE_2026_3 (Chief Executive Officer) open-market purchase of $1,482,507.00",0000078003-26-000003,https://www.sec.gov/edgar/browse/?CIK=0000078003,data/industries/health_care/pharmaceuticals/PFE_insider_trades.csv
CB,Chubb Limited,Financials,Insurance - Property & Casualty,2026-05-26,HEAVY_SELL_EXIT,264.06,2026-08-20,HOLDING_PERIOD_EXIT,266.03,60,0.75,75.0,85,"Heavy Sell Exit: 2 executives sold $2,312,536.00 over 14 days",0001559720-26-000012,https://www.sec.gov/edgar/browse/?CIK=0001559720,data/industries/financials/insurance_property_casualty/CB_insider_trades.csv
BA,The Boeing Company,Industrials,Aerospace & Defense,2026-05-28,CONVICTION_BUY,191.17,2026-08-24,HOLDING_PERIOD_EXIT,199.81,60,4.52,452.0,95,"C-Suite Conviction Buy: Insider_BA_2026_10 (Chief Executive Officer) open-market purchase of $1,616,040.00",0000012927-26-000010,https://www.sec.gov/edgar/browse/?CIK=0000012927,data/industries/industrials/aerospace_defense/BA_insider_trades.csv
BA,The Boeing Company,Industrials,Aerospace & Defense,2026-06-03,CONVICTION_BUY,198.2,2026-08-28,HOLDING_PERIOD_EXIT,194.13,60,-2.05,-205.0,95,"C-Suite Conviction Buy: Insider_BA_2026_10 (Chief Executive Officer) open-market purchase of $1,616,040.00",0000012927-26-000010,https://www.sec.gov/edgar/browse/?CIK=0000012927,data/industries/industrials/aerospace_defense/BA_insider_trades.csv
TSLA,Tesla Inc.,Consumer Discretionary,Automotive,2026-06-05,CONVICTION_BUY,252.7,2026-09-01,HOLDING_PERIOD_EXIT,259.86,60,2.83,283.0,95,"C-Suite Conviction Buy: Insider_TSLA_2026_3 (Chief Financial Officer) open-market purchase of $1,980,480.00",0001318605-26-000003,https://www.sec.gov/edgar/browse/?CIK=0001318605,data/industries/consumer_discretionary/automotive/TSLA_insider_trades.csv
MSFT,Microsoft Corporation,Information Technology,Software - Infrastructure,2026-06-15,CONVICTION_BUY,467.0,2026-09-10,HOLDING_PERIOD_EXIT,482.68,60,3.36,336.0,95,"C-Suite Conviction Buy: Insider_MSFT_2026_5 (Chief Financial Officer) open-market purchase of $1,519,812.00",0000789019-26-000005,https://www.sec.gov/edgar/browse/?CIK=0000789019,data/industries/information_technology/software_infrastructure/MSFT_insider_trades.csv
AMT,American Tower Corporation,Real Estate,REIT - Telecom Tower,2026-06-29,CONVICTION_BUY,208.53,2026-09-23,HOLDING_PERIOD_EXIT,216.6,60,3.87,387.0,90,"C-Suite Conviction Buy: Insider_AMT_2026_9 (Chief Executive Officer) open-market purchase of $894,186.00",0001053507-26-000009,https://www.sec.gov/edgar/browse/?CIK=0001053507,data/industries/real_estate/reit_telecom_tower/AMT_insider_trades.csv
AAPL,Apple Inc.,Information Technology,Consumer Electronics,2026-07-01,CONVICTION_BUY,306.54,2026-09-25,HOLDING_PERIOD_EXIT,299.16,60,-2.41,-241.0,90,"C-Suite Conviction Buy: Insider_AAPL_2026_9 (Chief Executive Officer) open-market purchase of $830,450.00",0000320193-26-000009,https://www.sec.gov/edgar/browse/?CIK=0000320193,data/industries/information_technology/consumer_electronics/AAPL_insider_trades.csv
GM,General Motors Company,Consumer Discretionary,Automotive,2026-07-13,CONVICTION_BUY,53.88,2026-10-06,HOLDING_PERIOD_EXIT,53.86,60,-0.04,-4.0,95,"C-Suite Conviction Buy: Insider_GM_2026_9 (Chief Executive Officer) open-market purchase of $1,064,028.00",0001467858-26-000009,https://www.sec.gov/edgar/browse/?CIK=0001467858,data/industries/consumer_discretionary/automotive/GM_insider_trades.csv
LOW,Lowe's Companies Inc.,Consumer Discretionary,Home Improvement Retail,2026-07-13,HEAVY_SELL_EXIT,251.04,2026-10-06,HOLDING_PERIOD_EXIT,245.12,60,-2.36,-236.0,90,"Heavy Sell Exit: 2 executives sold $3,564,281.00 over 14 days",0000060667-26-000002,https://www.sec.gov/edgar/browse/?CIK=0000060667,data/industries/consumer_discretionary/home_improvement_retail/LOW_insider_trades.csv
GM,General Motors Company,Consumer Discretionary,Automotive,2026-07-13,CONVICTION_BUY,53.88,2026-10-06,HOLDING_PERIOD_EXIT,53.86,60,-0.04,-4.0,95,"C-Suite Conviction Buy: Insider_GM_2026_9 (Chief Executive Officer) open-market purchase of $1,064,028.00",0001467858-26-000009,https://www.sec.gov/edgar/browse/?CIK=0001467858,data/industries/consumer_discretionary/automotive/GM_insider_trades.csv
GM,General Motors Company,Consumer Discretionary,Automotive,2026-07-13,HEAVY_SELL_EXIT,53.88,2026-10-06,HOLDING_PERIOD_EXIT,53.86,60,-0.04,-4.0,85,"Heavy Sell Exit: 2 executives sold $2,401,627.00 over 14 days",0001467858-26-000007,https://www.sec.gov/edgar/browse/?CIK=0001467858,data/industries/consumer_discretionary/automotive/GM_insider_trades.csv
JNJ,Johnson & Johnson,Health Care,Pharmaceuticals,2026-07-17,CONVICTION_BUY,163.79,2026-10-12,HOLDING_PERIOD_EXIT,162.08,60,-1.04,-104.0,90,"C-Suite Conviction Buy: Insider_JNJ_2026_6 (Chief Financial Officer) open-market purchase of $997,062.00",0000200406-26-000006,https://www.sec.gov/edgar/browse/?CIK=0000200406,data/industries/health_care/pharmaceuticals/JNJ_insider_trades.csv
NVDA,NVIDIA Corporation,Information Technology,Semiconductors,2026-07-20,CONVICTION_BUY,210.39,2026-10-13,HOLDING_PERIOD_EXIT,216.79,60,3.04,304.0,95,"C-Suite Conviction Buy: NVDA_CFO_Conviction (Chief Financial Officer) open-market purchase of $1,023,000.00",0001045810-26-99999CFO,https://www.sec.gov/edgar/browse/?CIK=0001045810,data/industries/information_technology/semiconductors/NVDA_insider_trades.csv
AMD,Advanced Micro Devices Inc.,Information Technology,Semiconductors,2026-07-20,CONVICTION_BUY,470.52,2026-10-13,HOLDING_PERIOD_EXIT,475.48,60,1.05,105.0,90,"C-Suite Conviction Buy: AMD_CFO_Conviction (Chief Financial Officer) open-market purchase of $690,350.00",0000002488-26-99999CFO,https://www.sec.gov/edgar/browse/?CIK=0000002488,data/industries/information_technology/semiconductors/AMD_insider_trades.csv
MSFT,Microsoft Corporation,Information Technology,Software - Infrastructure,2026-07-20,CONVICTION_BUY,484.17,2026-10-13,HOLDING_PERIOD_EXIT,481.21,60,-0.61,-61.0,95,"C-Suite Conviction Buy: MSFT_CFO_Conviction (Chief Financial Officer) open-market purchase of $1,211,200.00",0000789019-26-99999CFO,https://www.sec.gov/edgar/browse/?CIK=0000789019,data/industries/information_technology/software_infrastructure/MSFT_insider_trades.csv
AAPL,Apple Inc.,Information Technology,Consumer Electronics,2026-07-20,CONVICTION_BUY,302.86,2026-10-13,HOLDING_PERIOD_EXIT,309.49,60,2.19,219.0,90,"C-Suite Conviction Buy: AAPL_CEO_Conviction (Chief Executive Officer) open-market purchase of $553,950.00",0000320193-26-99999CEO,https://www.sec.gov/edgar/browse/?CIK=0000320193,data/industries/information_technology/consumer_electronics/AAPL_insider_trades.csv
AMGN,Amgen Inc.,Health Care,Biotechnology,2026-07-20,CONVICTION_BUY,316.38,2026-10-13,HOLDING_PERIOD_EXIT,322.35,60,1.89,189.0,90,"C-Suite Conviction Buy: AMGN_CFO_Conviction (Chief Financial Officer) open-market purchase of $511,950.00",0000031462-26-99999CFO,https://www.sec.gov/edgar/browse/?CIK=0000031462,data/industries/health_care/biotechnology/AMGN_insider_trades.csv
JPM,JPMorgan Chase & Co.,Financials,Banks - Diversified,2026-07-20,CONVICTION_BUY,225.13,2026-10-13,HOLDING_PERIOD_EXIT,220.69,60,-1.97,-197.0,90,"C-Suite Conviction Buy: JPM_CFO_Conviction (Chief Financial Officer) open-market purchase of $879,700.00",0000019617-26-99999CFO,https://www.sec.gov/edgar/browse/?CIK=0000019617,data/industries/financials/banks_diversified/JPM_insider_trades.csv
V,Visa Inc.,Financials,Credit Services,2026-07-20,CONVICTION_BUY,289.77,2026-10-13,HOLDING_PERIOD_EXIT,282.18,60,-2.62,-262.0,90,"C-Suite Conviction Buy: V_CFO_Conviction (Chief Financial Officer) open-market purchase of $515,950.00",0001403161-26-99999CFO,https://www.sec.gov/edgar/browse/?CIK=0001403161,data/industries/financials/credit_services/V_insider_trades.csv
TSLA,Tesla Inc.,Consumer Discretionary,Automotive,2026-07-20,CONVICTION_BUY,253.62,2026-10-13,HOLDING_PERIOD_EXIT,262.98,60,3.69,369.0,90,"C-Suite Conviction Buy: TSLA_CFO_Conviction (Chief Financial Officer) open-market purchase of $627,350.00",0001318605-26-99999CFO,https://www.sec.gov/edgar/browse/?CIK=0001318605,data/industries/consumer_discretionary/automotive/TSLA_insider_trades.csv
AAPL,Apple Inc.,Information Technology,Consumer Electronics,2026-07-21,CONVICTION_BUY,305.76,2026-10-14,HOLDING_PERIOD_EXIT,307.68,60,0.63,63.0,90,"C-Suite Conviction Buy: AAPL_CEO_Conviction (Chief Executive Officer) open-market purchase of $553,950.00",0000320193-26-99999CEO,https://www.sec.gov/edgar/browse/?CIK=0000320193,data/industries/information_technology/consumer_electronics/AAPL_insider_trades.csv
AAPL,Apple Inc.,Information Technology,Consumer Electronics,2026-07-21,CLUSTER_BUY,305.76,2026-10-14,HOLDING_PERIOD_EXIT,307.68,60,0.63,63.0,85,"Cluster Buy Trigger: 3 independent insiders purchased $1,725,632.00 within 14 days",0000320193-26-99999CEO,https://www.sec.gov/edgar/browse/?CIK=0000320193,data/industries/information_technology/consumer_electronics/AAPL_insider_trades.csv
AMD,Advanced Micro Devices Inc.,Information Technology,Semiconductors,2026-07-22,CONVICTION_BUY,461.25,2026-10-15,HOLDING_PERIOD_EXIT,476.67,60,3.34,334.0,90,"C-Suite Conviction Buy: AMD_CFO_Conviction (Chief Financial Officer) open-market purchase of $690,350.00",0000002488-26-99999CFO,https://www.sec.gov/edgar/browse/?CIK=0000002488,data/industries/information_technology/semiconductors/AMD_insider_trades.csv
AMD,Advanced Micro Devices Inc.,Information Technology,Semiconductors,2026-07-22,CLUSTER_BUY,461.25,2026-10-15,HOLDING_PERIOD_EXIT,476.67,60,3.34,334.0,85,"Cluster Buy Trigger: 3 independent insiders purchased $3,033,917.00 within 14 days",0000002488-26-99999CFO,https://www.sec.gov/edgar/browse/?CIK=0000002488,data/industries/information_technology/semiconductors/AMD_insider_trades.csv
SNPS,Synopsys Inc.,Information Technology,Software - Infrastructure,2026-07-23,CONVICTION_BUY,591.82,2026-10-16,HOLDING_PERIOD_EXIT,590.39,60,-0.24,-24.0,90,"C-Suite Conviction Buy: Insider_SNPS_2026_5 (Chief Financial Officer) open-market purchase of $544,918.00",0000883241-26-000005,https://www.sec.gov/edgar/browse/?CIK=0000883241,data/industries/information_technology/software_infrastructure/SNPS_insider_trades.csv
AMGN,Amgen Inc.,Health Care,Biotechnology,2026-07-23,CONVICTION_BUY,325.87,2026-10-16,HOLDING_PERIOD_EXIT,328.39,60,0.77,77.0,90,"C-Suite Conviction Buy: AMGN_CFO_Conviction (Chief Financial Officer) open-market purchase of $511,950.00",0000031462-26-99999CFO,https://www.sec.gov/edgar/browse/?CIK=0000031462,data/industries/health_care/biotechnology/AMGN_insider_trades.csv
WFC,Wells Fargo & Company,Financials,Banks - Diversified,2026-08-03,HEAVY_SELL_EXIT,61.61,2026-10-27,HOLDING_PERIOD_EXIT,65.14,60,5.73,573.0,85,"Heavy Sell Exit: 2 executives sold $2,077,735.00 over 14 days",0000072971-26-000003,https://www.sec.gov/edgar/browse/?CIK=0000072971,data/industries/financials/banks_diversified/WFC_insider_trades.csv
AMD,Advanced Micro Devices Inc.,Information Technology,Semiconductors,2026-08-03,CONVICTION_BUY,453.4,2026-10-27,HOLDING_PERIOD_EXIT,475.01,60,4.77,477.0,90,"C-Suite Conviction Buy: AMD_CFO_Conviction (Chief Financial Officer) open-market purchase of $690,350.00",0000002488-26-99999CFO,https://www.sec.gov/edgar/browse/?CIK=0000002488,data/industries/information_technology/semiconductors/AMD_insider_trades.csv
AMD,Advanced Micro Devices Inc.,Information Technology,Semiconductors,2026-08-03,CLUSTER_BUY,453.4,2026-10-27,HOLDING_PERIOD_EXIT,475.01,60,4.77,477.0,95,"Cluster Buy Trigger: 4 independent insiders purchased $3,069,141.00 within 14 days",0000002488-26-99999CFO,https://www.sec.gov/edgar/browse/?CIK=0000002488,data/industries/information_technology/semiconductors/AMD_insider_trades.csv
AMGN,Amgen Inc.,Health Care,Biotechnology,2026-08-03,CONVICTION_BUY,317.34,2026-10-27,HOLDING_PERIOD_EXIT,319.46,60,0.67,67.0,90,"C-Suite Conviction Buy: AMGN_CFO_Conviction (Chief Financial Officer) open-market purchase of $511,950.00",0000031462-26-99999CFO,https://www.sec.gov/edgar/browse/?CIK=0000031462,data/industries/health_care/biotechnology/AMGN_insider_trades.csv
AMGN,Amgen Inc.,Health Care,Biotechnology,2026-08-03,HEAVY_SELL_EXIT,317.34,2026-10-27,HOLDING_PERIOD_EXIT,319.46,60,0.67,67.0,90,"Heavy Sell Exit: 2 executives sold $3,228,688.00 over 14 days",0000031462-26-000010,https://www.sec.gov/edgar/browse/?CIK=0000031462,data/industries/health_care/biotechnology/AMGN_insider_trades.csv
JPM,JPMorgan Chase & Co.,Financials,Banks - Diversified,2026-08-03,CONVICTION_BUY,217.95,2026-10-27,HOLDING_PERIOD_EXIT,228.77,60,4.96,496.0,90,"C-Suite Conviction Buy: JPM_CFO_Conviction (Chief Financial Officer) open-market purchase of $879,700.00",0000019617-26-99999CFO,https://www.sec.gov/edgar/browse/?CIK=0000019617,data/industries/financials/banks_diversified/JPM_insider_trades.csv
JPM,JPMorgan Chase & Co.,Financials,Banks - Diversified,2026-08-03,CLUSTER_BUY,217.95,2026-10-27,HOLDING_PERIOD_EXIT,228.77,60,4.96,496.0,85,"Cluster Buy Trigger: 3 independent insiders purchased $2,605,880.00 within 14 days",0000019617-26-99999CFO,https://www.sec.gov/edgar/browse/?CIK=0000019617,data/industries/financials/banks_diversified/JPM_insider_trades.csv
