ticker,company_name,sector,industry,entry_date,entry_signal,entry_price,exit_date,exit_reason,exit_price,holding_days,return_pct,pnl_dollar,confidence_score,trigger_reason,trigger_accession,trigger_url,local_source_file
META,Meta Platforms Inc.,Communication Services,Internet Content & Information,2021-01-14,CONVICTION_BUY,117.22,2021-04-14,HOLDING_PERIOD_EXIT,131.85,90,12.48,1248.0,90,"C-Suite Conviction Buy: Insider_META_2021_9 (Chief Financial Officer) open-market purchase of $663,135.00",0001326801-21-000009,https://www.sec.gov/edgar/browse/?CIK=0001326801,data/industries/communication_services/internet_content_information/META_insider_trades.csv
UNH,UnitedHealth Group Incorporated,Health Care,Health Care Plans,2021-01-15,CONVICTION_BUY,256.75,2021-04-15,HOLDING_PERIOD_EXIT,227.74,90,-11.3,-1130.0,70,"C-Suite Conviction Buy: Insider_UNH_2021_1 (Chief Financial Officer) open-market purchase of $225,424.00",0000731766-21-000001,https://www.sec.gov/edgar/browse/?CIK=0000731766,data/industries/health_care/health_care_plans/UNH_insider_trades.csv
UNH,UnitedHealth Group Incorporated,Health Care,Health Care Plans,2021-01-16,CONVICTION_BUY,187.08,2021-04-16,HOLDING_PERIOD_EXIT,201.22,90,7.56,756.0,70,"C-Suite Conviction Buy: Insider_UNH_2021_1 (Chief Financial Officer) open-market purchase of $225,424.00",0000731766-21-000001,https://www.sec.gov/edgar/browse/?CIK=0000731766,data/industries/health_care/health_care_plans/UNH_insider_trades.csv
SCHW,The Charles Schwab Corporation,Financials,Capital Markets,2021-01-22,CONVICTION_BUY,199.71,2021-04-22,HOLDING_PERIOD_EXIT,214.57,90,7.44,744.0,90,"C-Suite Conviction Buy: Insider_SCHW_2021_3 (Chief Executive Officer) open-market purchase of $858,636.00",0000316709-21-000003,https://www.sec.gov/edgar/browse/?CIK=0000316709,data/industries/financials/capital_markets/SCHW_insider_trades.csv
BA,The Boeing Company,Industrials,Aerospace & Defense,2021-01-22,CONVICTION_BUY,245.57,2021-04-22,HOLDING_PERIOD_EXIT,336.92,90,37.2,3720.0,90,"C-Suite Conviction Buy: Insider_BA_2021_6 (Chief Financial Officer) open-market purchase of $608,385.00",0000012927-21-000006,https://www.sec.gov/edgar/browse/?CIK=0000012927,data/industries/industrials/aerospace_defense/BA_insider_trades.csv
DUK,Duke Energy Corporation,Utilities,Utilities - Regulated Electric,2021-01-26,CONVICTION_BUY,244.87,2021-04-26,HOLDING_PERIOD_EXIT,307.16,90,25.44,2544.0,95,"C-Suite Conviction Buy: Insider_DUK_2021_6 (Chief Financial Officer) open-market purchase of $1,594,612.00",0001326160-21-000006,https://www.sec.gov/edgar/browse/?CIK=0001326160,data/industries/utilities/utilities_regulated_electric/DUK_insider_trades.csv
CSCO,Cisco Systems Inc.,Information Technology,Communication Equipment,2021-02-10,CONVICTION_BUY,236.95,2021-05-11,HOLDING_PERIOD_EXIT,297.51,90,25.56,2556.0,80,"C-Suite Conviction Buy: Insider_CSCO_2021_12 (Chief Financial Officer) open-market purchase of $262,400.00",0000023217-21-000012,https://www.sec.gov/edgar/browse/?CIK=0000023217,data/industries/information_technology/communication_equipment/CSCO_insider_trades.csv
TSLA,Tesla Inc.,Consumer Discretionary,Automotive,2021-02-11,CONVICTION_BUY,256.44,2021-05-12,HOLDING_PERIOD_EXIT,315.52,90,23.04,2304.0,95,"C-Suite Conviction Buy: Insider_TSLA_2021_3 (Chief Financial Officer) open-market purchase of $1,988,000.00",0001318605-21-000003,https://www.sec.gov/edgar/browse/?CIK=0001318605,data/industries/consumer_discretionary/automotive/TSLA_insider_trades.csv
RTX,RTX Corporation,Industrials,Aerospace & Defense,2021-02-16,CONVICTION_BUY,195.44,2021-05-06,TAKE_PROFIT_TARGET,273.62,79,40.0,4000.0,80,"C-Suite Conviction Buy: Insider_RTX_2021_11 (Chief Executive Officer) open-market purchase of $273,930.00",0000101829-21-000011,https://www.sec.gov/edgar/browse/?CIK=0000101829,data/industries/industrials/aerospace_defense/RTX_insider_trades.csv
AMD,Advanced Micro Devices Inc.,Information Technology,Semiconductors,2021-02-17,CONVICTION_BUY,182.01,2021-05-18,HOLDING_PERIOD_EXIT,207.13,90,13.8,1380.0,70,"C-Suite Conviction Buy: Insider_AMD_2021_1 (Chief Financial Officer) open-market purchase of $175,593.00",0000002488-21-000001,https://www.sec.gov/edgar/browse/?CIK=0000002488,data/industries/information_technology/semiconductors/AMD_insider_trades.csv
UPS,United Parcel Service Inc.,Industrials,Integrated Freight & Logistics,2021-03-01,CONVICTION_BUY,175.38,2021-05-30,HOLDING_PERIOD_EXIT,225.47,90,28.56,2856.0,90,"C-Suite Conviction Buy: Insider_UPS_2021_4 (Chief Financial Officer) open-market purchase of $939,948.00",0001090727-21-000004,https://www.sec.gov/edgar/browse/?CIK=0001090727,data/industries/industrials/integrated_freight_logistics/UPS_insider_trades.csv
TSLA,Tesla Inc.,Consumer Discretionary,Automotive,2021-03-07,CONVICTION_BUY,202.46,2021-06-05,HOLDING_PERIOD_EXIT,221.65,90,9.48,948.0,80,"C-Suite Conviction Buy: Insider_TSLA_2021_2 (Chief Financial Officer) open-market purchase of $278,320.00",0001318605-21-000002,https://www.sec.gov/edgar/browse/?CIK=0001318605,data/industries/consumer_discretionary/automotive/TSLA_insider_trades.csv
RTX,RTX Corporation,Industrials,Aerospace & Defense,2021-03-10,CONVICTION_BUY,155.29,2021-06-08,HOLDING_PERIOD_EXIT,189.76,90,22.2,2220.0,90,"C-Suite Conviction Buy: Insider_RTX_2021_10 (Chief Financial Officer) open-market purchase of $587,424.00",0000101829-21-000010,https://www.sec.gov/edgar/browse/?CIK=0000101829,data/industries/industrials/aerospace_defense/RTX_insider_trades.csv
LMT,Lockheed Martin Corporation,Industrials,Aerospace & Defense,2021-03-16,CONVICTION_BUY,161.59,2021-06-14,HOLDING_PERIOD_EXIT,206.38,90,27.72,2772.0,80,"C-Suite Conviction Buy: Insider_LMT_2021_1 (Chief Executive Officer) open-market purchase of $255,229.00",0000936468-21-000001,https://www.sec.gov/edgar/browse/?CIK=0000936468,data/industries/industrials/aerospace_defense/LMT_insider_trades.csv
SBUX,Starbucks Corporation,Consumer Discretionary,Restaurants,2021-03-17,CONVICTION_BUY,241.28,2021-06-15,HOLDING_PERIOD_EXIT,297.45,90,23.28,2328.0,95,"C-Suite Conviction Buy: Insider_SBUX_2021_9 (Chief Financial Officer) open-market purchase of $1,298,299.00",0000829224-21-000009,https://www.sec.gov/edgar/browse/?CIK=0000829224,data/industries/consumer_discretionary/restaurants/SBUX_insider_trades.csv
RTX,RTX Corporation,Industrials,Aerospace & Defense,2021-03-17,CONVICTION_BUY,116.11,2021-06-15,HOLDING_PERIOD_EXIT,132.41,90,14.04,1404.0,90,"C-Suite Conviction Buy: Insider_RTX_2021_10 (Chief Financial Officer) open-market purchase of $587,424.00",0000101829-21-000010,https://www.sec.gov/edgar/browse/?CIK=0000101829,data/industries/industrials/aerospace_defense/RTX_insider_trades.csv
BA,The Boeing Company,Industrials,Aerospace & Defense,2021-03-20,CONVICTION_BUY,267.54,2021-06-18,HOLDING_PERIOD_EXIT,339.78,90,27.0,2700.0,90,"C-Suite Conviction Buy: Insider_BA_2021_7 (Chief Financial Officer) open-market purchase of $713,440.00",0000012927-21-000007,https://www.sec.gov/edgar/browse/?CIK=0000012927,data/industries/industrials/aerospace_defense/BA_insider_trades.csv
GILD,Gilead Sciences Inc.,Health Care,Biotechnology,2021-03-27,CONVICTION_BUY,99.07,2021-06-01,TAKE_PROFIT_TARGET,138.7,66,40.0,4000.0,95,"C-Suite Conviction Buy: Insider_GILD_2021_1 (Chief Financial Officer) open-market purchase of $1,197,747.00",0000882095-21-000001,https://www.sec.gov/edgar/browse/?CIK=0000882095,data/industries/health_care/biotechnology/GILD_insider_trades.csv
VZ,Verizon Communications Inc.,Communication Services,Telecom Services,2021-04-02,CONVICTION_BUY,197.35,2021-07-01,HOLDING_PERIOD_EXIT,175.84,90,-10.9,-1090.0,80,"C-Suite Conviction Buy: Insider_VZ_2021_7 (Chief Financial Officer) open-market purchase of $445,536.00",0000732712-21-000007,https://www.sec.gov/edgar/browse/?CIK=0000732712,data/industries/communication_services/telecom_services/VZ_insider_trades.csv
RTX,RTX Corporation,Industrials,Aerospace & Defense,2021-04-03,CONVICTION_BUY,129.38,2021-07-02,HOLDING_PERIOD_EXIT,148.63,90,14.88,1488.0,90,"C-Suite Conviction Buy: Insider_RTX_2021_1 (Chief Executive Officer) open-market purchase of $892,255.00",0000101829-21-000001,https://www.sec.gov/edgar/browse/?CIK=0000101829,data/industries/industrials/aerospace_defense/RTX_insider_trades.csv
MDT,Medtronic plc,Health Care,Medical Devices,2021-04-04,CONVICTION_BUY,197.67,2021-07-03,HOLDING_PERIOD_EXIT,227.32,90,15.0,1500.0,90,"C-Suite Conviction Buy: Insider_MDT_2021_2 (Chief Financial Officer) open-market purchase of $966,570.00",0000143899-21-000002,https://www.sec.gov/edgar/browse/?CIK=0000143899,data/industries/health_care/medical_devices/MDT_insider_trades.csv
JPM,JPMorgan Chase & Co.,Financials,Banks - Diversified,2021-04-07,CONVICTION_BUY,130.41,2021-07-06,HOLDING_PERIOD_EXIT,176.58,90,35.4,3540.0,95,"C-Suite Conviction Buy: Insider_JPM_2021_4 (Chief Executive Officer) open-market purchase of $1,129,028.00",0000019617-21-000004,https://www.sec.gov/edgar/browse/?CIK=0000019617,data/industries/financials/banks_diversified/JPM_insider_trades.csv
HD,The Home Depot Inc.,Consumer Discretionary,Home Improvement Retail,2021-04-10,CONVICTION_BUY,103.82,2021-07-09,HOLDING_PERIOD_EXIT,93.02,90,-10.4,-1040.0,70,"C-Suite Conviction Buy: Insider_HD_2021_5 (Chief Financial Officer) open-market purchase of $113,260.00",0000354950-21-000005,https://www.sec.gov/edgar/browse/?CIK=0000354950,data/industries/consumer_discretionary/home_improvement_retail/HD_insider_trades.csv
RTX,RTX Corporation,Industrials,Aerospace & Defense,2021-04-14,CONVICTION_BUY,230.86,2021-07-03,TAKE_PROFIT_TARGET,323.2,80,40.0,4000.0,90,"C-Suite Conviction Buy: Insider_RTX_2021_1 (Chief Executive Officer) open-market purchase of $892,255.00",0000101829-21-000001,https://www.sec.gov/edgar/browse/?CIK=0000101829,data/industries/industrials/aerospace_defense/RTX_insider_trades.csv
LMT,Lockheed Martin Corporation,Industrials,Aerospace & Defense,2021-04-14,CONVICTION_BUY,145.31,2021-07-13,HOLDING_PERIOD_EXIT,177.22,90,21.96,2196.0,90,"C-Suite Conviction Buy: Insider_LMT_2021_13 (Chief Financial Officer) open-market purchase of $788,568.00",0000936468-21-000013,https://www.sec.gov/edgar/browse/?CIK=0000936468,data/industries/industrials/aerospace_defense/LMT_insider_trades.csv
CVX,Chevron Corporation,Energy,Oil & Gas Integrated,2021-04-14,CONVICTION_BUY,111.98,2021-06-24,TAKE_PROFIT_TARGET,156.77,71,40.0,4000.0,80,"C-Suite Conviction Buy: Insider_CVX_2021_5 (Chief Executive Officer) open-market purchase of $275,448.00",0000093410-21-000005,https://www.sec.gov/edgar/browse/?CIK=0000093410,data/industries/energy/oil_gas_integrated/CVX_insider_trades.csv
JPM,JPMorgan Chase & Co.,Financials,Banks - Diversified,2021-04-17,CONVICTION_BUY,277.3,2021-07-16,HOLDING_PERIOD_EXIT,356.83,90,28.68,2868.0,95,"C-Suite Conviction Buy: Insider_JPM_2021_4 (Chief Executive Officer) open-market purchase of $1,129,028.00",0000019617-21-000004,https://www.sec.gov/edgar/browse/?CIK=0000019617,data/industries/financials/banks_diversified/JPM_insider_trades.csv
CVX,Chevron Corporation,Energy,Oil & Gas Integrated,2021-04-17,CONVICTION_BUY,102.98,2021-07-16,HOLDING_PERIOD_EXIT,131.53,90,27.72,2772.0,80,"C-Suite Conviction Buy: Insider_CVX_2021_5 (Chief Executive Officer) open-market purchase of $275,448.00",0000093410-21-000005,https://www.sec.gov/edgar/browse/?CIK=0000093410,data/industries/energy/oil_gas_integrated/CVX_insider_trades.csv
MRNA,Moderna Inc.,Health Care,Biotechnology,2021-04-27,CONVICTION_BUY,196.22,2021-07-26,HOLDING_PERIOD_EXIT,268.74,90,36.96,3696.0,95,"C-Suite Conviction Buy: Insider_MRNA_2021_14 (Chief Executive Officer) open-market purchase of $1,894,656.00",0001682852-21-000014,https://www.sec.gov/edgar/browse/?CIK=0001682852,data/industries/health_care/biotechnology/MRNA_insider_trades.csv
MRNA,Moderna Inc.,Health Care,Biotechnology,2021-05-08,CONVICTION_BUY,161.52,2021-08-06,HOLDING_PERIOD_EXIT,214.63,90,32.88,3288.0,95,"C-Suite Conviction Buy: Insider_MRNA_2021_14 (Chief Executive Officer) open-market purchase of $1,894,656.00",0001682852-21-000014,https://www.sec.gov/edgar/browse/?CIK=0001682852,data/industries/health_care/biotechnology/MRNA_insider_trades.csv
BA,The Boeing Company,Industrials,Aerospace & Defense,2021-05-22,CONVICTION_BUY,99.8,2021-08-20,HOLDING_PERIOD_EXIT,135.01,90,35.28,3528.0,95,"C-Suite Conviction Buy: Insider_BA_2021_1 (Chief Financial Officer) open-market purchase of $1,064,750.00",0000012927-21-000001,https://www.sec.gov/edgar/browse/?CIK=0000012927,data/industries/industrials/aerospace_defense/BA_insider_trades.csv
PG,The Procter & Gamble Company,Consumer Staples,Household & Personal Products,2021-06-08,CONVICTION_BUY,155.07,2021-09-06,HOLDING_PERIOD_EXIT,196.38,90,26.64,2664.0,90,"C-Suite Conviction Buy: Insider_PG_2021_3 (Chief Financial Officer) open-market purchase of $704,592.00",0000080424-21-000003,https://www.sec.gov/edgar/browse/?CIK=0000080424,data/industries/consumer_staples/household_personal_products/PG_insider_trades.csv
PFE,Pfizer Inc.,Health Care,Pharmaceuticals,2021-06-09,CONVICTION_BUY,226.31,2021-09-07,HOLDING_PERIOD_EXIT,251.57,90,11.16,1116.0,90,"C-Suite Conviction Buy: Insider_PFE_2021_9 (Chief Financial Officer) open-market purchase of $725,369.00",0000078003-21-000009,https://www.sec.gov/edgar/browse/?CIK=0000078003,data/industries/health_care/pharmaceuticals/PFE_insider_trades.csv
NVDA,NVIDIA Corporation,Information Technology,Semiconductors,2021-06-15,CONVICTION_BUY,212.08,2021-09-13,HOLDING_PERIOD_EXIT,254.58,90,20.04,2004.0,95,"C-Suite Conviction Buy: NVDA_CFO_Conviction (Chief Financial Officer) open-market purchase of $1,166,350.00",0001045810-21-99999CFO,https://www.sec.gov/edgar/browse/?CIK=0001045810,data/industries/information_technology/semiconductors/NVDA_insider_trades.csv
AMD,Advanced Micro Devices Inc.,Information Technology,Semiconductors,2021-06-15,CONVICTION_BUY,254.24,2021-09-04,TAKE_PROFIT_TARGET,355.94,81,40.0,4000.0,95,"C-Suite Conviction Buy: AMD_CFO_Conviction (Chief Financial Officer) open-market purchase of $1,044,700.00",0000002488-21-99999CFO,https://www.sec.gov/edgar/browse/?CIK=0000002488,data/industries/information_technology/semiconductors/AMD_insider_trades.csv
MSFT,Microsoft Corporation,Information Technology,Software - Infrastructure,2021-06-15,CONVICTION_BUY,183.02,2021-09-06,TAKE_PROFIT_TARGET,256.23,83,40.0,4000.0,95,"C-Suite Conviction Buy: MSFT_CFO_Conviction (Chief Financial Officer) open-market purchase of $1,121,600.00",0000789019-21-99999CFO,https://www.sec.gov/edgar/browse/?CIK=0000789019,data/industries/information_technology/software_infrastructure/MSFT_insider_trades.csv
AAPL,Apple Inc.,Information Technology,Consumer Electronics,2021-06-15,CONVICTION_BUY,186.57,2021-09-13,HOLDING_PERIOD_EXIT,234.03,90,25.44,2544.0,90,"C-Suite Conviction Buy: AAPL_CFO_Conviction (Chief Financial Officer) open-market purchase of $780,550.00",0000320193-21-99999CFO,https://www.sec.gov/edgar/browse/?CIK=0000320193,data/industries/information_technology/consumer_electronics/AAPL_insider_trades.csv
AMGN,Amgen Inc.,Health Care,Biotechnology,2021-06-15,CONVICTION_BUY,203.28,2021-09-13,HOLDING_PERIOD_EXIT,265.97,90,30.84,3084.0,90,"C-Suite Conviction Buy: AMGN_CFO_Conviction (Chief Financial Officer) open-market purchase of $533,350.00",0000031462-21-99999CFO,https://www.sec.gov/edgar/browse/?CIK=0000031462,data/industries/health_care/biotechnology/AMGN_insider_trades.csv
JPM,JPMorgan Chase & Co.,Financials,Banks - Diversified,2021-06-15,CONVICTION_BUY,255.83,2021-09-13,HOLDING_PERIOD_EXIT,301.27,90,17.76,1776.0,95,"C-Suite Conviction Buy: JPM_CFO_Conviction (Chief Financial Officer) open-market purchase of $1,018,150.00",0000019617-21-99999CFO,https://www.sec.gov/edgar/browse/?CIK=0000019617,data/industries/financials/banks_diversified/JPM_insider_trades.csv
V,Visa Inc.,Financials,Credit Services,2021-06-15,CONVICTION_BUY,134.83,2021-09-13,HOLDING_PERIOD_EXIT,181.1,90,34.32,3432.0,90,"C-Suite Conviction Buy: V_CFO_Conviction (Chief Financial Officer) open-market purchase of $828,350.00",0001403161-21-99999CFO,https://www.sec.gov/edgar/browse/?CIK=0001403161,data/industries/financials/credit_services/V_insider_trades.csv
TSLA,Tesla Inc.,Consumer Discretionary,Automotive,2021-06-15,CONVICTION_BUY,96.63,2021-09-13,HOLDING_PERIOD_EXIT,122.49,90,26.76,2676.0,90,"C-Suite Conviction Buy: TSLA_CFO_Conviction (Chief Financial Officer) open-market purchase of $571,250.00",0001318605-21-99999CFO,https://www.sec.gov/edgar/browse/?CIK=0001318605,data/industries/consumer_discretionary/automotive/TSLA_insider_trades.csv
F,Ford Motor Company,Consumer Discretionary,Automotive,2021-06-15,CONVICTION_BUY,279.7,2021-09-13,HOLDING_PERIOD_EXIT,310.91,90,11.16,1116.0,70,"C-Suite Conviction Buy: Insider_F_2021_4 (Chief Financial Officer) open-market purchase of $203,010.00",0000037996-21-000004,https://www.sec.gov/edgar/browse/?CIK=0000037996,data/industries/consumer_discretionary/automotive/F_insider_trades.csv
GE,General Electric Company,Industrials,Aerospace & Defense,2021-06-18,CONVICTION_BUY,239.88,2021-09-16,HOLDING_PERIOD_EXIT,315.87,90,31.68,3168.0,70,"C-Suite Conviction Buy: Insider_GE_2021_5 (Chief Financial Officer) open-market purchase of $162,405.00",0000040545-21-000005,https://www.sec.gov/edgar/browse/?CIK=0000040545,data/industries/industrials/aerospace_defense/GE_insider_trades.csv
RTX,RTX Corporation,Industrials,Aerospace & Defense,2021-07-03,CONVICTION_BUY,209.81,2021-09-12,TAKE_PROFIT_TARGET,293.73,71,40.0,4000.0,80,"C-Suite Conviction Buy: Insider_RTX_2021_8 (Chief Executive Officer) open-market purchase of $371,165.00",0000101829-21-000008,https://www.sec.gov/edgar/browse/?CIK=0000101829,data/industries/industrials/aerospace_defense/RTX_insider_trades.csv
JNJ,Johnson & Johnson,Health Care,Pharmaceuticals,2021-07-09,CONVICTION_BUY,229.18,2021-10-07,HOLDING_PERIOD_EXIT,258.06,90,12.6,1260.0,90,"C-Suite Conviction Buy: Insider_JNJ_2021_9 (Chief Financial Officer) open-market purchase of $542,946.00",0000200406-21-000009,https://www.sec.gov/edgar/browse/?CIK=0000200406,data/industries/health_care/pharmaceuticals/JNJ_insider_trades.csv
LMT,Lockheed Martin Corporation,Industrials,Aerospace & Defense,2021-07-12,CONVICTION_BUY,194.08,2021-10-10,HOLDING_PERIOD_EXIT,173.7,90,-10.5,-1050.0,70,"C-Suite Conviction Buy: Insider_LMT_2021_2 (Chief Financial Officer) open-market purchase of $167,552.00",0000936468-21-000002,https://www.sec.gov/edgar/browse/?CIK=0000936468,data/industries/industrials/aerospace_defense/LMT_insider_trades.csv
C,Citigroup Inc.,Financials,Banks - Diversified,2021-07-16,CONVICTION_BUY,123.0,2021-08-15,STOP_LOSS_EXIT,108.24,30,-12.0,-1200.0,70,"C-Suite Conviction Buy: Insider_C_2021_12 (Chief Financial Officer) open-market purchase of $141,534.00",0000831001-21-000012,https://www.sec.gov/edgar/browse/?CIK=0000831001,data/industries/financials/banks_diversified/C_insider_trades.csv
EBAY,eBay Inc.,Consumer Discretionary,Internet Retail,2021-07-16,CONVICTION_BUY,153.14,2021-10-14,HOLDING_PERIOD_EXIT,202.94,90,32.52,3252.0,80,"C-Suite Conviction Buy: Insider_EBAY_2021_5 (Chief Executive Officer) open-market purchase of $344,058.00",0001065088-21-000005,https://www.sec.gov/edgar/browse/?CIK=0001065088,data/industries/consumer_discretionary/internet_retail/EBAY_insider_trades.csv
UNH,UnitedHealth Group Incorporated,Health Care,Health Care Plans,2021-07-19,CONVICTION_BUY,121.5,2021-10-17,HOLDING_PERIOD_EXIT,150.22,90,23.64,2364.0,70,"C-Suite Conviction Buy: Insider_UNH_2021_4 (Chief Financial Officer) open-market purchase of $107,060.00",0000731766-21-000004,https://www.sec.gov/edgar/browse/?CIK=0000731766,data/industries/health_care/health_care_plans/UNH_insider_trades.csv
KO,The Coca-Cola Company,Consumer Staples,Beverages - Non-Alcoholic,2021-07-31,CONVICTION_BUY,159.11,2021-10-29,HOLDING_PERIOD_EXIT,191.76,90,20.52,2052.0,90,"C-Suite Conviction Buy: Insider_KO_2021_2 (Chief Executive Officer) open-market purchase of $845,284.00",0000021344-21-000002,https://www.sec.gov/edgar/browse/?CIK=0000021344,data/industries/consumer_staples/beverages_non_alcoholic/KO_insider_trades.csv
BA,The Boeing Company,Industrials,Aerospace & Defense,2021-08-12,CONVICTION_BUY,223.14,2021-11-10,HOLDING_PERIOD_EXIT,250.99,90,12.48,1248.0,95,"C-Suite Conviction Buy: Insider_BA_2021_4 (Chief Financial Officer) open-market purchase of $1,046,465.00",0000012927-21-000004,https://www.sec.gov/edgar/browse/?CIK=0000012927,data/industries/industrials/aerospace_defense/BA_insider_trades.csv
VZ,Verizon Communications Inc.,Communication Services,Telecom Services,2021-08-16,CONVICTION_BUY,220.45,2021-11-14,HOLDING_PERIOD_EXIT,279.71,90,26.88,2688.0,90,"C-Suite Conviction Buy: Insider_VZ_2021_2 (Chief Financial Officer) open-market purchase of $908,670.00",0000732712-21-000002,https://www.sec.gov/edgar/browse/?CIK=0000732712,data/industries/communication_services/telecom_services/VZ_insider_trades.csv
WFC,Wells Fargo & Company,Financials,Banks - Diversified,2021-08-26,CONVICTION_BUY,270.32,2021-11-24,HOLDING_PERIOD_EXIT,339.74,90,25.68,2568.0,90,"C-Suite Conviction Buy: Insider_WFC_2021_6 (Chief Financial Officer) open-market purchase of $566,580.00",0000072971-21-000006,https://www.sec.gov/edgar/browse/?CIK=0000072971,data/industries/financials/banks_diversified/WFC_insider_trades.csv
LMT,Lockheed Martin Corporation,Industrials,Aerospace & Defense,2021-08-29,CONVICTION_BUY,217.81,2021-11-27,HOLDING_PERIOD_EXIT,265.9,90,22.08,2208.0,80,"C-Suite Conviction Buy: Insider_LMT_2021_14 (Chief Executive Officer) open-market purchase of $464,760.00",0000936468-21-000014,https://www.sec.gov/edgar/browse/?CIK=0000936468,data/industries/industrials/aerospace_defense/LMT_insider_trades.csv
LIN,Linde plc,Materials,Specialty Chemicals,2021-09-02,CONVICTION_BUY,236.81,2021-12-01,HOLDING_PERIOD_EXIT,210.52,90,-11.1,-1110.0,80,"C-Suite Conviction Buy: Insider_LIN_2021_6 (Chief Executive Officer) open-market purchase of $306,726.00",0001707925-21-000006,https://www.sec.gov/edgar/browse/?CIK=0001707925,data/industries/materials/specialty_chemicals/LIN_insider_trades.csv
HD,The Home Depot Inc.,Consumer Discretionary,Home Improvement Retail,2021-09-13,CONVICTION_BUY,177.13,2021-12-12,HOLDING_PERIOD_EXIT,219.43,90,23.88,2388.0,95,"C-Suite Conviction Buy: Insider_HD_2021_3 (Chief Financial Officer) open-market purchase of $1,197,369.00",0000354950-21-000003,https://www.sec.gov/edgar/browse/?CIK=0000354950,data/industries/consumer_discretionary/home_improvement_retail/HD_insider_trades.csv
LIN,Linde plc,Materials,Specialty Chemicals,2021-09-16,CONVICTION_BUY,260.03,2021-12-15,HOLDING_PERIOD_EXIT,230.91,90,-11.2,-1120.0,80,"C-Suite Conviction Buy: Insider_LIN_2021_6 (Chief Executive Officer) open-market purchase of $306,726.00",0001707925-21-000006,https://www.sec.gov/edgar/browse/?CIK=0001707925,data/industries/materials/specialty_chemicals/LIN_insider_trades.csv
CRWD,CrowdStrike Holdings Inc.,Information Technology,Software - Infrastructure,2021-09-25,CONVICTION_BUY,142.93,2021-12-24,HOLDING_PERIOD_EXIT,160.08,90,12.0,1200.0,95,"C-Suite Conviction Buy: Insider_CRWD_2021_1 (Chief Financial Officer) open-market purchase of $1,168,860.00",0001535527-21-000001,https://www.sec.gov/edgar/browse/?CIK=0001535527,data/industries/information_technology/software_infrastructure/CRWD_insider_trades.csv
HD,The Home Depot Inc.,Consumer Discretionary,Home Improvement Retail,2021-09-26,CONVICTION_BUY,164.22,2021-12-25,HOLDING_PERIOD_EXIT,190.04,90,15.72,1572.0,95,"C-Suite Conviction Buy: Insider_HD_2021_3 (Chief Financial Officer) open-market purchase of $1,197,369.00",0000354950-21-000003,https://www.sec.gov/edgar/browse/?CIK=0000354950,data/industries/consumer_discretionary/home_improvement_retail/HD_insider_trades.csv
CVX,Chevron Corporation,Energy,Oil & Gas Integrated,2021-10-12,CONVICTION_BUY,140.58,2022-01-08,TAKE_PROFIT_TARGET,196.81,88,40.0,4000.0,90,"C-Suite Conviction Buy: Insider_CVX_2021_3 (Chief Financial Officer) open-market purchase of $633,045.00",0000093410-21-000003,https://www.sec.gov/edgar/browse/?CIK=0000093410,data/industries/energy/oil_gas_integrated/CVX_insider_trades.csv
PANW,Palo Alto Networks Inc.,Information Technology,Software - Infrastructure,2021-10-15,CONVICTION_BUY,166.47,2022-01-07,TAKE_PROFIT_TARGET,233.06,84,40.0,4000.0,80,"C-Suite Conviction Buy: Insider_PANW_2021_9 (Chief Executive Officer) open-market purchase of $277,900.00",0001326801-21-000009,https://www.sec.gov/edgar/browse/?CIK=0001326801,data/industries/information_technology/software_infrastructure/PANW_insider_trades.csv
CVX,Chevron Corporation,Energy,Oil & Gas Integrated,2021-10-20,CONVICTION_BUY,129.62,2022-01-06,TAKE_PROFIT_TARGET,181.47,78,40.0,4000.0,90,"C-Suite Conviction Buy: Insider_CVX_2021_3 (Chief Financial Officer) open-market purchase of $633,045.00",0000093410-21-000003,https://www.sec.gov/edgar/browse/?CIK=0000093410,data/industries/energy/oil_gas_integrated/CVX_insider_trades.csv
MSFT,Microsoft Corporation,Information Technology,Software - Infrastructure,2021-11-14,CONVICTION_BUY,129.42,2022-02-08,TAKE_PROFIT_TARGET,181.19,86,40.0,4000.0,90,"C-Suite Conviction Buy: Insider_MSFT_2021_6 (Chief Financial Officer) open-market purchase of $679,266.00",0000789019-21-000006,https://www.sec.gov/edgar/browse/?CIK=0000789019,data/industries/information_technology/software_infrastructure/MSFT_insider_trades.csv
LLY,Eli Lilly and Company,Health Care,Pharmaceuticals,2021-11-28,CONVICTION_BUY,134.72,2022-02-26,HOLDING_PERIOD_EXIT,173.84,90,29.04,2904.0,90,"C-Suite Conviction Buy: Insider_LLY_2021_9 (Chief Executive Officer) open-market purchase of $653,070.00",0000059478-21-000009,https://www.sec.gov/edgar/browse/?CIK=0000059478,data/industries/health_care/pharmaceuticals/LLY_insider_trades.csv
CL,Colgate-Palmolive Company,Consumer Staples,Household & Personal Products,2021-11-28,CONVICTION_BUY,270.62,2022-02-26,TAKE_PROFIT_TARGET,378.87,90,40.0,4000.0,95,"C-Suite Conviction Buy: Insider_CL_2021_2 (Chief Financial Officer) open-market purchase of $1,119,596.00",0000021665-21-000002,https://www.sec.gov/edgar/browse/?CIK=0000021665,data/industries/consumer_staples/household_personal_products/CL_insider_trades.csv
IBM,International Business Machines Corporation,Information Technology,IT Services,2021-11-29,CONVICTION_BUY,209.25,2022-02-27,HOLDING_PERIOD_EXIT,273.53,90,30.72,3072.0,70,"C-Suite Conviction Buy: Insider_IBM_2021_11 (Chief Executive Officer) open-market purchase of $104,629.00",0000051143-21-000011,https://www.sec.gov/edgar/browse/?CIK=0000051143,data/industries/information_technology/it_services/IBM_insider_trades.csv
NEE,NextEra Energy Inc.,Utilities,Utilities - Regulated Electric,2021-11-29,CONVICTION_BUY,102.74,2022-02-27,HOLDING_PERIOD_EXIT,119.88,90,16.68,1668.0,90,"C-Suite Conviction Buy: Insider_NEE_2021_8 (Chief Financial Officer) open-market purchase of $670,644.00",0000753308-21-000008,https://www.sec.gov/edgar/browse/?CIK=0000753308,data/industries/utilities/utilities_regulated_electric/NEE_insider_trades.csv
F,Ford Motor Company,Consumer Discretionary,Automotive,2021-12-04,CONVICTION_BUY,220.52,2022-01-03,STOP_LOSS_EXIT,194.06,30,-12.0,-1200.0,95,"C-Suite Conviction Buy: Insider_F_2021_5 (Chief Executive Officer) open-market purchase of $1,096,700.00",0000037996-21-000005,https://www.sec.gov/edgar/browse/?CIK=0000037996,data/industries/consumer_discretionary/automotive/F_insider_trades.csv
GILD,Gilead Sciences Inc.,Health Care,Biotechnology,2021-12-08,CONVICTION_BUY,278.91,2022-03-08,HOLDING_PERIOD_EXIT,346.18,90,24.12,2412.0,95,"C-Suite Conviction Buy: Insider_GILD_2021_5 (Chief Executive Officer) open-market purchase of $1,422,003.00",0000882095-21-000005,https://www.sec.gov/edgar/browse/?CIK=0000882095,data/industries/health_care/biotechnology/GILD_insider_trades.csv
IBM,International Business Machines Corporation,Information Technology,IT Services,2021-12-09,CONVICTION_BUY,229.86,2022-03-09,HOLDING_PERIOD_EXIT,302.68,90,31.68,3168.0,70,"C-Suite Conviction Buy: Insider_IBM_2021_11 (Chief Executive Officer) open-market purchase of $104,629.00",0000051143-21-000011,https://www.sec.gov/edgar/browse/?CIK=0000051143,data/industries/information_technology/it_services/IBM_insider_trades.csv
AMGN,Amgen Inc.,Health Care,Biotechnology,2021-12-12,CONVICTION_BUY,221.94,2022-03-12,HOLDING_PERIOD_EXIT,263.49,90,18.72,1872.0,90,"C-Suite Conviction Buy: Insider_AMGN_2021_2 (Chief Executive Officer) open-market purchase of $961,200.00",0000031462-21-000002,https://www.sec.gov/edgar/browse/?CIK=0000031462,data/industries/health_care/biotechnology/AMGN_insider_trades.csv
BAC,Bank of America Corporation,Financials,Banks - Diversified,2021-12-14,CONVICTION_BUY,128.45,2022-03-14,HOLDING_PERIOD_EXIT,141.71,90,10.32,1032.0,70,"C-Suite Conviction Buy: Insider_BAC_2021_4 (Chief Financial Officer) open-market purchase of $246,003.00",0000070858-21-000004,https://www.sec.gov/edgar/browse/?CIK=0000070858,data/industries/financials/banks_diversified/BAC_insider_trades.csv
LOW,Lowe's Companies Inc.,Consumer Discretionary,Home Improvement Retail,2021-12-17,CONVICTION_BUY,223.55,2022-03-17,HOLDING_PERIOD_EXIT,264.06,90,18.12,1812.0,80,"C-Suite Conviction Buy: Insider_LOW_2021_5 (Chief Executive Officer) open-market purchase of $388,080.00",0000060667-21-000005,https://www.sec.gov/edgar/browse/?CIK=0000060667,data/industries/consumer_discretionary/home_improvement_retail/LOW_insider_trades.csv
GILD,Gilead Sciences Inc.,Health Care,Biotechnology,2021-12-18,CONVICTION_BUY,124.15,2022-03-09,TAKE_PROFIT_TARGET,173.81,81,40.0,4000.0,95,"C-Suite Conviction Buy: Insider_GILD_2021_5 (Chief Executive Officer) open-market purchase of $1,422,003.00",0000882095-21-000005,https://www.sec.gov/edgar/browse/?CIK=0000882095,data/industries/health_care/biotechnology/GILD_insider_trades.csv
UPS,United Parcel Service Inc.,Industrials,Integrated Freight & Logistics,2021-12-18,CONVICTION_BUY,186.49,2022-02-24,TAKE_PROFIT_TARGET,261.09,68,40.0,4000.0,95,"C-Suite Conviction Buy: Insider_UPS_2021_2 (Chief Executive Officer) open-market purchase of $1,258,440.00",0001090727-21-000002,https://www.sec.gov/edgar/browse/?CIK=0001090727,data/industries/industrials/integrated_freight_logistics/UPS_insider_trades.csv
FDX,FedEx Corporation,Industrials,Integrated Freight & Logistics,2021-12-22,CONVICTION_BUY,90.94,2022-03-22,HOLDING_PERIOD_EXIT,108.73,90,19.56,1956.0,95,"C-Suite Conviction Buy: Insider_FDX_2021_1 (Chief Financial Officer) open-market purchase of $1,799,325.00",0000036104-21-000001,https://www.sec.gov/edgar/browse/?CIK=0000036104,data/industries/industrials/integrated_freight_logistics/FDX_insider_trades.csv
UPS,United Parcel Service Inc.,Industrials,Integrated Freight & Logistics,2021-12-25,CONVICTION_BUY,144.58,2022-03-25,HOLDING_PERIOD_EXIT,194.89,90,34.8,3480.0,95,"C-Suite Conviction Buy: Insider_UPS_2021_2 (Chief Executive Officer) open-market purchase of $1,258,440.00",0001090727-21-000002,https://www.sec.gov/edgar/browse/?CIK=0001090727,data/industries/industrials/integrated_freight_logistics/UPS_insider_trades.csv
LOW,Lowe's Companies Inc.,Consumer Discretionary,Home Improvement Retail,2021-12-30,CONVICTION_BUY,221.01,2022-03-30,HOLDING_PERIOD_EXIT,243.29,90,10.08,1008.0,80,"C-Suite Conviction Buy: Insider_LOW_2021_5 (Chief Executive Officer) open-market purchase of $388,080.00",0000060667-21-000005,https://www.sec.gov/edgar/browse/?CIK=0000060667,data/industries/consumer_discretionary/home_improvement_retail/LOW_insider_trades.csv
PLD,Prologis Inc.,Real Estate,REIT - Industrial,2022-01-03,CONVICTION_BUY,99.22,2022-04-03,HOLDING_PERIOD_EXIT,135.65,90,36.72,3672.0,95,"C-Suite Conviction Buy: Insider_PLD_2022_6 (Chief Financial Officer) open-market purchase of $1,444,400.00",0001045609-22-000006,https://www.sec.gov/edgar/browse/?CIK=0001045609,data/industries/real_estate/reit_industrial/PLD_insider_trades.csv
FDX,FedEx Corporation,Industrials,Integrated Freight & Logistics,2022-01-05,CONVICTION_BUY,195.29,2022-04-05,HOLDING_PERIOD_EXIT,217.32,90,11.28,1128.0,95,"C-Suite Conviction Buy: Insider_FDX_2021_1 (Chief Financial Officer) open-market purchase of $1,799,325.00",0000036104-21-000001,https://www.sec.gov/edgar/browse/?CIK=0000036104,data/industries/industrials/integrated_freight_logistics/FDX_insider_trades.csv
PLD,Prologis Inc.,Real Estate,REIT - Industrial,2022-01-05,CONVICTION_BUY,197.99,2022-04-05,HOLDING_PERIOD_EXIT,267.37,90,35.04,3504.0,95,"C-Suite Conviction Buy: Insider_PLD_2022_6 (Chief Financial Officer) open-market purchase of $1,444,400.00",0001045609-22-000006,https://www.sec.gov/edgar/browse/?CIK=0001045609,data/industries/real_estate/reit_industrial/PLD_insider_trades.csv
ABT,Abbott Laboratories,Health Care,Medical Devices,2022-01-16,CONVICTION_BUY,263.56,2022-04-16,HOLDING_PERIOD_EXIT,292.34,90,10.92,1092.0,95,"C-Suite Conviction Buy: Insider_ABT_2022_11 (Chief Executive Officer) open-market purchase of $1,057,677.00",0000001800-22-000011,https://www.sec.gov/edgar/browse/?CIK=0000001800,data/industries/health_care/medical_devices/ABT_insider_trades.csv
TMUS,T-Mobile US Inc.,Communication Services,Telecom Services,2022-01-21,CONVICTION_BUY,81.39,2022-04-21,HOLDING_PERIOD_EXIT,90.57,90,11.28,1128.0,90,"C-Suite Conviction Buy: Insider_TMUS_2022_1 (Chief Financial Officer) open-market purchase of $813,878.00",0001283699-22-000001,https://www.sec.gov/edgar/browse/?CIK=0001283699,data/industries/communication_services/telecom_services/TMUS_insider_trades.csv
TMUS,T-Mobile US Inc.,Communication Services,Telecom Services,2022-01-23,CONVICTION_BUY,176.26,2022-04-23,HOLDING_PERIOD_EXIT,227.23,90,28.92,2892.0,90,"C-Suite Conviction Buy: Insider_TMUS_2022_1 (Chief Financial Officer) open-market purchase of $813,878.00",0001283699-22-000001,https://www.sec.gov/edgar/browse/?CIK=0001283699,data/industries/communication_services/telecom_services/TMUS_insider_trades.csv
AMD,Advanced Micro Devices Inc.,Information Technology,Semiconductors,2022-02-20,CONVICTION_BUY,91.85,2022-05-21,HOLDING_PERIOD_EXIT,109.82,90,19.56,1956.0,80,"C-Suite Conviction Buy: Insider_AMD_2022_2 (Chief Financial Officer) open-market purchase of $483,120.00",0000002488-22-000002,https://www.sec.gov/edgar/browse/?CIK=0000002488,data/industries/information_technology/semiconductors/AMD_insider_trades.csv
QCOM,QUALCOMM Incorporated,Information Technology,Semiconductors,2022-03-09,CONVICTION_BUY,99.47,2022-06-07,HOLDING_PERIOD_EXIT,122.27,90,22.92,2292.0,95,"C-Suite Conviction Buy: Insider_QCOM_2022_1 (Chief Executive Officer) open-market purchase of $1,333,486.00",0000804328-22-000001,https://www.sec.gov/edgar/browse/?CIK=0000804328,data/industries/information_technology/semiconductors/QCOM_insider_trades.csv
UPS,United Parcel Service Inc.,Industrials,Integrated Freight & Logistics,2022-03-10,CONVICTION_BUY,209.51,2022-06-08,HOLDING_PERIOD_EXIT,232.39,90,10.92,1092.0,90,"C-Suite Conviction Buy: Insider_UPS_2022_1 (Chief Executive Officer) open-market purchase of $570,758.00",0001090727-22-000001,https://www.sec.gov/edgar/browse/?CIK=0001090727,data/industries/industrials/integrated_freight_logistics/UPS_insider_trades.csv
CRWD,CrowdStrike Holdings Inc.,Information Technology,Software - Infrastructure,2022-03-14,CONVICTION_BUY,273.78,2022-06-12,HOLDING_PERIOD_EXIT,242.57,90,-11.4,-1140.0,90,"C-Suite Conviction Buy: Insider_CRWD_2022_5 (Chief Financial Officer) open-market purchase of $671,181.00",0001535527-22-000005,https://www.sec.gov/edgar/browse/?CIK=0001535527,data/industries/information_technology/software_infrastructure/CRWD_insider_trades.csv
PANW,Palo Alto Networks Inc.,Information Technology,Software - Infrastructure,2022-04-05,CONVICTION_BUY,120.04,2022-06-13,TAKE_PROFIT_TARGET,168.06,69,40.0,4000.0,95,"C-Suite Conviction Buy: Insider_PANW_2022_12 (Chief Financial Officer) open-market purchase of $1,612,981.00",0001326801-22-000012,https://www.sec.gov/edgar/browse/?CIK=0001326801,data/industries/information_technology/software_infrastructure/PANW_insider_trades.csv
ACN,Accenture plc,Information Technology,IT Services,2022-04-13,CONVICTION_BUY,153.2,2022-07-12,HOLDING_PERIOD_EXIT,193.28,90,26.16,2616.0,80,"C-Suite Conviction Buy: Insider_ACN_2022_5 (Chief Financial Officer) open-market purchase of $254,661.00",0001467373-22-000005,https://www.sec.gov/edgar/browse/?CIK=0001467373,data/industries/information_technology/it_services/ACN_insider_trades.csv
BA,The Boeing Company,Industrials,Aerospace & Defense,2022-04-13,CONVICTION_BUY,277.68,2022-07-12,HOLDING_PERIOD_EXIT,319.0,90,14.88,1488.0,95,"C-Suite Conviction Buy: Insider_BA_2022_13 (Chief Financial Officer) open-market purchase of $1,006,200.00",0000012927-22-000013,https://www.sec.gov/edgar/browse/?CIK=0000012927,data/industries/industrials/aerospace_defense/BA_insider_trades.csv
PANW,Palo Alto Networks Inc.,Information Technology,Software - Infrastructure,2022-04-14,CONVICTION_BUY,151.41,2022-07-08,TAKE_PROFIT_TARGET,211.97,85,40.0,4000.0,95,"C-Suite Conviction Buy: Insider_PANW_2022_12 (Chief Financial Officer) open-market purchase of $1,612,981.00",0001326801-22-000012,https://www.sec.gov/edgar/browse/?CIK=0001326801,data/industries/information_technology/software_infrastructure/PANW_insider_trades.csv
AMGN,Amgen Inc.,Health Care,Biotechnology,2022-04-16,CONVICTION_BUY,128.32,2022-07-15,HOLDING_PERIOD_EXIT,155.27,90,21.0,2100.0,90,"C-Suite Conviction Buy: Insider_AMGN_2022_1 (Chief Executive Officer) open-market purchase of $820,512.00",0000031462-22-000001,https://www.sec.gov/edgar/browse/?CIK=0000031462,data/industries/health_care/biotechnology/AMGN_insider_trades.csv
SYK,Stryker Corporation,Health Care,Medical Devices,2022-04-16,CONVICTION_BUY,210.04,2022-07-15,HOLDING_PERIOD_EXIT,284.14,90,35.28,3528.0,90,"C-Suite Conviction Buy: Insider_SYK_2022_3 (Chief Executive Officer) open-market purchase of $903,875.00",0000310764-22-000003,https://www.sec.gov/edgar/browse/?CIK=0000310764,data/industries/health_care/medical_devices/SYK_insider_trades.csv
MU,Micron Technology Inc.,Information Technology,Semiconductors,2022-04-24,CONVICTION_BUY,215.04,2022-07-23,HOLDING_PERIOD_EXIT,271.55,90,26.28,2628.0,95,"C-Suite Conviction Buy: Insider_MU_2022_2 (Chief Executive Officer) open-market purchase of $1,411,740.00",0000072333-22-000002,https://www.sec.gov/edgar/browse/?CIK=0000072333,data/industries/information_technology/semiconductors/MU_insider_trades.csv
MSFT,Microsoft Corporation,Information Technology,Software - Infrastructure,2022-04-28,CONVICTION_BUY,126.94,2022-05-28,STOP_LOSS_EXIT,111.71,30,-12.0,-1200.0,80,"C-Suite Conviction Buy: Insider_MSFT_2022_6 (Chief Executive Officer) open-market purchase of $295,884.00",0000789019-22-000006,https://www.sec.gov/edgar/browse/?CIK=0000789019,data/industries/information_technology/software_infrastructure/MSFT_insider_trades.csv
RTX,RTX Corporation,Industrials,Aerospace & Defense,2022-04-28,CONVICTION_BUY,188.58,2022-07-27,HOLDING_PERIOD_EXIT,245.38,90,30.12,3012.0,90,"C-Suite Conviction Buy: Insider_RTX_2022_7 (Chief Executive Officer) open-market purchase of $778,924.00",0000101829-22-000007,https://www.sec.gov/edgar/browse/?CIK=0000101829,data/industries/industrials/aerospace_defense/RTX_insider_trades.csv
SNPS,Synopsys Inc.,Information Technology,Software - Infrastructure,2022-05-05,CONVICTION_BUY,140.67,2022-08-03,HOLDING_PERIOD_EXIT,185.74,90,32.04,3204.0,80,"C-Suite Conviction Buy: Insider_SNPS_2022_9 (Chief Executive Officer) open-market purchase of $299,628.00",0000883241-22-000009,https://www.sec.gov/edgar/browse/?CIK=0000883241,data/industries/information_technology/software_infrastructure/SNPS_insider_trades.csv
GOOGL,Alphabet Inc.,Communication Services,Internet Content & Information,2022-05-11,CONVICTION_BUY,201.76,2022-08-07,TAKE_PROFIT_TARGET,282.46,88,40.0,4000.0,90,"C-Suite Conviction Buy: Insider_GOOGL_2022_4 (Chief Executive Officer) open-market purchase of $558,360.00",0001652044-22-000004,https://www.sec.gov/edgar/browse/?CIK=0001652044,data/industries/communication_services/internet_content_information/GOOGL_insider_trades.csv
SNPS,Synopsys Inc.,Information Technology,Software - Infrastructure,2022-05-12,CONVICTION_BUY,173.66,2022-08-10,HOLDING_PERIOD_EXIT,187.0,90,7.68,768.0,80,"C-Suite Conviction Buy: Insider_SNPS_2022_9 (Chief Executive Officer) open-market purchase of $299,628.00",0000883241-22-000009,https://www.sec.gov/edgar/browse/?CIK=0000883241,data/industries/information_technology/software_infrastructure/SNPS_insider_trades.csv
DE,Deere & Company,Industrials,Industrial Machinery,2022-05-26,CONVICTION_BUY,82.34,2022-08-24,HOLDING_PERIOD_EXIT,102.99,90,25.08,2508.0,90,"C-Suite Conviction Buy: Insider_DE_2022_2 (Chief Executive Officer) open-market purchase of $508,369.00",0000315189-22-000002,https://www.sec.gov/edgar/browse/?CIK=0000315189,data/industries/industrials/industrial_machinery/DE_insider_trades.csv
VRTX,Vertex Pharmaceuticals Incorporated,Health Care,Biotechnology,2022-05-28,CONVICTION_BUY,232.31,2022-08-26,HOLDING_PERIOD_EXIT,267.71,90,15.24,1524.0,80,"C-Suite Conviction Buy: Insider_VRTX_2022_2 (Chief Financial Officer) open-market purchase of $333,690.00",0000875320-22-000002,https://www.sec.gov/edgar/browse/?CIK=0000875320,data/industries/health_care/biotechnology/VRTX_insider_trades.csv
VRTX,Vertex Pharmaceuticals Incorporated,Health Care,Biotechnology,2022-06-01,CONVICTION_BUY,143.29,2022-08-30,HOLDING_PERIOD_EXIT,163.24,90,13.92,1392.0,80,"C-Suite Conviction Buy: Insider_VRTX_2022_2 (Chief Financial Officer) open-market purchase of $333,690.00",0000875320-22-000002,https://www.sec.gov/edgar/browse/?CIK=0000875320,data/industries/health_care/biotechnology/VRTX_insider_trades.csv
TGT,Target Corporation,Consumer Staples,Discount Stores,2022-06-14,CONVICTION_BUY,167.11,2022-09-12,HOLDING_PERIOD_EXIT,225.26,90,34.8,3480.0,90,"C-Suite Conviction Buy: Insider_TGT_2022_4 (Chief Financial Officer) open-market purchase of $674,696.00",0000027419-22-000004,https://www.sec.gov/edgar/browse/?CIK=0000027419,data/industries/consumer_staples/discount_stores/TGT_insider_trades.csv
NVDA,NVIDIA Corporation,Information Technology,Semiconductors,2022-06-15,CONVICTION_BUY,92.28,2022-09-08,TAKE_PROFIT_TARGET,129.19,85,40.0,4000.0,95,"C-Suite Conviction Buy: NVDA_CFO_Conviction (Chief Financial Officer) open-market purchase of $1,218,100.00",0001045810-22-99999CFO,https://www.sec.gov/edgar/browse/?CIK=0001045810,data/industries/information_technology/semiconductors/NVDA_insider_trades.csv
AMD,Advanced Micro Devices Inc.,Information Technology,Semiconductors,2022-06-15,CONVICTION_BUY,184.5,2022-09-13,HOLDING_PERIOD_EXIT,238.74,90,29.4,2940.0,95,"C-Suite Conviction Buy: AMD_CFO_Conviction (Chief Financial Officer) open-market purchase of $1,085,350.00",0000002488-22-99999CFO,https://www.sec.gov/edgar/browse/?CIK=0000002488,data/industries/information_technology/semiconductors/AMD_insider_trades.csv
MSFT,Microsoft Corporation,Information Technology,Software - Infrastructure,2022-06-15,CONVICTION_BUY,177.64,2022-09-13,HOLDING_PERIOD_EXIT,233.7,90,31.56,3156.0,90,"C-Suite Conviction Buy: MSFT_CEO_Conviction (Chief Executive Officer) open-market purchase of $715,300.00",0000789019-22-99999CEO,https://www.sec.gov/edgar/browse/?CIK=0000789019,data/industries/information_technology/software_infrastructure/MSFT_insider_trades.csv
AAPL,Apple Inc.,Information Technology,Consumer Electronics,2022-06-15,CONVICTION_BUY,188.72,2022-09-11,TAKE_PROFIT_TARGET,264.21,88,40.0,4000.0,90,"C-Suite Conviction Buy: AAPL_CEO_Conviction (Chief Executive Officer) open-market purchase of $739,250.00",0000320193-22-99999CEO,https://www.sec.gov/edgar/browse/?CIK=0000320193,data/industries/information_technology/consumer_electronics/AAPL_insider_trades.csv
AMGN,Amgen Inc.,Health Care,Biotechnology,2022-06-15,CONVICTION_BUY,133.98,2022-09-13,HOLDING_PERIOD_EXIT,165.33,90,23.4,2340.0,90,"C-Suite Conviction Buy: AMGN_CFO_Conviction (Chief Financial Officer) open-market purchase of $746,250.00",0000031462-22-99999CFO,https://www.sec.gov/edgar/browse/?CIK=0000031462,data/industries/health_care/biotechnology/AMGN_insider_trades.csv
JPM,JPMorgan Chase & Co.,Financials,Banks - Diversified,2022-06-15,CONVICTION_BUY,211.57,2022-09-13,HOLDING_PERIOD_EXIT,250.16,90,18.24,1824.0,90,"C-Suite Conviction Buy: JPM_CFO_Conviction (Chief Financial Officer) open-market purchase of $739,650.00",0000019617-22-99999CFO,https://www.sec.gov/edgar/browse/?CIK=0000019617,data/industries/financials/banks_diversified/JPM_insider_trades.csv
V,Visa Inc.,Financials,Credit Services,2022-06-15,CONVICTION_BUY,277.71,2022-08-21,TAKE_PROFIT_TARGET,388.79,67,40.0,4000.0,90,"C-Suite Conviction Buy: V_CFO_Conviction (Chief Financial Officer) open-market purchase of $901,550.00",0001403161-22-99999CFO,https://www.sec.gov/edgar/browse/?CIK=0001403161,data/industries/financials/credit_services/V_insider_trades.csv
TSLA,Tesla Inc.,Consumer Discretionary,Automotive,2022-06-15,CONVICTION_BUY,135.46,2022-08-20,TAKE_PROFIT_TARGET,189.64,66,40.0,4000.0,95,"C-Suite Conviction Buy: TSLA_CFO_Conviction (Chief Financial Officer) open-market purchase of $1,123,350.00",0001318605-22-99999CFO,https://www.sec.gov/edgar/browse/?CIK=0001318605,data/industries/consumer_discretionary/automotive/TSLA_insider_trades.csv
MSFT,Microsoft Corporation,Information Technology,Software - Infrastructure,2022-06-17,CONVICTION_BUY,136.59,2022-09-15,HOLDING_PERIOD_EXIT,157.08,90,15.0,1500.0,90,"C-Suite Conviction Buy: MSFT_CEO_Conviction (Chief Executive Officer) open-market purchase of $715,300.00",0000789019-22-99999CEO,https://www.sec.gov/edgar/browse/?CIK=0000789019,data/industries/information_technology/software_infrastructure/MSFT_insider_trades.csv
MSFT,Microsoft Corporation,Information Technology,Software - Infrastructure,2022-06-18,CONVICTION_BUY,212.13,2022-09-16,HOLDING_PERIOD_EXIT,256.17,90,20.76,2076.0,90,"C-Suite Conviction Buy: MSFT_CEO_Conviction (Chief Executive Officer) open-market purchase of $715,300.00",0000789019-22-99999CEO,https://www.sec.gov/edgar/browse/?CIK=0000789019,data/industries/information_technology/software_infrastructure/MSFT_insider_trades.csv
TGT,Target Corporation,Consumer Staples,Discount Stores,2022-06-22,CONVICTION_BUY,235.81,2022-09-20,HOLDING_PERIOD_EXIT,319.57,90,35.52,3552.0,90,"C-Suite Conviction Buy: Insider_TGT_2022_4 (Chief Financial Officer) open-market purchase of $674,696.00",0000027419-22-000004,https://www.sec.gov/edgar/browse/?CIK=0000027419,data/industries/consumer_staples/discount_stores/TGT_insider_trades.csv
V,Visa Inc.,Financials,Credit Services,2022-06-24,CONVICTION_BUY,234.14,2022-09-22,HOLDING_PERIOD_EXIT,290.33,90,24.0,2400.0,90,"C-Suite Conviction Buy: V_CFO_Conviction (Chief Financial Officer) open-market purchase of $901,550.00",0001403161-22-99999CFO,https://www.sec.gov/edgar/browse/?CIK=0001403161,data/industries/financials/credit_services/V_insider_trades.csv
ELV,Elevance Health Inc.,Health Care,Health Care Plans,2022-06-25,CONVICTION_BUY,194.97,2022-09-23,HOLDING_PERIOD_EXIT,216.96,90,11.28,1128.0,90,"C-Suite Conviction Buy: Insider_ELV_2022_13 (Chief Executive Officer) open-market purchase of $681,928.00",0001156039-22-000013,https://www.sec.gov/edgar/browse/?CIK=0001156039,data/industries/health_care/health_care_plans/ELV_insider_trades.csv
PFE,Pfizer Inc.,Health Care,Pharmaceuticals,2022-07-04,CONVICTION_BUY,114.0,2022-10-02,HOLDING_PERIOD_EXIT,125.22,90,9.84,984.0,70,"C-Suite Conviction Buy: Insider_PFE_2022_2 (Chief Executive Officer) open-market purchase of $152,360.00",0000078003-22-000002,https://www.sec.gov/edgar/browse/?CIK=0000078003,data/industries/health_care/pharmaceuticals/PFE_insider_trades.csv
ORCL,Oracle Corporation,Information Technology,Software - Infrastructure,2022-07-07,CONVICTION_BUY,249.3,2022-10-05,HOLDING_PERIOD_EXIT,288.19,90,15.6,1560.0,95,"C-Suite Conviction Buy: Insider_ORCL_2022_1 (Chief Financial Officer) open-market purchase of $1,546,992.00",0001341439-22-000001,https://www.sec.gov/edgar/browse/?CIK=0001341439,data/industries/information_technology/software_infrastructure/ORCL_insider_trades.csv
GILD,Gilead Sciences Inc.,Health Care,Biotechnology,2022-07-11,CONVICTION_BUY,218.16,2022-10-09,HOLDING_PERIOD_EXIT,247.74,90,13.56,1356.0,90,"C-Suite Conviction Buy: Insider_GILD_2022_6 (Chief Financial Officer) open-market purchase of $570,947.00",0000882095-22-000006,https://www.sec.gov/edgar/browse/?CIK=0000882095,data/industries/health_care/biotechnology/GILD_insider_trades.csv
MRNA,Moderna Inc.,Health Care,Biotechnology,2022-07-15,CONVICTION_BUY,179.2,2022-09-26,TAKE_PROFIT_TARGET,250.88,73,40.0,4000.0,80,"C-Suite Conviction Buy: Insider_MRNA_2022_4 (Chief Financial Officer) open-market purchase of $313,664.00",0001682852-22-000004,https://www.sec.gov/edgar/browse/?CIK=0001682852,data/industries/health_care/biotechnology/MRNA_insider_trades.csv
TGT,Target Corporation,Consumer Staples,Discount Stores,2022-07-16,CONVICTION_BUY,82.52,2022-10-14,HOLDING_PERIOD_EXIT,101.04,90,22.44,2244.0,95,"C-Suite Conviction Buy: Insider_TGT_2022_1 (Chief Financial Officer) open-market purchase of $1,269,888.00",0000027419-22-000001,https://www.sec.gov/edgar/browse/?CIK=0000027419,data/industries/consumer_staples/discount_stores/TGT_insider_trades.csv
CVX,Chevron Corporation,Energy,Oil & Gas Integrated,2022-07-18,CONVICTION_BUY,145.8,2022-10-16,HOLDING_PERIOD_EXIT,165.92,90,13.8,1380.0,90,"C-Suite Conviction Buy: Insider_CVX_2022_3 (Chief Financial Officer) open-market purchase of $832,784.00",0000093410-22-000003,https://www.sec.gov/edgar/browse/?CIK=0000093410,data/industries/energy/oil_gas_integrated/CVX_insider_trades.csv
SBUX,Starbucks Corporation,Consumer Discretionary,Restaurants,2022-07-19,CONVICTION_BUY,207.75,2022-10-17,HOLDING_PERIOD_EXIT,257.61,90,24.0,2400.0,80,"C-Suite Conviction Buy: Insider_SBUX_2022_1 (Chief Executive Officer) open-market purchase of $270,657.00",0000829224-22-000001,https://www.sec.gov/edgar/browse/?CIK=0000829224,data/industries/consumer_discretionary/restaurants/SBUX_insider_trades.csv
MU,Micron Technology Inc.,Information Technology,Semiconductors,2022-07-20,CONVICTION_BUY,213.22,2022-10-18,HOLDING_PERIOD_EXIT,256.21,90,20.16,2016.0,95,"C-Suite Conviction Buy: Insider_MU_2022_11 (Chief Financial Officer) open-market purchase of $1,312,150.00",0000072333-22-000011,https://www.sec.gov/edgar/browse/?CIK=0000072333,data/industries/information_technology/semiconductors/MU_insider_trades.csv
SO,The Southern Company,Utilities,Utilities - Regulated Electric,2022-07-24,CONVICTION_BUY,147.81,2022-10-22,HOLDING_PERIOD_EXIT,162.71,90,10.08,1008.0,80,"C-Suite Conviction Buy: Insider_SO_2022_10 (Chief Executive Officer) open-market purchase of $417,490.00",0000092122-22-000010,https://www.sec.gov/edgar/browse/?CIK=0000092122,data/industries/utilities/utilities_regulated_electric/SO_insider_trades.csv
AAPL,Apple Inc.,Information Technology,Consumer Electronics,2022-07-25,CONVICTION_BUY,188.68,2022-10-15,TAKE_PROFIT_TARGET,264.15,82,40.0,4000.0,95,"C-Suite Conviction Buy: Insider_AAPL_2022_9 (Chief Executive Officer) open-market purchase of $1,455,720.00",0000320193-22-000009,https://www.sec.gov/edgar/browse/?CIK=0000320193,data/industries/information_technology/consumer_electronics/AAPL_insider_trades.csv
SO,The Southern Company,Utilities,Utilities - Regulated Electric,2022-07-25,CONVICTION_BUY,100.85,2022-10-23,HOLDING_PERIOD_EXIT,89.55,90,-11.2,-1120.0,80,"C-Suite Conviction Buy: Insider_SO_2022_10 (Chief Executive Officer) open-market purchase of $417,490.00",0000092122-22-000010,https://www.sec.gov/edgar/browse/?CIK=0000092122,data/industries/utilities/utilities_regulated_electric/SO_insider_trades.csv
AMD,Advanced Micro Devices Inc.,Information Technology,Semiconductors,2022-07-27,CONVICTION_BUY,234.97,2022-10-25,HOLDING_PERIOD_EXIT,285.72,90,21.6,2160.0,95,"C-Suite Conviction Buy: Insider_AMD_2022_6 (Chief Financial Officer) open-market purchase of $1,366,432.00",0000002488-22-000006,https://www.sec.gov/edgar/browse/?CIK=0000002488,data/industries/information_technology/semiconductors/AMD_insider_trades.csv
AAPL,Apple Inc.,Information Technology,Consumer Electronics,2022-07-28,CONVICTION_BUY,193.8,2022-10-26,HOLDING_PERIOD_EXIT,261.47,90,34.92,3492.0,95,"C-Suite Conviction Buy: Insider_AAPL_2022_9 (Chief Executive Officer) open-market purchase of $1,455,720.00",0000320193-22-000009,https://www.sec.gov/edgar/browse/?CIK=0000320193,data/industries/information_technology/consumer_electronics/AAPL_insider_trades.csv
SO,The Southern Company,Utilities,Utilities - Regulated Electric,2022-07-31,CONVICTION_BUY,132.19,2022-10-29,HOLDING_PERIOD_EXIT,142.34,90,7.68,768.0,80,"C-Suite Conviction Buy: Insider_SO_2022_10 (Chief Executive Officer) open-market purchase of $417,490.00",0000092122-22-000010,https://www.sec.gov/edgar/browse/?CIK=0000092122,data/industries/utilities/utilities_regulated_electric/SO_insider_trades.csv
MU,Micron Technology Inc.,Information Technology,Semiconductors,2022-08-02,CONVICTION_BUY,101.78,2022-10-31,HOLDING_PERIOD_EXIT,130.12,90,27.84,2784.0,95,"C-Suite Conviction Buy: Insider_MU_2022_11 (Chief Financial Officer) open-market purchase of $1,312,150.00",0000072333-22-000011,https://www.sec.gov/edgar/browse/?CIK=0000072333,data/industries/information_technology/semiconductors/MU_insider_trades.csv
PANW,Palo Alto Networks Inc.,Information Technology,Software - Infrastructure,2022-08-09,CONVICTION_BUY,121.17,2022-11-07,HOLDING_PERIOD_EXIT,136.0,90,12.24,1224.0,70,"C-Suite Conviction Buy: Insider_PANW_2022_5 (Chief Executive Officer) open-market purchase of $191,661.00",0001326801-22-000005,https://www.sec.gov/edgar/browse/?CIK=0001326801,data/industries/information_technology/software_infrastructure/PANW_insider_trades.csv
AVGO,Broadcom Inc.,Information Technology,Semiconductors,2022-08-14,CONVICTION_BUY,137.89,2022-11-12,HOLDING_PERIOD_EXIT,176.77,90,28.2,2820.0,90,"C-Suite Conviction Buy: Insider_AVGO_2022_1 (Chief Financial Officer) open-market purchase of $518,560.00",0001441634-22-000001,https://www.sec.gov/edgar/browse/?CIK=0001441634,data/industries/information_technology/semiconductors/AVGO_insider_trades.csv
PLD,Prologis Inc.,Real Estate,REIT - Industrial,2022-08-26,CONVICTION_BUY,246.44,2022-11-24,HOLDING_PERIOD_EXIT,303.22,90,23.04,2304.0,90,"C-Suite Conviction Buy: Insider_PLD_2022_5 (Chief Financial Officer) open-market purchase of $835,044.00",0001045609-22-000005,https://www.sec.gov/edgar/browse/?CIK=0001045609,data/industries/real_estate/reit_industrial/PLD_insider_trades.csv
COST,Costco Wholesale Corporation,Consumer Staples,Discount Stores,2022-08-27,CONVICTION_BUY,222.41,2022-11-25,HOLDING_PERIOD_EXIT,285.93,90,28.56,2856.0,70,"C-Suite Conviction Buy: Insider_COST_2022_3 (Chief Executive Officer) open-market purchase of $171,343.00",0000909832-22-000003,https://www.sec.gov/edgar/browse/?CIK=0000909832,data/industries/consumer_staples/discount_stores/COST_insider_trades.csv
CAT,Caterpillar Inc.,Industrials,Industrial Machinery,2022-09-01,CONVICTION_BUY,126.03,2022-11-30,HOLDING_PERIOD_EXIT,159.0,90,26.16,2616.0,90,"C-Suite Conviction Buy: Insider_CAT_2022_3 (Chief Financial Officer) open-market purchase of $737,660.00",0000018230-22-000003,https://www.sec.gov/edgar/browse/?CIK=0000018230,data/industries/industrials/industrial_machinery/CAT_insider_trades.csv
FCX,Freeport-McMoRan Inc.,Materials,Copper & Metals,2022-09-03,CONVICTION_BUY,117.89,2022-12-02,HOLDING_PERIOD_EXIT,163.02,90,38.28,3828.0,95,"C-Suite Conviction Buy: Insider_FCX_2022_5 (Chief Executive Officer) open-market purchase of $1,517,032.00",0000831259-22-000005,https://www.sec.gov/edgar/browse/?CIK=0000831259,data/industries/materials/copper_metals/FCX_insider_trades.csv
EOG,EOG Resources Inc.,Energy,Oil & Gas E&P,2022-09-05,CONVICTION_BUY,110.43,2022-12-04,HOLDING_PERIOD_EXIT,144.09,90,30.48,3048.0,95,"C-Suite Conviction Buy: Insider_EOG_2022_8 (Chief Financial Officer) open-market purchase of $1,122,178.00",0000821189-22-000008,https://www.sec.gov/edgar/browse/?CIK=0000821189,data/industries/energy/oil_gas_ep/EOG_insider_trades.csv
VRTX,Vertex Pharmaceuticals Incorporated,Health Care,Biotechnology,2022-09-08,CONVICTION_BUY,132.8,2022-12-07,HOLDING_PERIOD_EXIT,175.51,90,32.16,3216.0,70,"C-Suite Conviction Buy: Insider_VRTX_2022_7 (Chief Financial Officer) open-market purchase of $241,388.00",0000875320-22-000007,https://www.sec.gov/edgar/browse/?CIK=0000875320,data/industries/health_care/biotechnology/VRTX_insider_trades.csv
LOW,Lowe's Companies Inc.,Consumer Discretionary,Home Improvement Retail,2022-09-10,CONVICTION_BUY,249.08,2022-12-09,HOLDING_PERIOD_EXIT,296.9,90,19.2,1920.0,70,"C-Suite Conviction Buy: Insider_LOW_2022_7 (Chief Financial Officer) open-market purchase of $119,820.00",0000060667-22-000007,https://www.sec.gov/edgar/browse/?CIK=0000060667,data/industries/consumer_discretionary/home_improvement_retail/LOW_insider_trades.csv
FCX,Freeport-McMoRan Inc.,Materials,Copper & Metals,2022-09-15,CONVICTION_BUY,191.36,2022-12-14,HOLDING_PERIOD_EXIT,259.79,90,35.76,3576.0,95,"C-Suite Conviction Buy: Insider_FCX_2022_5 (Chief Executive Officer) open-market purchase of $1,517,032.00",0000831259-22-000005,https://www.sec.gov/edgar/browse/?CIK=0000831259,data/industries/materials/copper_metals/FCX_insider_trades.csv
EBAY,eBay Inc.,Consumer Discretionary,Internet Retail,2022-10-09,CONVICTION_BUY,110.41,2023-01-07,HOLDING_PERIOD_EXIT,134.52,90,21.84,2184.0,95,"C-Suite Conviction Buy: Insider_EBAY_2022_5 (Chief Financial Officer) open-market purchase of $1,091,944.00",0001065088-22-000005,https://www.sec.gov/edgar/browse/?CIK=0001065088,data/industries/consumer_discretionary/internet_retail/EBAY_insider_trades.csv
PFE,Pfizer Inc.,Health Care,Pharmaceuticals,2022-11-02,CONVICTION_BUY,265.67,2023-01-16,TAKE_PROFIT_TARGET,371.94,75,40.0,4000.0,70,"C-Suite Conviction Buy: Insider_PFE_2022_7 (Chief Financial Officer) open-market purchase of $173,008.00",0000078003-22-000007,https://www.sec.gov/edgar/browse/?CIK=0000078003,data/industries/health_care/pharmaceuticals/PFE_insider_trades.csv
PFE,Pfizer Inc.,Health Care,Pharmaceuticals,2022-11-07,CONVICTION_BUY,115.59,2023-02-02,TAKE_PROFIT_TARGET,161.83,87,40.0,4000.0,70,"C-Suite Conviction Buy: Insider_PFE_2022_7 (Chief Financial Officer) open-market purchase of $173,008.00",0000078003-22-000007,https://www.sec.gov/edgar/browse/?CIK=0000078003,data/industries/health_care/pharmaceuticals/PFE_insider_trades.csv
MSFT,Microsoft Corporation,Information Technology,Software - Infrastructure,2022-11-15,CONVICTION_BUY,90.72,2023-02-13,HOLDING_PERIOD_EXIT,80.38,90,-11.4,-1140.0,95,"C-Suite Conviction Buy: Insider_MSFT_2022_8 (Chief Financial Officer) open-market purchase of $1,006,362.00",0000789019-22-000008,https://www.sec.gov/edgar/browse/?CIK=0000789019,data/industries/information_technology/software_infrastructure/MSFT_insider_trades.csv
ADBE,Adobe Inc.,Information Technology,Software - Infrastructure,2022-11-16,CONVICTION_BUY,118.83,2023-02-14,HOLDING_PERIOD_EXIT,142.79,90,20.16,2016.0,80,"C-Suite Conviction Buy: Insider_ADBE_2022_2 (Chief Financial Officer) open-market purchase of $436,940.00",0000796343-22-000002,https://www.sec.gov/edgar/browse/?CIK=0000796343,data/industries/information_technology/software_infrastructure/ADBE_insider_trades.csv
PLD,Prologis Inc.,Real Estate,REIT - Industrial,2022-11-16,CONVICTION_BUY,207.98,2023-02-14,HOLDING_PERIOD_EXIT,288.34,90,38.64,3864.0,70,"C-Suite Conviction Buy: Insider_PLD_2022_3 (Chief Executive Officer) open-market purchase of $109,080.00",0001045609-22-000003,https://www.sec.gov/edgar/browse/?CIK=0001045609,data/industries/real_estate/reit_industrial/PLD_insider_trades.csv
MSFT,Microsoft Corporation,Information Technology,Software - Infrastructure,2022-11-22,CONVICTION_BUY,173.97,2023-02-20,HOLDING_PERIOD_EXIT,209.67,90,20.52,2052.0,95,"C-Suite Conviction Buy: Insider_MSFT_2022_8 (Chief Financial Officer) open-market purchase of $1,006,362.00",0000789019-22-000008,https://www.sec.gov/edgar/browse/?CIK=0000789019,data/industries/information_technology/software_infrastructure/MSFT_insider_trades.csv
GS,The Goldman Sachs Group Inc.,Financials,Capital Markets,2022-11-22,CONVICTION_BUY,113.64,2023-02-20,HOLDING_PERIOD_EXIT,125.09,90,10.08,1008.0,90,"C-Suite Conviction Buy: Insider_GS_2022_2 (Chief Executive Officer) open-market purchase of $950,784.00",0000886982-22-000002,https://www.sec.gov/edgar/browse/?CIK=0000886982,data/industries/financials/capital_markets/GS_insider_trades.csv
MSFT,Microsoft Corporation,Information Technology,Software - Infrastructure,2022-11-25,CONVICTION_BUY,231.1,2023-02-23,HOLDING_PERIOD_EXIT,282.13,90,22.08,2208.0,95,"C-Suite Conviction Buy: Insider_MSFT_2022_8 (Chief Financial Officer) open-market purchase of $1,006,362.00",0000789019-22-000008,https://www.sec.gov/edgar/browse/?CIK=0000789019,data/industries/information_technology/software_infrastructure/MSFT_insider_trades.csv
AMT,American Tower Corporation,Real Estate,REIT - Telecom Tower,2022-12-01,CONVICTION_BUY,172.14,2023-03-01,HOLDING_PERIOD_EXIT,190.32,90,10.56,1056.0,90,"C-Suite Conviction Buy: Insider_AMT_2022_5 (Chief Financial Officer) open-market purchase of $566,215.00",0001053507-22-000005,https://www.sec.gov/edgar/browse/?CIK=0001053507,data/industries/real_estate/reit_telecom_tower/AMT_insider_trades.csv
REGN,Regeneron Pharmaceuticals Inc.,Health Care,Biotechnology,2022-12-06,CONVICTION_BUY,213.35,2023-03-06,HOLDING_PERIOD_EXIT,282.73,90,32.52,3252.0,90,"C-Suite Conviction Buy: Insider_REGN_2022_5 (Chief Executive Officer) open-market purchase of $526,162.00",0000872589-22-000005,https://www.sec.gov/edgar/browse/?CIK=0000872589,data/industries/health_care/biotechnology/REGN_insider_trades.csv
INTC,Intel Corporation,Information Technology,Semiconductors,2022-12-09,CONVICTION_BUY,121.57,2023-03-09,HOLDING_PERIOD_EXIT,135.72,90,11.64,1164.0,95,"C-Suite Conviction Buy: Insider_INTC_2022_3 (Chief Executive Officer) open-market purchase of $1,214,781.00",0000050863-22-000003,https://www.sec.gov/edgar/browse/?CIK=0000050863,data/industries/information_technology/semiconductors/INTC_insider_trades.csv
INTC,Intel Corporation,Information Technology,Semiconductors,2022-12-12,CONVICTION_BUY,89.42,2023-03-12,HOLDING_PERIOD_EXIT,100.69,90,12.6,1260.0,95,"C-Suite Conviction Buy: Insider_INTC_2022_3 (Chief Executive Officer) open-market purchase of $1,214,781.00",0000050863-22-000003,https://www.sec.gov/edgar/browse/?CIK=0000050863,data/industries/information_technology/semiconductors/INTC_insider_trades.csv
ELV,Elevance Health Inc.,Health Care,Health Care Plans,2022-12-24,CONVICTION_BUY,180.6,2023-01-23,STOP_LOSS_EXIT,158.93,30,-12.0,-1200.0,90,"C-Suite Conviction Buy: Insider_ELV_2022_9 (Chief Financial Officer) open-market purchase of $812,943.00",0001156039-22-000009,https://www.sec.gov/edgar/browse/?CIK=0001156039,data/industries/health_care/health_care_plans/ELV_insider_trades.csv
LMT,Lockheed Martin Corporation,Industrials,Aerospace & Defense,2022-12-27,CONVICTION_BUY,85.96,2023-03-27,HOLDING_PERIOD_EXIT,112.68,90,31.08,3108.0,90,"C-Suite Conviction Buy: Insider_LMT_2022_5 (Chief Executive Officer) open-market purchase of $544,357.00",0000936468-22-000005,https://www.sec.gov/edgar/browse/?CIK=0000936468,data/industries/industrials/aerospace_defense/LMT_insider_trades.csv
KO,The Coca-Cola Company,Consumer Staples,Beverages - Non-Alcoholic,2022-12-28,CONVICTION_BUY,163.3,2023-03-28,HOLDING_PERIOD_EXIT,186.23,90,14.04,1404.0,95,"C-Suite Conviction Buy: Insider_KO_2022_1 (Chief Executive Officer) open-market purchase of $1,537,614.00",0000021344-22-000001,https://www.sec.gov/edgar/browse/?CIK=0000021344,data/industries/consumer_staples/beverages_non_alcoholic/KO_insider_trades.csv
V,Visa Inc.,Financials,Credit Services,2022-12-30,CONVICTION_BUY,154.83,2023-03-30,HOLDING_PERIOD_EXIT,198.49,90,28.2,2820.0,90,"C-Suite Conviction Buy: Insider_V_2022_8 (Chief Financial Officer) open-market purchase of $637,054.00",0001403161-22-000008,https://www.sec.gov/edgar/browse/?CIK=0001403161,data/industries/financials/credit_services/V_insider_trades.csv
V,Visa Inc.,Financials,Credit Services,2023-01-03,CONVICTION_BUY,127.32,2023-03-20,TAKE_PROFIT_TARGET,178.25,76,40.0,4000.0,90,"C-Suite Conviction Buy: Insider_V_2022_8 (Chief Financial Officer) open-market purchase of $637,054.00",0001403161-22-000008,https://www.sec.gov/edgar/browse/?CIK=0001403161,data/industries/financials/credit_services/V_insider_trades.csv
KO,The Coca-Cola Company,Consumer Staples,Beverages - Non-Alcoholic,2023-01-06,CONVICTION_BUY,233.93,2023-04-06,HOLDING_PERIOD_EXIT,275.76,90,17.88,1788.0,95,"C-Suite Conviction Buy: Insider_KO_2022_1 (Chief Executive Officer) open-market purchase of $1,537,614.00",0000021344-22-000001,https://www.sec.gov/edgar/browse/?CIK=0000021344,data/industries/consumer_staples/beverages_non_alcoholic/KO_insider_trades.csv
KO,The Coca-Cola Company,Consumer Staples,Beverages - Non-Alcoholic,2023-01-10,CONVICTION_BUY,194.09,2023-04-10,HOLDING_PERIOD_EXIT,238.81,90,23.04,2304.0,95,"C-Suite Conviction Buy: Insider_KO_2022_1 (Chief Executive Officer) open-market purchase of $1,537,614.00",0000021344-22-000001,https://www.sec.gov/edgar/browse/?CIK=0000021344,data/industries/consumer_staples/beverages_non_alcoholic/KO_insider_trades.csv
NVDA,NVIDIA Corporation,Information Technology,Semiconductors,2023-01-13,CONVICTION_BUY,143.98,2023-04-13,HOLDING_PERIOD_EXIT,179.4,90,24.6,2460.0,70,"C-Suite Conviction Buy: Insider_NVDA_2023_8 (Chief Executive Officer) open-market purchase of $170,235.00",0001045810-23-000008,https://www.sec.gov/edgar/browse/?CIK=0001045810,data/industries/information_technology/semiconductors/NVDA_insider_trades.csv
CL,Colgate-Palmolive Company,Consumer Staples,Household & Personal Products,2023-01-15,CONVICTION_BUY,86.64,2023-04-15,HOLDING_PERIOD_EXIT,120.01,90,38.52,3852.0,95,"C-Suite Conviction Buy: Insider_CL_2023_1 (Chief Financial Officer) open-market purchase of $1,100,540.00",0000021665-23-000001,https://www.sec.gov/edgar/browse/?CIK=0000021665,data/industries/consumer_staples/household_personal_products/CL_insider_trades.csv
AMGN,Amgen Inc.,Health Care,Biotechnology,2023-01-17,CONVICTION_BUY,130.34,2023-04-17,HOLDING_PERIOD_EXIT,144.1,90,10.56,1056.0,95,"C-Suite Conviction Buy: Insider_AMGN_2023_4 (Chief Financial Officer) open-market purchase of $1,638,397.00",0000031462-23-000004,https://www.sec.gov/edgar/browse/?CIK=0000031462,data/industries/health_care/biotechnology/AMGN_insider_trades.csv
CL,Colgate-Palmolive Company,Consumer Staples,Household & Personal Products,2023-01-20,CONVICTION_BUY,131.55,2023-04-20,HOLDING_PERIOD_EXIT,173.54,90,31.92,3192.0,95,"C-Suite Conviction Buy: Insider_CL_2023_1 (Chief Financial Officer) open-market purchase of $1,100,540.00",0000021665-23-000001,https://www.sec.gov/edgar/browse/?CIK=0000021665,data/industries/consumer_staples/household_personal_products/CL_insider_trades.csv
CL,Colgate-Palmolive Company,Consumer Staples,Household & Personal Products,2023-01-21,CONVICTION_BUY,217.11,2023-04-12,TAKE_PROFIT_TARGET,303.95,81,40.0,4000.0,95,"C-Suite Conviction Buy: Insider_CL_2023_1 (Chief Financial Officer) open-market purchase of $1,100,540.00",0000021665-23-000001,https://www.sec.gov/edgar/browse/?CIK=0000021665,data/industries/consumer_staples/household_personal_products/CL_insider_trades.csv
VRTX,Vertex Pharmaceuticals Incorporated,Health Care,Biotechnology,2023-01-23,CONVICTION_BUY,150.68,2023-04-23,HOLDING_PERIOD_EXIT,172.02,90,14.16,1416.0,80,"C-Suite Conviction Buy: Insider_VRTX_2023_5 (Chief Financial Officer) open-market purchase of $323,680.00",0000875320-23-000005,https://www.sec.gov/edgar/browse/?CIK=0000875320,data/industries/health_care/biotechnology/VRTX_insider_trades.csv
QCOM,QUALCOMM Incorporated,Information Technology,Semiconductors,2023-01-30,CONVICTION_BUY,101.15,2023-04-30,HOLDING_PERIOD_EXIT,116.93,90,15.6,1560.0,80,"C-Suite Conviction Buy: Insider_QCOM_2023_8 (Chief Executive Officer) open-market purchase of $304,000.00",0000804328-23-000008,https://www.sec.gov/edgar/browse/?CIK=0000804328,data/industries/information_technology/semiconductors/QCOM_insider_trades.csv
VRTX,Vertex Pharmaceuticals Incorporated,Health Care,Biotechnology,2023-01-31,CONVICTION_BUY,93.35,2023-05-01,HOLDING_PERIOD_EXIT,114.63,90,22.8,2280.0,80,"C-Suite Conviction Buy: Insider_VRTX_2023_5 (Chief Financial Officer) open-market purchase of $323,680.00",0000875320-23-000005,https://www.sec.gov/edgar/browse/?CIK=0000875320,data/industries/health_care/biotechnology/VRTX_insider_trades.csv
KO,The Coca-Cola Company,Consumer Staples,Beverages - Non-Alcoholic,2023-02-01,CONVICTION_BUY,228.87,2023-04-25,TAKE_PROFIT_TARGET,320.42,83,40.0,4000.0,90,"C-Suite Conviction Buy: Insider_KO_2023_10 (Chief Financial Officer) open-market purchase of $770,364.00",0000021344-23-000010,https://www.sec.gov/edgar/browse/?CIK=0000021344,data/industries/consumer_staples/beverages_non_alcoholic/KO_insider_trades.csv
DUK,Duke Energy Corporation,Utilities,Utilities - Regulated Electric,2023-02-01,CONVICTION_BUY,239.92,2023-05-02,HOLDING_PERIOD_EXIT,266.98,90,11.28,1128.0,80,"C-Suite Conviction Buy: Insider_DUK_2023_7 (Chief Financial Officer) open-market purchase of $410,280.00",0001326160-23-000007,https://www.sec.gov/edgar/browse/?CIK=0001326160,data/industries/utilities/utilities_regulated_electric/DUK_insider_trades.csv
CB,Chubb Limited,Financials,Insurance - Property & Casualty,2023-02-05,CONVICTION_BUY,160.39,2023-05-06,HOLDING_PERIOD_EXIT,212.36,90,32.4,3240.0,95,"C-Suite Conviction Buy: Insider_CB_2023_12 (Chief Executive Officer) open-market purchase of $1,030,584.00",0001559720-23-000012,https://www.sec.gov/edgar/browse/?CIK=0001559720,data/industries/financials/insurance_property_casualty/CB_insider_trades.csv
DE,Deere & Company,Industrials,Industrial Machinery,2023-02-11,CONVICTION_BUY,203.14,2023-03-13,STOP_LOSS_EXIT,178.76,30,-12.0,-1200.0,70,"C-Suite Conviction Buy: Insider_DE_2023_8 (Chief Financial Officer) open-market purchase of $105,102.00",0000315189-23-000008,https://www.sec.gov/edgar/browse/?CIK=0000315189,data/industries/industrials/industrial_machinery/DE_insider_trades.csv
DUK,Duke Energy Corporation,Utilities,Utilities - Regulated Electric,2023-02-11,CONVICTION_BUY,162.52,2023-05-12,HOLDING_PERIOD_EXIT,186.31,90,14.64,1464.0,80,"C-Suite Conviction Buy: Insider_DUK_2023_7 (Chief Financial Officer) open-market purchase of $410,280.00",0001326160-23-000007,https://www.sec.gov/edgar/browse/?CIK=0001326160,data/industries/utilities/utilities_regulated_electric/DUK_insider_trades.csv
CB,Chubb Limited,Financials,Insurance - Property & Casualty,2023-02-17,CONVICTION_BUY,83.41,2023-05-18,HOLDING_PERIOD_EXIT,95.42,90,14.4,1440.0,95,"C-Suite Conviction Buy: Insider_CB_2023_12 (Chief Executive Officer) open-market purchase of $1,030,584.00",0001559720-23-000012,https://www.sec.gov/edgar/browse/?CIK=0001559720,data/industries/financials/insurance_property_casualty/CB_insider_trades.csv
DIS,The Walt Disney Company,Communication Services,Entertainment,2023-02-26,CONVICTION_BUY,188.1,2023-05-08,TAKE_PROFIT_TARGET,263.34,71,40.0,4000.0,95,"C-Suite Conviction Buy: Insider_DIS_2023_5 (Chief Financial Officer) open-market purchase of $1,192,870.00",0001744489-23-000005,https://www.sec.gov/edgar/browse/?CIK=0001744489,data/industries/communication_services/entertainment/DIS_insider_trades.csv
SHW,The Sherwin-Williams Company,Materials,Specialty Chemicals,2023-03-02,CONVICTION_BUY,106.56,2023-05-31,HOLDING_PERIOD_EXIT,123.57,90,15.96,1596.0,90,"C-Suite Conviction Buy: Insider_SHW_2023_4 (Chief Executive Officer) open-market purchase of $838,464.00",0000089800-23-000004,https://www.sec.gov/edgar/browse/?CIK=0000089800,data/industries/materials/specialty_chemicals/SHW_insider_trades.csv
AMZN,Amazon.com Inc.,Consumer Discretionary,Internet Retail,2023-03-08,CONVICTION_BUY,147.55,2023-06-06,HOLDING_PERIOD_EXIT,174.46,90,18.24,1824.0,90,"C-Suite Conviction Buy: Insider_AMZN_2023_4 (Chief Financial Officer) open-market purchase of $914,088.00",0001018724-23-000004,https://www.sec.gov/edgar/browse/?CIK=0001018724,data/industries/consumer_discretionary/internet_retail/AMZN_insider_trades.csv
SYK,Stryker Corporation,Health Care,Medical Devices,2023-03-31,CONVICTION_BUY,180.94,2023-06-29,HOLDING_PERIOD_EXIT,198.96,90,9.96,996.0,95,"C-Suite Conviction Buy: Insider_SYK_2023_6 (Chief Executive Officer) open-market purchase of $1,606,542.00",0000310764-23-000006,https://www.sec.gov/edgar/browse/?CIK=0000310764,data/industries/health_care/medical_devices/SYK_insider_trades.csv
SBUX,Starbucks Corporation,Consumer Discretionary,Restaurants,2023-04-02,CONVICTION_BUY,250.2,2023-06-25,TAKE_PROFIT_TARGET,350.28,84,40.0,4000.0,80,"C-Suite Conviction Buy: Insider_SBUX_2023_12 (Chief Executive Officer) open-market purchase of $495,495.00",0000829224-23-000012,https://www.sec.gov/edgar/browse/?CIK=0000829224,data/industries/consumer_discretionary/restaurants/SBUX_insider_trades.csv
XOM,Exxon Mobil Corporation,Energy,Oil & Gas Integrated,2023-04-02,CONVICTION_BUY,194.9,2023-05-02,STOP_LOSS_EXIT,171.51,30,-12.0,-1200.0,95,"C-Suite Conviction Buy: Insider_XOM_2023_8 (Chief Financial Officer) open-market purchase of $1,175,559.00",0000034088-23-000008,https://www.sec.gov/edgar/browse/?CIK=0000034088,data/industries/energy/oil_gas_integrated/XOM_insider_trades.csv
MDT,Medtronic plc,Health Care,Medical Devices,2023-04-03,CONVICTION_BUY,240.97,2023-07-02,HOLDING_PERIOD_EXIT,291.28,90,20.88,2088.0,80,"C-Suite Conviction Buy: Insider_MDT_2023_8 (Chief Financial Officer) open-market purchase of $313,398.00",0000143899-23-000008,https://www.sec.gov/edgar/browse/?CIK=0000143899,data/industries/health_care/medical_devices/MDT_insider_trades.csv
SBUX,Starbucks Corporation,Consumer Discretionary,Restaurants,2023-04-03,CONVICTION_BUY,271.39,2023-07-02,HOLDING_PERIOD_EXIT,305.59,90,12.6,1260.0,80,"C-Suite Conviction Buy: Insider_SBUX_2023_12 (Chief Executive Officer) open-market purchase of $495,495.00",0000829224-23-000012,https://www.sec.gov/edgar/browse/?CIK=0000829224,data/industries/consumer_discretionary/restaurants/SBUX_insider_trades.csv
ACN,Accenture plc,Information Technology,IT Services,2023-04-08,CONVICTION_BUY,211.57,2023-06-19,TAKE_PROFIT_TARGET,296.2,72,40.0,4000.0,80,"C-Suite Conviction Buy: Insider_ACN_2023_10 (Chief Financial Officer) open-market purchase of $381,987.00",0001467373-23-000010,https://www.sec.gov/edgar/browse/?CIK=0001467373,data/industries/information_technology/it_services/ACN_insider_trades.csv
XOM,Exxon Mobil Corporation,Energy,Oil & Gas Integrated,2023-04-11,CONVICTION_BUY,277.49,2023-07-10,HOLDING_PERIOD_EXIT,384.71,90,38.64,3864.0,95,"C-Suite Conviction Buy: Insider_XOM_2023_8 (Chief Financial Officer) open-market purchase of $1,175,559.00",0000034088-23-000008,https://www.sec.gov/edgar/browse/?CIK=0000034088,data/industries/energy/oil_gas_integrated/XOM_insider_trades.csv
ACN,Accenture plc,Information Technology,IT Services,2023-04-15,CONVICTION_BUY,124.11,2023-06-23,TAKE_PROFIT_TARGET,173.75,69,40.0,4000.0,80,"C-Suite Conviction Buy: Insider_ACN_2023_10 (Chief Financial Officer) open-market purchase of $381,987.00",0001467373-23-000010,https://www.sec.gov/edgar/browse/?CIK=0001467373,data/industries/information_technology/it_services/ACN_insider_trades.csv
JPM,JPMorgan Chase & Co.,Financials,Banks - Diversified,2023-04-20,CONVICTION_BUY,209.15,2023-07-05,TAKE_PROFIT_TARGET,292.81,76,40.0,4000.0,80,"C-Suite Conviction Buy: Insider_JPM_2023_2 (Chief Financial Officer) open-market purchase of $394,750.00",0000019617-23-000002,https://www.sec.gov/edgar/browse/?CIK=0000019617,data/industries/financials/banks_diversified/JPM_insider_trades.csv
LLY,Eli Lilly and Company,Health Care,Pharmaceuticals,2023-04-25,CONVICTION_BUY,236.39,2023-07-24,HOLDING_PERIOD_EXIT,304.19,90,28.68,2868.0,80,"C-Suite Conviction Buy: Insider_LLY_2023_2 (Chief Executive Officer) open-market purchase of $409,560.00",0000059478-23-000002,https://www.sec.gov/edgar/browse/?CIK=0000059478,data/industries/health_care/pharmaceuticals/LLY_insider_trades.csv
JPM,JPMorgan Chase & Co.,Financials,Banks - Diversified,2023-05-02,CONVICTION_BUY,235.93,2023-07-31,HOLDING_PERIOD_EXIT,324.83,90,37.68,3768.0,80,"C-Suite Conviction Buy: Insider_JPM_2023_2 (Chief Financial Officer) open-market purchase of $394,750.00",0000019617-23-000002,https://www.sec.gov/edgar/browse/?CIK=0000019617,data/industries/financials/banks_diversified/JPM_insider_trades.csv
GE,General Electric Company,Industrials,Aerospace & Defense,2023-05-02,CONVICTION_BUY,162.86,2023-07-31,HOLDING_PERIOD_EXIT,188.85,90,15.96,1596.0,70,"C-Suite Conviction Buy: Insider_GE_2023_6 (Chief Executive Officer) open-market purchase of $167,692.00",0000040545-23-000006,https://www.sec.gov/edgar/browse/?CIK=0000040545,data/industries/industrials/aerospace_defense/GE_insider_trades.csv
T,AT&T Inc.,Communication Services,Telecom Services,2023-05-03,CONVICTION_BUY,151.62,2023-08-01,HOLDING_PERIOD_EXIT,209.66,90,38.28,3828.0,80,"C-Suite Conviction Buy: Insider_T_2023_7 (Chief Executive Officer) open-market purchase of $431,613.00",0000007323-23-000007,https://www.sec.gov/edgar/browse/?CIK=0000007323,data/industries/communication_services/telecom_services/T_insider_trades.csv
PGR,The Progressive Corporation,Financials,Insurance - Property & Casualty,2023-05-06,CONVICTION_BUY,95.41,2023-07-17,TAKE_PROFIT_TARGET,133.57,72,40.0,4000.0,90,"C-Suite Conviction Buy: Insider_PGR_2023_2 (Chief Financial Officer) open-market purchase of $760,794.00",0000080661-23-000002,https://www.sec.gov/edgar/browse/?CIK=0000080661,data/industries/financials/insurance_property_casualty/PGR_insider_trades.csv
WMT,Walmart Inc.,Consumer Staples,Discount Stores,2023-05-11,CONVICTION_BUY,127.68,2023-08-09,HOLDING_PERIOD_EXIT,174.41,90,36.6,3660.0,95,"C-Suite Conviction Buy: Insider_WMT_2023_3 (Chief Financial Officer) open-market purchase of $2,017,250.00",0000104169-23-000003,https://www.sec.gov/edgar/browse/?CIK=0000104169,data/industries/consumer_staples/discount_stores/WMT_insider_trades.csv
BA,The Boeing Company,Industrials,Aerospace & Defense,2023-05-12,CONVICTION_BUY,210.3,2023-08-10,HOLDING_PERIOD_EXIT,186.54,90,-11.3,-1130.0,80,"C-Suite Conviction Buy: Insider_BA_2023_2 (Chief Financial Officer) open-market purchase of $345,808.00",0000012927-23-000002,https://www.sec.gov/edgar/browse/?CIK=0000012927,data/industries/industrials/aerospace_defense/BA_insider_trades.csv
MA,Mastercard Incorporated,Financials,Credit Services,2023-05-13,CONVICTION_BUY,194.74,2023-08-11,HOLDING_PERIOD_EXIT,219.04,90,12.48,1248.0,80,"C-Suite Conviction Buy: Insider_MA_2023_6 (Chief Executive Officer) open-market purchase of $279,213.00",0001141391-23-000006,https://www.sec.gov/edgar/browse/?CIK=0001141391,data/industries/financials/credit_services/MA_insider_trades.csv
GE,General Electric Company,Industrials,Aerospace & Defense,2023-05-13,CONVICTION_BUY,194.13,2023-08-11,HOLDING_PERIOD_EXIT,254.93,90,31.32,3132.0,70,"C-Suite Conviction Buy: Insider_GE_2023_6 (Chief Executive Officer) open-market purchase of $167,692.00",0000040545-23-000006,https://www.sec.gov/edgar/browse/?CIK=0000040545,data/industries/industrials/aerospace_defense/GE_insider_trades.csv
CSCO,Cisco Systems Inc.,Information Technology,Communication Equipment,2023-05-21,CONVICTION_BUY,230.31,2023-08-19,HOLDING_PERIOD_EXIT,309.08,90,34.2,3420.0,95,"C-Suite Conviction Buy: Insider_CSCO_2023_9 (Chief Executive Officer) open-market purchase of $1,068,690.00",0000023217-23-000009,https://www.sec.gov/edgar/browse/?CIK=0000023217,data/industries/information_technology/communication_equipment/CSCO_insider_trades.csv
MA,Mastercard Incorporated,Financials,Credit Services,2023-05-22,CONVICTION_BUY,204.97,2023-08-20,HOLDING_PERIOD_EXIT,181.81,90,-11.3,-1130.0,80,"C-Suite Conviction Buy: Insider_MA_2023_6 (Chief Executive Officer) open-market purchase of $279,213.00",0001141391-23-000006,https://www.sec.gov/edgar/browse/?CIK=0001141391,data/industries/financials/credit_services/MA_insider_trades.csv
GE,General Electric Company,Industrials,Aerospace & Defense,2023-06-01,CONVICTION_BUY,222.19,2023-08-30,HOLDING_PERIOD_EXIT,259.52,90,16.8,1680.0,95,"C-Suite Conviction Buy: Insider_GE_2023_8 (Chief Financial Officer) open-market purchase of $1,065,208.00",0000040545-23-000008,https://www.sec.gov/edgar/browse/?CIK=0000040545,data/industries/industrials/aerospace_defense/GE_insider_trades.csv
CSCO,Cisco Systems Inc.,Information Technology,Communication Equipment,2023-06-04,CONVICTION_BUY,105.81,2023-09-02,HOLDING_PERIOD_EXIT,124.22,90,17.4,1740.0,95,"C-Suite Conviction Buy: Insider_CSCO_2023_9 (Chief Executive Officer) open-market purchase of $1,068,690.00",0000023217-23-000009,https://www.sec.gov/edgar/browse/?CIK=0000023217,data/industries/information_technology/communication_equipment/CSCO_insider_trades.csv
JPM,JPMorgan Chase & Co.,Financials,Banks - Diversified,2023-06-05,CONVICTION_BUY,162.9,2023-09-03,HOLDING_PERIOD_EXIT,184.4,90,13.2,1320.0,70,"C-Suite Conviction Buy: Insider_JPM_2023_11 (Chief Executive Officer) open-market purchase of $157,365.00",0000019617-23-000011,https://www.sec.gov/edgar/browse/?CIK=0000019617,data/industries/financials/banks_diversified/JPM_insider_trades.csv
GE,General Electric Company,Industrials,Aerospace & Defense,2023-06-11,CONVICTION_BUY,198.4,2023-09-09,HOLDING_PERIOD_EXIT,213.4,90,7.56,756.0,95,"C-Suite Conviction Buy: Insider_GE_2023_8 (Chief Financial Officer) open-market purchase of $1,065,208.00",0000040545-23-000008,https://www.sec.gov/edgar/browse/?CIK=0000040545,data/industries/industrials/aerospace_defense/GE_insider_trades.csv
NVDA,NVIDIA Corporation,Information Technology,Semiconductors,2023-06-15,CONVICTION_BUY,108.18,2023-09-13,HOLDING_PERIOD_EXIT,117.53,90,8.64,864.0,90,"C-Suite Conviction Buy: NVDA_CFO_Conviction (Chief Financial Officer) open-market purchase of $758,100.00",0001045810-23-99999CFO,https://www.sec.gov/edgar/browse/?CIK=0001045810,data/industries/information_technology/semiconductors/NVDA_insider_trades.csv
AMD,Advanced Micro Devices Inc.,Information Technology,Semiconductors,2023-06-15,CONVICTION_BUY,89.39,2023-09-13,HOLDING_PERIOD_EXIT,99.58,90,11.4,1140.0,90,"C-Suite Conviction Buy: AMD_CFO_Conviction (Chief Financial Officer) open-market purchase of $972,650.00",0000002488-23-99999CFO,https://www.sec.gov/edgar/browse/?CIK=0000002488,data/industries/information_technology/semiconductors/AMD_insider_trades.csv
MSFT,Microsoft Corporation,Information Technology,Software - Infrastructure,2023-06-15,CONVICTION_BUY,208.26,2023-09-04,TAKE_PROFIT_TARGET,291.56,81,40.0,4000.0,90,"C-Suite Conviction Buy: MSFT_CEO_Conviction (Chief Executive Officer) open-market purchase of $660,200.00",0000789019-23-99999CEO,https://www.sec.gov/edgar/browse/?CIK=0000789019,data/industries/information_technology/software_infrastructure/MSFT_insider_trades.csv
AAPL,Apple Inc.,Information Technology,Consumer Electronics,2023-06-15,CONVICTION_BUY,245.02,2023-09-13,HOLDING_PERIOD_EXIT,314.7,90,28.44,2844.0,90,"C-Suite Conviction Buy: AAPL_CFO_Conviction (Chief Financial Officer) open-market purchase of $874,000.00",0000320193-23-99999CFO,https://www.sec.gov/edgar/browse/?CIK=0000320193,data/industries/information_technology/consumer_electronics/AAPL_insider_trades.csv
AMGN,Amgen Inc.,Health Care,Biotechnology,2023-06-15,CONVICTION_BUY,230.96,2023-09-13,HOLDING_PERIOD_EXIT,313.0,90,35.52,3552.0,95,"C-Suite Conviction Buy: AMGN_CFO_Conviction (Chief Financial Officer) open-market purchase of $1,221,000.00",0000031462-23-99999CFO,https://www.sec.gov/edgar/browse/?CIK=0000031462,data/industries/health_care/biotechnology/AMGN_insider_trades.csv
JPM,JPMorgan Chase & Co.,Financials,Banks - Diversified,2023-06-15,CONVICTION_BUY,220.57,2023-09-13,HOLDING_PERIOD_EXIT,247.04,90,12.0,1200.0,70,"C-Suite Conviction Buy: Insider_JPM_2023_11 (Chief Executive Officer) open-market purchase of $157,365.00",0000019617-23-000011,https://www.sec.gov/edgar/browse/?CIK=0000019617,data/industries/financials/banks_diversified/JPM_insider_trades.csv
V,Visa Inc.,Financials,Credit Services,2023-06-15,CONVICTION_BUY,228.55,2023-09-13,HOLDING_PERIOD_EXIT,314.39,90,37.56,3756.0,90,"C-Suite Conviction Buy: V_CFO_Conviction (Chief Financial Officer) open-market purchase of $554,450.00",0001403161-23-99999CFO,https://www.sec.gov/edgar/browse/?CIK=0001403161,data/industries/financials/credit_services/V_insider_trades.csv
TSLA,Tesla Inc.,Consumer Discretionary,Automotive,2023-06-15,CONVICTION_BUY,247.22,2023-09-13,HOLDING_PERIOD_EXIT,309.82,90,25.32,2532.0,90,"C-Suite Conviction Buy: TSLA_CFO_Conviction (Chief Financial Officer) open-market purchase of $661,950.00",0001318605-23-99999CFO,https://www.sec.gov/edgar/browse/?CIK=0001318605,data/industries/consumer_discretionary/automotive/TSLA_insider_trades.csv
AMZN,Amazon.com Inc.,Consumer Discretionary,Internet Retail,2023-06-15,CONVICTION_BUY,252.75,2023-09-13,HOLDING_PERIOD_EXIT,294.61,90,16.56,1656.0,95,"C-Suite Conviction Buy: Insider_AMZN_2023_9 (Chief Executive Officer) open-market purchase of $1,205,050.00",0001018724-23-000009,https://www.sec.gov/edgar/browse/?CIK=0001018724,data/industries/consumer_discretionary/internet_retail/AMZN_insider_trades.csv
AXP,American Express Company,Financials,Credit Services,2023-06-18,CONVICTION_BUY,263.78,2023-09-16,HOLDING_PERIOD_EXIT,317.59,90,20.4,2040.0,90,"C-Suite Conviction Buy: Insider_AXP_2023_6 (Chief Executive Officer) open-market purchase of $698,768.00",0000004962-23-000006,https://www.sec.gov/edgar/browse/?CIK=0000004962,data/industries/financials/credit_services/AXP_insider_trades.csv
NVDA,NVIDIA Corporation,Information Technology,Semiconductors,2023-06-21,CONVICTION_BUY,133.85,2023-09-16,TAKE_PROFIT_TARGET,187.39,87,40.0,4000.0,90,"C-Suite Conviction Buy: NVDA_CFO_Conviction (Chief Financial Officer) open-market purchase of $758,100.00",0001045810-23-99999CFO,https://www.sec.gov/edgar/browse/?CIK=0001045810,data/industries/information_technology/semiconductors/NVDA_insider_trades.csv
ORCL,Oracle Corporation,Information Technology,Software - Infrastructure,2023-06-23,CONVICTION_BUY,169.28,2023-09-21,HOLDING_PERIOD_EXIT,233.88,90,38.16,3816.0,95,"C-Suite Conviction Buy: Insider_ORCL_2023_8 (Chief Financial Officer) open-market purchase of $1,187,160.00",0001341439-23-000008,https://www.sec.gov/edgar/browse/?CIK=0001341439,data/industries/information_technology/software_infrastructure/ORCL_insider_trades.csv
AMD,Advanced Micro Devices Inc.,Information Technology,Semiconductors,2023-06-27,CONVICTION_BUY,82.48,2023-09-25,HOLDING_PERIOD_EXIT,102.57,90,24.36,2436.0,90,"C-Suite Conviction Buy: AMD_CFO_Conviction (Chief Financial Officer) open-market purchase of $972,650.00",0000002488-23-99999CFO,https://www.sec.gov/edgar/browse/?CIK=0000002488,data/industries/information_technology/semiconductors/AMD_insider_trades.csv
ORCL,Oracle Corporation,Information Technology,Software - Infrastructure,2023-07-01,CONVICTION_BUY,240.37,2023-09-29,HOLDING_PERIOD_EXIT,258.54,90,7.56,756.0,95,"C-Suite Conviction Buy: Insider_ORCL_2023_8 (Chief Financial Officer) open-market purchase of $1,187,160.00",0001341439-23-000008,https://www.sec.gov/edgar/browse/?CIK=0001341439,data/industries/information_technology/software_infrastructure/ORCL_insider_trades.csv
CL,Colgate-Palmolive Company,Consumer Staples,Household & Personal Products,2023-07-05,CONVICTION_BUY,139.78,2023-09-30,TAKE_PROFIT_TARGET,195.69,87,40.0,4000.0,80,"C-Suite Conviction Buy: Insider_CL_2023_8 (Chief Executive Officer) open-market purchase of $312,590.00",0000021665-23-000008,https://www.sec.gov/edgar/browse/?CIK=0000021665,data/industries/consumer_staples/household_personal_products/CL_insider_trades.csv
BA,The Boeing Company,Industrials,Aerospace & Defense,2023-07-09,CONVICTION_BUY,105.02,2023-10-07,HOLDING_PERIOD_EXIT,144.09,90,37.2,3720.0,70,"C-Suite Conviction Buy: Insider_BA_2023_3 (Chief Executive Officer) open-market purchase of $182,182.00",0000012927-23-000003,https://www.sec.gov/edgar/browse/?CIK=0000012927,data/industries/industrials/aerospace_defense/BA_insider_trades.csv
VRTX,Vertex Pharmaceuticals Incorporated,Health Care,Biotechnology,2023-07-10,CONVICTION_BUY,219.0,2023-10-02,TAKE_PROFIT_TARGET,306.6,84,40.0,4000.0,95,"C-Suite Conviction Buy: Insider_VRTX_2023_6 (Chief Financial Officer) open-market purchase of $1,112,064.00",0000875320-23-000006,https://www.sec.gov/edgar/browse/?CIK=0000875320,data/industries/health_care/biotechnology/VRTX_insider_trades.csv
VRTX,Vertex Pharmaceuticals Incorporated,Health Care,Biotechnology,2023-07-17,CONVICTION_BUY,184.4,2023-09-25,TAKE_PROFIT_TARGET,258.16,70,40.0,4000.0,95,"C-Suite Conviction Buy: Insider_VRTX_2023_6 (Chief Financial Officer) open-market purchase of $1,112,064.00",0000875320-23-000006,https://www.sec.gov/edgar/browse/?CIK=0000875320,data/industries/health_care/biotechnology/VRTX_insider_trades.csv
EBAY,eBay Inc.,Consumer Discretionary,Internet Retail,2023-07-18,CONVICTION_BUY,112.44,2023-10-16,HOLDING_PERIOD_EXIT,148.06,90,31.68,3168.0,95,"C-Suite Conviction Buy: Insider_EBAY_2023_1 (Chief Financial Officer) open-market purchase of $1,228,512.00",0001065088-23-000001,https://www.sec.gov/edgar/browse/?CIK=0001065088,data/industries/consumer_discretionary/internet_retail/EBAY_insider_trades.csv
VZ,Verizon Communications Inc.,Communication Services,Telecom Services,2023-07-27,CONVICTION_BUY,213.97,2023-10-25,HOLDING_PERIOD_EXIT,190.22,90,-11.1,-1110.0,80,"C-Suite Conviction Buy: Insider_VZ_2023_11 (Chief Executive Officer) open-market purchase of $484,092.00",0000732712-23-000011,https://www.sec.gov/edgar/browse/?CIK=0000732712,data/industries/communication_services/telecom_services/VZ_insider_trades.csv
NFLX,Netflix Inc.,Communication Services,Entertainment,2023-07-29,CONVICTION_BUY,212.49,2023-10-27,HOLDING_PERIOD_EXIT,249.46,90,17.4,1740.0,70,"C-Suite Conviction Buy: Insider_NFLX_2023_12 (Chief Executive Officer) open-market purchase of $120,868.00",0001065280-23-000012,https://www.sec.gov/edgar/browse/?CIK=0001065280,data/industries/communication_services/entertainment/NFLX_insider_trades.csv
TSLA,Tesla Inc.,Consumer Discretionary,Automotive,2023-08-03,CONVICTION_BUY,230.69,2023-11-01,HOLDING_PERIOD_EXIT,303.5,90,31.56,3156.0,95,"C-Suite Conviction Buy: Insider_TSLA_2023_5 (Chief Financial Officer) open-market purchase of $1,245,708.00",0001318605-23-000005,https://www.sec.gov/edgar/browse/?CIK=0001318605,data/industries/consumer_discretionary/automotive/TSLA_insider_trades.csv
VZ,Verizon Communications Inc.,Communication Services,Telecom Services,2023-08-03,CONVICTION_BUY,120.59,2023-11-01,HOLDING_PERIOD_EXIT,162.84,90,35.04,3504.0,80,"C-Suite Conviction Buy: Insider_VZ_2023_11 (Chief Executive Officer) open-market purchase of $484,092.00",0000732712-23-000011,https://www.sec.gov/edgar/browse/?CIK=0000732712,data/industries/communication_services/telecom_services/VZ_insider_trades.csv
AMD,Advanced Micro Devices Inc.,Information Technology,Semiconductors,2023-08-05,CONVICTION_BUY,246.28,2023-09-04,STOP_LOSS_EXIT,216.73,30,-12.0,-1200.0,80,"C-Suite Conviction Buy: Insider_AMD_2023_1 (Chief Executive Officer) open-market purchase of $274,631.00",0000002488-23-000001,https://www.sec.gov/edgar/browse/?CIK=0000002488,data/industries/information_technology/semiconductors/AMD_insider_trades.csv
MCD,McDonald's Corporation,Consumer Discretionary,Restaurants,2023-08-05,CONVICTION_BUY,271.59,2023-11-03,HOLDING_PERIOD_EXIT,298.97,90,10.08,1008.0,80,"C-Suite Conviction Buy: Insider_MCD_2023_1 (Chief Financial Officer) open-market purchase of $304,788.00",0000063908-23-000001,https://www.sec.gov/edgar/browse/?CIK=0000063908,data/industries/consumer_discretionary/restaurants/MCD_insider_trades.csv
WFC,Wells Fargo & Company,Financials,Banks - Diversified,2023-08-10,CONVICTION_BUY,205.21,2023-11-08,HOLDING_PERIOD_EXIT,238.7,90,16.32,1632.0,95,"C-Suite Conviction Buy: Insider_WFC_2023_7 (Chief Executive Officer) open-market purchase of $1,334,850.00",0000072971-23-000007,https://www.sec.gov/edgar/browse/?CIK=0000072971,data/industries/financials/banks_diversified/WFC_insider_trades.csv
ORCL,Oracle Corporation,Information Technology,Software - Infrastructure,2023-08-13,CONVICTION_BUY,224.36,2023-11-11,HOLDING_PERIOD_EXIT,290.32,90,29.4,2940.0,95,"C-Suite Conviction Buy: Insider_ORCL_2023_12 (Chief Executive Officer) open-market purchase of $1,072,656.00",0001341439-23-000012,https://www.sec.gov/edgar/browse/?CIK=0001341439,data/industries/information_technology/software_infrastructure/ORCL_insider_trades.csv
ADBE,Adobe Inc.,Information Technology,Software - Infrastructure,2023-08-16,CONVICTION_BUY,104.67,2023-10-27,TAKE_PROFIT_TARGET,146.54,72,40.0,4000.0,90,"C-Suite Conviction Buy: Insider_ADBE_2023_5 (Chief Financial Officer) open-market purchase of $906,402.00",0000796343-23-000005,https://www.sec.gov/edgar/browse/?CIK=0000796343,data/industries/information_technology/software_infrastructure/ADBE_insider_trades.csv
MRNA,Moderna Inc.,Health Care,Biotechnology,2023-08-18,CONVICTION_BUY,145.35,2023-11-16,HOLDING_PERIOD_EXIT,201.69,90,38.76,3876.0,80,"C-Suite Conviction Buy: Insider_MRNA_2023_5 (Chief Financial Officer) open-market purchase of $381,648.00",0001682852-23-000005,https://www.sec.gov/edgar/browse/?CIK=0001682852,data/industries/health_care/biotechnology/MRNA_insider_trades.csv
AMGN,Amgen Inc.,Health Care,Biotechnology,2023-08-20,CONVICTION_BUY,117.19,2023-11-18,HOLDING_PERIOD_EXIT,135.05,90,15.24,1524.0,95,"C-Suite Conviction Buy: Insider_AMGN_2023_7 (Chief Executive Officer) open-market purchase of $1,434,972.00",0000031462-23-000007,https://www.sec.gov/edgar/browse/?CIK=0000031462,data/industries/health_care/biotechnology/AMGN_insider_trades.csv
AMGN,Amgen Inc.,Health Care,Biotechnology,2023-08-22,CONVICTION_BUY,223.64,2023-11-20,HOLDING_PERIOD_EXIT,266.31,90,19.08,1908.0,95,"C-Suite Conviction Buy: Insider_AMGN_2023_7 (Chief Executive Officer) open-market purchase of $1,434,972.00",0000031462-23-000007,https://www.sec.gov/edgar/browse/?CIK=0000031462,data/industries/health_care/biotechnology/AMGN_insider_trades.csv
ADBE,Adobe Inc.,Information Technology,Software - Infrastructure,2023-08-23,CONVICTION_BUY,219.97,2023-11-21,HOLDING_PERIOD_EXIT,278.83,90,26.76,2676.0,90,"C-Suite Conviction Buy: Insider_ADBE_2023_5 (Chief Financial Officer) open-market purchase of $906,402.00",0000796343-23-000005,https://www.sec.gov/edgar/browse/?CIK=0000796343,data/industries/information_technology/software_infrastructure/ADBE_insider_trades.csv
JPM,JPMorgan Chase & Co.,Financials,Banks - Diversified,2023-08-23,CONVICTION_BUY,199.46,2023-11-21,HOLDING_PERIOD_EXIT,276.29,90,38.52,3852.0,80,"C-Suite Conviction Buy: Insider_JPM_2023_12 (Chief Executive Officer) open-market purchase of $274,232.00",0000019617-23-000012,https://www.sec.gov/edgar/browse/?CIK=0000019617,data/industries/financials/banks_diversified/JPM_insider_trades.csv
AMGN,Amgen Inc.,Health Care,Biotechnology,2023-08-25,CONVICTION_BUY,208.3,2023-11-20,TAKE_PROFIT_TARGET,291.62,87,40.0,4000.0,95,"C-Suite Conviction Buy: Insider_AMGN_2023_7 (Chief Executive Officer) open-market purchase of $1,434,972.00",0000031462-23-000007,https://www.sec.gov/edgar/browse/?CIK=0000031462,data/industries/health_care/biotechnology/AMGN_insider_trades.csv
JPM,JPMorgan Chase & Co.,Financials,Banks - Diversified,2023-08-29,CONVICTION_BUY,226.28,2023-11-27,HOLDING_PERIOD_EXIT,201.62,90,-10.9,-1090.0,80,"C-Suite Conviction Buy: Insider_JPM_2023_12 (Chief Executive Officer) open-market purchase of $274,232.00",0000019617-23-000012,https://www.sec.gov/edgar/browse/?CIK=0000019617,data/industries/financials/banks_diversified/JPM_insider_trades.csv
WMT,Walmart Inc.,Consumer Staples,Discount Stores,2023-08-29,CONVICTION_BUY,239.72,2023-11-27,HOLDING_PERIOD_EXIT,287.76,90,20.04,2004.0,95,"C-Suite Conviction Buy: Insider_WMT_2023_8 (Chief Executive Officer) open-market purchase of $1,055,374.00",0000104169-23-000008,https://www.sec.gov/edgar/browse/?CIK=0000104169,data/industries/consumer_staples/discount_stores/WMT_insider_trades.csv
TSLA,Tesla Inc.,Consumer Discretionary,Automotive,2023-09-01,CONVICTION_BUY,173.58,2023-11-30,HOLDING_PERIOD_EXIT,216.7,90,24.84,2484.0,90,"C-Suite Conviction Buy: Insider_TSLA_2023_8 (Chief Executive Officer) open-market purchase of $586,228.00",0001318605-23-000008,https://www.sec.gov/edgar/browse/?CIK=0001318605,data/industries/consumer_discretionary/automotive/TSLA_insider_trades.csv
WMT,Walmart Inc.,Consumer Staples,Discount Stores,2023-09-01,CONVICTION_BUY,98.24,2023-11-30,HOLDING_PERIOD_EXIT,106.26,90,8.16,816.0,95,"C-Suite Conviction Buy: Insider_WMT_2023_8 (Chief Executive Officer) open-market purchase of $1,055,374.00",0000104169-23-000008,https://www.sec.gov/edgar/browse/?CIK=0000104169,data/industries/consumer_staples/discount_stores/WMT_insider_trades.csv
ADBE,Adobe Inc.,Information Technology,Software - Infrastructure,2023-09-09,CONVICTION_BUY,157.12,2023-12-02,TAKE_PROFIT_TARGET,219.97,84,40.0,4000.0,95,"C-Suite Conviction Buy: Insider_ADBE_2023_8 (Chief Financial Officer) open-market purchase of $1,212,944.00",0000796343-23-000008,https://www.sec.gov/edgar/browse/?CIK=0000796343,data/industries/information_technology/software_infrastructure/ADBE_insider_trades.csv
CB,Chubb Limited,Financials,Insurance - Property & Casualty,2023-09-15,CONVICTION_BUY,111.78,2023-10-15,STOP_LOSS_EXIT,98.37,30,-12.0,-1200.0,70,"C-Suite Conviction Buy: Insider_CB_2023_13 (Chief Executive Officer) open-market purchase of $202,125.00",0001559720-23-000013,https://www.sec.gov/edgar/browse/?CIK=0001559720,data/industries/financials/insurance_property_casualty/CB_insider_trades.csv
SHW,The Sherwin-Williams Company,Materials,Specialty Chemicals,2023-10-13,CONVICTION_BUY,226.9,2024-01-11,HOLDING_PERIOD_EXIT,306.68,90,35.16,3516.0,95,"C-Suite Conviction Buy: Insider_SHW_2023_2 (Chief Executive Officer) open-market purchase of $1,389,942.00",0000089800-23-000002,https://www.sec.gov/edgar/browse/?CIK=0000089800,data/industries/materials/specialty_chemicals/SHW_insider_trades.csv
CMCSA,Comcast Corporation,Communication Services,Entertainment,2023-10-14,CONVICTION_BUY,115.03,2024-01-12,HOLDING_PERIOD_EXIT,124.55,90,8.28,828.0,80,"C-Suite Conviction Buy: Insider_CMCSA_2023_13 (Chief Financial Officer) open-market purchase of $358,329.00",0001166691-23-000013,https://www.sec.gov/edgar/browse/?CIK=0001166691,data/industries/communication_services/entertainment/CMCSA_insider_trades.csv
ABT,Abbott Laboratories,Health Care,Medical Devices,2023-11-03,CONVICTION_BUY,210.28,2024-02-01,HOLDING_PERIOD_EXIT,261.25,90,24.24,2424.0,95,"C-Suite Conviction Buy: Insider_ABT_2023_4 (Chief Executive Officer) open-market purchase of $1,015,950.00",0000001800-23-000004,https://www.sec.gov/edgar/browse/?CIK=0000001800,data/industries/health_care/medical_devices/ABT_insider_trades.csv
FCX,Freeport-McMoRan Inc.,Materials,Copper & Metals,2023-11-11,CONVICTION_BUY,175.02,2024-02-09,HOLDING_PERIOD_EXIT,155.77,90,-11.0,-1100.0,70,"C-Suite Conviction Buy: Insider_FCX_2023_5 (Chief Executive Officer) open-market purchase of $139,140.00",0000831259-23-000005,https://www.sec.gov/edgar/browse/?CIK=0000831259,data/industries/materials/copper_metals/FCX_insider_trades.csv
ABT,Abbott Laboratories,Health Care,Medical Devices,2023-11-12,CONVICTION_BUY,273.33,2024-02-10,HOLDING_PERIOD_EXIT,295.31,90,8.04,804.0,95,"C-Suite Conviction Buy: Insider_ABT_2023_4 (Chief Executive Officer) open-market purchase of $1,015,950.00",0000001800-23-000004,https://www.sec.gov/edgar/browse/?CIK=0000001800,data/industries/health_care/medical_devices/ABT_insider_trades.csv
GILD,Gilead Sciences Inc.,Health Care,Biotechnology,2023-11-15,CONVICTION_BUY,231.7,2024-02-13,HOLDING_PERIOD_EXIT,254.5,90,9.84,984.0,80,"C-Suite Conviction Buy: Insider_GILD_2023_2 (Chief Executive Officer) open-market purchase of $256,752.00",0000882095-23-000002,https://www.sec.gov/edgar/browse/?CIK=0000882095,data/industries/health_care/biotechnology/GILD_insider_trades.csv
TGT,Target Corporation,Consumer Staples,Discount Stores,2023-11-26,CONVICTION_BUY,272.06,2024-02-24,HOLDING_PERIOD_EXIT,303.73,90,11.64,1164.0,80,"C-Suite Conviction Buy: Insider_TGT_2023_2 (Chief Financial Officer) open-market purchase of $454,940.00",0000027419-23-000002,https://www.sec.gov/edgar/browse/?CIK=0000027419,data/industries/consumer_staples/discount_stores/TGT_insider_trades.csv
TGT,Target Corporation,Consumer Staples,Discount Stores,2023-12-05,CONVICTION_BUY,134.74,2024-03-04,HOLDING_PERIOD_EXIT,153.01,90,13.56,1356.0,80,"C-Suite Conviction Buy: Insider_TGT_2023_2 (Chief Financial Officer) open-market purchase of $454,940.00",0000027419-23-000002,https://www.sec.gov/edgar/browse/?CIK=0000027419,data/industries/consumer_staples/discount_stores/TGT_insider_trades.csv
BAC,Bank of America Corporation,Financials,Banks - Diversified,2023-12-07,CONVICTION_BUY,182.48,2024-03-06,HOLDING_PERIOD_EXIT,228.25,90,25.08,2508.0,70,"C-Suite Conviction Buy: Insider_BAC_2023_1 (Chief Financial Officer) open-market purchase of $165,044.00",0000070858-23-000001,https://www.sec.gov/edgar/browse/?CIK=0000070858,data/industries/financials/banks_diversified/BAC_insider_trades.csv
MU,Micron Technology Inc.,Information Technology,Semiconductors,2023-12-08,CONVICTION_BUY,100.43,2024-03-07,HOLDING_PERIOD_EXIT,108.02,90,7.56,756.0,90,"C-Suite Conviction Buy: Insider_MU_2023_1 (Chief Financial Officer) open-market purchase of $704,613.00",0000072333-23-000001,https://www.sec.gov/edgar/browse/?CIK=0000072333,data/industries/information_technology/semiconductors/MU_insider_trades.csv
LLY,Eli Lilly and Company,Health Care,Pharmaceuticals,2024-01-21,CONVICTION_BUY,197.52,2024-04-20,HOLDING_PERIOD_EXIT,175.0,90,-11.4,-1140.0,80,"C-Suite Conviction Buy: Insider_LLY_2024_2 (Chief Financial Officer) open-market purchase of $473,517.00",0000059478-24-000002,https://www.sec.gov/edgar/browse/?CIK=0000059478,data/industries/health_care/pharmaceuticals/LLY_insider_trades.csv
TSLA,Tesla Inc.,Consumer Discretionary,Automotive,2024-02-29,CONVICTION_BUY,256.63,2024-05-28,TAKE_PROFIT_TARGET,359.28,89,40.0,4000.0,95,"C-Suite Conviction Buy: Insider_TSLA_2024_5 (Chief Financial Officer) open-market purchase of $1,010,136.00",0001318605-24-000005,https://www.sec.gov/edgar/browse/?CIK=0001318605,data/industries/consumer_discretionary/automotive/TSLA_insider_trades.csv
IBM,International Business Machines Corporation,Information Technology,IT Services,2024-03-08,CONVICTION_BUY,277.18,2024-05-21,TAKE_PROFIT_TARGET,388.05,74,40.0,4000.0,70,"C-Suite Conviction Buy: Insider_IBM_2024_2 (Chief Executive Officer) open-market purchase of $238,272.00",0000051143-24-000002,https://www.sec.gov/edgar/browse/?CIK=0000051143,data/industries/information_technology/it_services/IBM_insider_trades.csv
TSLA,Tesla Inc.,Consumer Discretionary,Automotive,2024-03-09,CONVICTION_BUY,153.67,2024-05-31,TAKE_PROFIT_TARGET,215.14,83,40.0,4000.0,95,"C-Suite Conviction Buy: Insider_TSLA_2024_5 (Chief Financial Officer) open-market purchase of $1,010,136.00",0001318605-24-000005,https://www.sec.gov/edgar/browse/?CIK=0001318605,data/industries/consumer_discretionary/automotive/TSLA_insider_trades.csv
ADBE,Adobe Inc.,Information Technology,Software - Infrastructure,2024-03-19,CONVICTION_BUY,134.91,2024-06-17,HOLDING_PERIOD_EXIT,150.61,90,11.64,1164.0,90,"C-Suite Conviction Buy: Insider_ADBE_2024_6 (Chief Executive Officer) open-market purchase of $653,380.00",0000796343-24-000006,https://www.sec.gov/edgar/browse/?CIK=0000796343,data/industries/information_technology/software_infrastructure/ADBE_insider_trades.csv
GE,General Electric Company,Industrials,Aerospace & Defense,2024-03-28,CONVICTION_BUY,86.94,2024-06-26,HOLDING_PERIOD_EXIT,101.65,90,16.92,1692.0,80,"C-Suite Conviction Buy: Insider_GE_2024_4 (Chief Executive Officer) open-market purchase of $407,319.00",0000040545-24-000004,https://www.sec.gov/edgar/browse/?CIK=0000040545,data/industries/industrials/aerospace_defense/GE_insider_trades.csv
F,Ford Motor Company,Consumer Discretionary,Automotive,2024-04-02,CONVICTION_BUY,167.4,2024-07-01,TAKE_PROFIT_TARGET,234.36,90,40.0,4000.0,90,"C-Suite Conviction Buy: Insider_F_2024_8 (Chief Executive Officer) open-market purchase of $959,928.00",0000037996-24-000008,https://www.sec.gov/edgar/browse/?CIK=0000037996,data/industries/consumer_discretionary/automotive/F_insider_trades.csv
PG,The Procter & Gamble Company,Consumer Staples,Household & Personal Products,2024-04-15,CONVICTION_BUY,235.39,2024-07-14,HOLDING_PERIOD_EXIT,298.95,90,27.0,2700.0,90,"C-Suite Conviction Buy: Insider_PG_2024_5 (Chief Financial Officer) open-market purchase of $849,475.00",0000080424-24-000005,https://www.sec.gov/edgar/browse/?CIK=0000080424,data/industries/consumer_staples/household_personal_products/PG_insider_trades.csv
FCX,Freeport-McMoRan Inc.,Materials,Copper & Metals,2024-04-15,CONVICTION_BUY,279.05,2024-07-14,HOLDING_PERIOD_EXIT,326.27,90,16.92,1692.0,80,"C-Suite Conviction Buy: Insider_FCX_2024_9 (Chief Executive Officer) open-market purchase of $434,240.00",0000831259-24-000009,https://www.sec.gov/edgar/browse/?CIK=0000831259,data/industries/materials/copper_metals/FCX_insider_trades.csv
SCHW,The Charles Schwab Corporation,Financials,Capital Markets,2024-04-18,CONVICTION_BUY,97.35,2024-07-17,HOLDING_PERIOD_EXIT,107.75,90,10.68,1068.0,90,"C-Suite Conviction Buy: Insider_SCHW_2024_1 (Chief Financial Officer) open-market purchase of $923,871.00",0000316709-24-000001,https://www.sec.gov/edgar/browse/?CIK=0000316709,data/industries/financials/capital_markets/SCHW_insider_trades.csv
VRTX,Vertex Pharmaceuticals Incorporated,Health Care,Biotechnology,2024-04-21,CONVICTION_BUY,245.34,2024-07-20,HOLDING_PERIOD_EXIT,263.59,90,7.44,744.0,90,"C-Suite Conviction Buy: Insider_VRTX_2024_8 (Chief Executive Officer) open-market purchase of $635,124.00",0000875320-24-000008,https://www.sec.gov/edgar/browse/?CIK=0000875320,data/industries/health_care/biotechnology/VRTX_insider_trades.csv
CMCSA,Comcast Corporation,Communication Services,Entertainment,2024-04-26,CONVICTION_BUY,93.28,2024-05-26,STOP_LOSS_EXIT,82.09,30,-12.0,-1200.0,95,"C-Suite Conviction Buy: Insider_CMCSA_2024_11 (Chief Executive Officer) open-market purchase of $1,583,430.00",0001166691-24-000011,https://www.sec.gov/edgar/browse/?CIK=0001166691,data/industries/communication_services/entertainment/CMCSA_insider_trades.csv
SCHW,The Charles Schwab Corporation,Financials,Capital Markets,2024-04-30,CONVICTION_BUY,159.2,2024-07-29,HOLDING_PERIOD_EXIT,215.56,90,35.4,3540.0,90,"C-Suite Conviction Buy: Insider_SCHW_2024_1 (Chief Financial Officer) open-market purchase of $923,871.00",0000316709-24-000001,https://www.sec.gov/edgar/browse/?CIK=0000316709,data/industries/financials/capital_markets/SCHW_insider_trades.csv
AVGO,Broadcom Inc.,Information Technology,Semiconductors,2024-05-16,CONVICTION_BUY,236.32,2024-08-14,HOLDING_PERIOD_EXIT,288.78,90,22.2,2220.0,95,"C-Suite Conviction Buy: Insider_AVGO_2024_2 (Chief Executive Officer) open-market purchase of $1,197,098.00",0001441634-24-000002,https://www.sec.gov/edgar/browse/?CIK=0001441634,data/industries/information_technology/semiconductors/AVGO_insider_trades.csv
BAC,Bank of America Corporation,Financials,Banks - Diversified,2024-05-25,CONVICTION_BUY,193.84,2024-08-23,HOLDING_PERIOD_EXIT,265.48,90,36.96,3696.0,70,"C-Suite Conviction Buy: Insider_BAC_2024_6 (Chief Executive Officer) open-market purchase of $199,360.00",0000070858-24-000006,https://www.sec.gov/edgar/browse/?CIK=0000070858,data/industries/financials/banks_diversified/BAC_insider_trades.csv
INTC,Intel Corporation,Information Technology,Semiconductors,2024-05-27,CONVICTION_BUY,194.22,2024-08-25,HOLDING_PERIOD_EXIT,220.32,90,13.44,1344.0,80,"C-Suite Conviction Buy: Insider_INTC_2024_7 (Chief Financial Officer) open-market purchase of $443,600.00",0000050863-24-000007,https://www.sec.gov/edgar/browse/?CIK=0000050863,data/industries/information_technology/semiconductors/INTC_insider_trades.csv
AAPL,Apple Inc.,Information Technology,Consumer Electronics,2024-05-27,CONVICTION_BUY,229.43,2024-08-25,HOLDING_PERIOD_EXIT,288.9,90,25.92,2592.0,95,"C-Suite Conviction Buy: Insider_AAPL_2024_13 (Chief Executive Officer) open-market purchase of $1,177,512.00",0000320193-24-000013,https://www.sec.gov/edgar/browse/?CIK=0000320193,data/industries/information_technology/consumer_electronics/AAPL_insider_trades.csv
PEP,PepsiCo Inc.,Consumer Staples,Beverages - Non-Alcoholic,2024-06-04,CONVICTION_BUY,169.31,2024-09-02,HOLDING_PERIOD_EXIT,193.28,90,14.16,1416.0,90,"C-Suite Conviction Buy: Insider_PEP_2024_3 (Chief Financial Officer) open-market purchase of $561,424.00",0000077476-24-000003,https://www.sec.gov/edgar/browse/?CIK=0000077476,data/industries/consumer_staples/beverages_non_alcoholic/PEP_insider_trades.csv
AAPL,Apple Inc.,Information Technology,Consumer Electronics,2024-06-05,CONVICTION_BUY,272.34,2024-08-28,TAKE_PROFIT_TARGET,381.28,84,40.0,4000.0,95,"C-Suite Conviction Buy: Insider_AAPL_2024_13 (Chief Executive Officer) open-market purchase of $1,177,512.00",0000320193-24-000013,https://www.sec.gov/edgar/browse/?CIK=0000320193,data/industries/information_technology/consumer_electronics/AAPL_insider_trades.csv
AXP,American Express Company,Financials,Credit Services,2024-06-06,CONVICTION_BUY,226.5,2024-09-04,HOLDING_PERIOD_EXIT,262.92,90,16.08,1608.0,70,"C-Suite Conviction Buy: Insider_AXP_2024_8 (Chief Financial Officer) open-market purchase of $246,372.00",0000004962-24-000008,https://www.sec.gov/edgar/browse/?CIK=0000004962,data/industries/financials/credit_services/AXP_insider_trades.csv
BA,The Boeing Company,Industrials,Aerospace & Defense,2024-06-13,CONVICTION_BUY,165.06,2024-09-11,HOLDING_PERIOD_EXIT,206.46,90,25.08,2508.0,95,"C-Suite Conviction Buy: Insider_BA_2024_8 (Chief Executive Officer) open-market purchase of $1,088,636.00",0000012927-24-000008,https://www.sec.gov/edgar/browse/?CIK=0000012927,data/industries/industrials/aerospace_defense/BA_insider_trades.csv
NVDA,NVIDIA Corporation,Information Technology,Semiconductors,2024-06-15,CONVICTION_BUY,232.55,2024-09-13,HOLDING_PERIOD_EXIT,206.04,90,-11.4,-1140.0,90,"C-Suite Conviction Buy: NVDA_CFO_Conviction (Chief Financial Officer) open-market purchase of $812,150.00",0001045810-24-99999CFO,https://www.sec.gov/edgar/browse/?CIK=0001045810,data/industries/information_technology/semiconductors/NVDA_insider_trades.csv
AMD,Advanced Micro Devices Inc.,Information Technology,Semiconductors,2024-06-15,CONVICTION_BUY,266.43,2024-09-13,HOLDING_PERIOD_EXIT,318.22,90,19.44,1944.0,95,"C-Suite Conviction Buy: AMD_CFO_Conviction (Chief Financial Officer) open-market purchase of $1,107,050.00",0000002488-24-99999CFO,https://www.sec.gov/edgar/browse/?CIK=0000002488,data/industries/information_technology/semiconductors/AMD_insider_trades.csv
MSFT,Microsoft Corporation,Information Technology,Software - Infrastructure,2024-06-15,CONVICTION_BUY,181.32,2024-09-13,HOLDING_PERIOD_EXIT,241.37,90,33.12,3312.0,90,"C-Suite Conviction Buy: MSFT_CFO_Conviction (Chief Financial Officer) open-market purchase of $651,450.00",0000789019-24-99999CFO,https://www.sec.gov/edgar/browse/?CIK=0000789019,data/industries/information_technology/software_infrastructure/MSFT_insider_trades.csv
AAPL,Apple Inc.,Information Technology,Consumer Electronics,2024-06-15,CONVICTION_BUY,170.71,2024-09-13,HOLDING_PERIOD_EXIT,192.63,90,12.84,1284.0,95,"C-Suite Conviction Buy: AAPL_CFO_Conviction (Chief Financial Officer) open-market purchase of $1,049,900.00",0000320193-24-99999CFO,https://www.sec.gov/edgar/browse/?CIK=0000320193,data/industries/information_technology/consumer_electronics/AAPL_insider_trades.csv
AMGN,Amgen Inc.,Health Care,Biotechnology,2024-06-15,CONVICTION_BUY,277.02,2024-09-13,HOLDING_PERIOD_EXIT,339.52,90,22.56,2256.0,90,"C-Suite Conviction Buy: AMGN_CEO_Conviction (Chief Executive Officer) open-market purchase of $962,550.00",0000031462-24-99999CEO,https://www.sec.gov/edgar/browse/?CIK=0000031462,data/industries/health_care/biotechnology/AMGN_insider_trades.csv
JPM,JPMorgan Chase & Co.,Financials,Banks - Diversified,2024-06-15,CONVICTION_BUY,178.65,2024-09-13,HOLDING_PERIOD_EXIT,195.59,90,9.48,948.0,90,"C-Suite Conviction Buy: JPM_CFO_Conviction (Chief Financial Officer) open-market purchase of $612,400.00",0000019617-24-99999CFO,https://www.sec.gov/edgar/browse/?CIK=0000019617,data/industries/financials/banks_diversified/JPM_insider_trades.csv
V,Visa Inc.,Financials,Credit Services,2024-06-15,CONVICTION_BUY,256.2,2024-09-13,HOLDING_PERIOD_EXIT,342.9,90,33.84,3384.0,90,"C-Suite Conviction Buy: V_CEO_Conviction (Chief Executive Officer) open-market purchase of $851,950.00",0001403161-24-99999CEO,https://www.sec.gov/edgar/browse/?CIK=0001403161,data/industries/financials/credit_services/V_insider_trades.csv
TSLA,Tesla Inc.,Consumer Discretionary,Automotive,2024-06-15,CONVICTION_BUY,151.05,2024-09-13,HOLDING_PERIOD_EXIT,188.75,90,24.96,2496.0,95,"C-Suite Conviction Buy: TSLA_CEO_Conviction (Chief Executive Officer) open-market purchase of $1,038,100.00",0001318605-24-99999CEO,https://www.sec.gov/edgar/browse/?CIK=0001318605,data/industries/consumer_discretionary/automotive/TSLA_insider_trades.csv
AAPL,Apple Inc.,Information Technology,Consumer Electronics,2024-06-16,CONVICTION_BUY,186.21,2024-09-14,HOLDING_PERIOD_EXIT,242.74,90,30.36,3036.0,95,"C-Suite Conviction Buy: AAPL_CFO_Conviction (Chief Financial Officer) open-market purchase of $1,049,900.00",0000320193-24-99999CFO,https://www.sec.gov/edgar/browse/?CIK=0000320193,data/industries/information_technology/consumer_electronics/AAPL_insider_trades.csv
AXP,American Express Company,Financials,Credit Services,2024-06-16,CONVICTION_BUY,92.81,2024-09-14,HOLDING_PERIOD_EXIT,100.83,90,8.64,864.0,70,"C-Suite Conviction Buy: Insider_AXP_2024_8 (Chief Financial Officer) open-market purchase of $246,372.00",0000004962-24-000008,https://www.sec.gov/edgar/browse/?CIK=0000004962,data/industries/financials/credit_services/AXP_insider_trades.csv
JPM,JPMorgan Chase & Co.,Financials,Banks - Diversified,2024-06-20,CONVICTION_BUY,222.15,2024-09-18,HOLDING_PERIOD_EXIT,290.39,90,30.72,3072.0,90,"C-Suite Conviction Buy: JPM_CFO_Conviction (Chief Financial Officer) open-market purchase of $612,400.00",0000019617-24-99999CFO,https://www.sec.gov/edgar/browse/?CIK=0000019617,data/industries/financials/banks_diversified/JPM_insider_trades.csv
AAPL,Apple Inc.,Information Technology,Consumer Electronics,2024-06-21,CONVICTION_BUY,146.16,2024-09-19,HOLDING_PERIOD_EXIT,197.2,90,34.92,3492.0,95,"C-Suite Conviction Buy: AAPL_CFO_Conviction (Chief Financial Officer) open-market purchase of $1,049,900.00",0000320193-24-99999CFO,https://www.sec.gov/edgar/browse/?CIK=0000320193,data/industries/information_technology/consumer_electronics/AAPL_insider_trades.csv
JPM,JPMorgan Chase & Co.,Financials,Banks - Diversified,2024-06-21,CONVICTION_BUY,102.23,2024-09-19,HOLDING_PERIOD_EXIT,119.04,90,16.44,1644.0,90,"C-Suite Conviction Buy: JPM_CFO_Conviction (Chief Financial Officer) open-market purchase of $612,400.00",0000019617-24-99999CFO,https://www.sec.gov/edgar/browse/?CIK=0000019617,data/industries/financials/banks_diversified/JPM_insider_trades.csv
ADBE,Adobe Inc.,Information Technology,Software - Infrastructure,2024-06-22,CONVICTION_BUY,257.89,2024-09-20,HOLDING_PERIOD_EXIT,344.85,90,33.72,3372.0,90,"C-Suite Conviction Buy: Insider_ADBE_2024_2 (Chief Financial Officer) open-market purchase of $628,974.00",0000796343-24-000002,https://www.sec.gov/edgar/browse/?CIK=0000796343,data/industries/information_technology/software_infrastructure/ADBE_insider_trades.csv
PLD,Prologis Inc.,Real Estate,REIT - Industrial,2024-06-24,CONVICTION_BUY,167.36,2024-09-22,HOLDING_PERIOD_EXIT,221.38,90,32.28,3228.0,95,"C-Suite Conviction Buy: Insider_PLD_2024_1 (Chief Financial Officer) open-market purchase of $1,319,112.00",0001045609-24-000001,https://www.sec.gov/edgar/browse/?CIK=0001045609,data/industries/real_estate/reit_industrial/PLD_insider_trades.csv
COST,Costco Wholesale Corporation,Consumer Staples,Discount Stores,2024-07-03,CONVICTION_BUY,120.44,2024-10-01,HOLDING_PERIOD_EXIT,139.52,90,15.84,1584.0,70,"C-Suite Conviction Buy: Insider_COST_2024_8 (Chief Financial Officer) open-market purchase of $171,668.00",0000909832-24-000008,https://www.sec.gov/edgar/browse/?CIK=0000909832,data/industries/consumer_staples/discount_stores/COST_insider_trades.csv
MA,Mastercard Incorporated,Financials,Credit Services,2024-07-17,CONVICTION_BUY,170.87,2024-10-10,TAKE_PROFIT_TARGET,239.22,85,40.0,4000.0,80,"C-Suite Conviction Buy: Insider_MA_2024_4 (Chief Financial Officer) open-market purchase of $311,544.00",0001141391-24-000004,https://www.sec.gov/edgar/browse/?CIK=0001141391,data/industries/financials/credit_services/MA_insider_trades.csv
MA,Mastercard Incorporated,Financials,Credit Services,2024-07-21,CONVICTION_BUY,196.18,2024-10-19,HOLDING_PERIOD_EXIT,250.8,90,27.84,2784.0,80,"C-Suite Conviction Buy: Insider_MA_2024_4 (Chief Financial Officer) open-market purchase of $311,544.00",0001141391-24-000004,https://www.sec.gov/edgar/browse/?CIK=0001141391,data/industries/financials/credit_services/MA_insider_trades.csv
INTC,Intel Corporation,Information Technology,Semiconductors,2024-07-24,CONVICTION_BUY,161.53,2024-10-22,HOLDING_PERIOD_EXIT,197.2,90,22.08,2208.0,70,"C-Suite Conviction Buy: Insider_INTC_2024_5 (Chief Executive Officer) open-market purchase of $106,110.00",0000050863-24-000005,https://www.sec.gov/edgar/browse/?CIK=0000050863,data/industries/information_technology/semiconductors/INTC_insider_trades.csv
MA,Mastercard Incorporated,Financials,Credit Services,2024-07-30,CONVICTION_BUY,202.76,2024-10-28,HOLDING_PERIOD_EXIT,251.42,90,24.0,2400.0,80,"C-Suite Conviction Buy: Insider_MA_2024_4 (Chief Financial Officer) open-market purchase of $311,544.00",0001141391-24-000004,https://www.sec.gov/edgar/browse/?CIK=0001141391,data/industries/financials/credit_services/MA_insider_trades.csv
NVDA,NVIDIA Corporation,Information Technology,Semiconductors,2024-08-02,CONVICTION_BUY,152.68,2024-10-12,TAKE_PROFIT_TARGET,213.75,71,40.0,4000.0,90,"C-Suite Conviction Buy: Insider_NVDA_2024_1 (Chief Financial Officer) open-market purchase of $598,968.00",0001045810-24-000001,https://www.sec.gov/edgar/browse/?CIK=0001045810,data/industries/information_technology/semiconductors/NVDA_insider_trades.csv
MA,Mastercard Incorporated,Financials,Credit Services,2024-08-06,CONVICTION_BUY,273.35,2024-11-04,HOLDING_PERIOD_EXIT,369.79,90,35.28,3528.0,90,"C-Suite Conviction Buy: Insider_MA_2024_7 (Chief Executive Officer) open-market purchase of $828,990.00",0001141391-24-000007,https://www.sec.gov/edgar/browse/?CIK=0001141391,data/industries/financials/credit_services/MA_insider_trades.csv
INTC,Intel Corporation,Information Technology,Semiconductors,2024-08-07,CONVICTION_BUY,203.47,2024-09-06,STOP_LOSS_EXIT,179.05,30,-12.0,-1200.0,70,"C-Suite Conviction Buy: Insider_INTC_2024_5 (Chief Executive Officer) open-market purchase of $106,110.00",0000050863-24-000005,https://www.sec.gov/edgar/browse/?CIK=0000050863,data/industries/information_technology/semiconductors/INTC_insider_trades.csv
MRNA,Moderna Inc.,Health Care,Biotechnology,2024-08-10,CONVICTION_BUY,222.82,2024-11-08,HOLDING_PERIOD_EXIT,295.82,90,32.76,3276.0,80,"C-Suite Conviction Buy: Insider_MRNA_2024_4 (Chief Financial Officer) open-market purchase of $392,784.00",0001682852-24-000004,https://www.sec.gov/edgar/browse/?CIK=0001682852,data/industries/health_care/biotechnology/MRNA_insider_trades.csv
MA,Mastercard Incorporated,Financials,Credit Services,2024-08-12,CONVICTION_BUY,100.6,2024-11-09,TAKE_PROFIT_TARGET,140.84,89,40.0,4000.0,90,"C-Suite Conviction Buy: Insider_MA_2024_7 (Chief Executive Officer) open-market purchase of $828,990.00",0001141391-24-000007,https://www.sec.gov/edgar/browse/?CIK=0001141391,data/industries/financials/credit_services/MA_insider_trades.csv
ADBE,Adobe Inc.,Information Technology,Software - Infrastructure,2024-08-15,CONVICTION_BUY,227.56,2024-11-13,HOLDING_PERIOD_EXIT,307.3,90,35.04,3504.0,80,"C-Suite Conviction Buy: Insider_ADBE_2024_4 (Chief Executive Officer) open-market purchase of $490,212.00",0000796343-24-000004,https://www.sec.gov/edgar/browse/?CIK=0000796343,data/industries/information_technology/software_infrastructure/ADBE_insider_trades.csv
MRNA,Moderna Inc.,Health Care,Biotechnology,2024-08-23,CONVICTION_BUY,87.64,2024-11-21,HOLDING_PERIOD_EXIT,94.37,90,7.68,768.0,80,"C-Suite Conviction Buy: Insider_MRNA_2024_4 (Chief Financial Officer) open-market purchase of $392,784.00",0001682852-24-000004,https://www.sec.gov/edgar/browse/?CIK=0001682852,data/industries/health_care/biotechnology/MRNA_insider_trades.csv
COST,Costco Wholesale Corporation,Consumer Staples,Discount Stores,2024-09-01,CONVICTION_BUY,212.06,2024-11-28,TAKE_PROFIT_TARGET,296.88,88,40.0,4000.0,90,"C-Suite Conviction Buy: Insider_COST_2024_12 (Chief Executive Officer) open-market purchase of $820,116.00",0000909832-24-000012,https://www.sec.gov/edgar/browse/?CIK=0000909832,data/industries/consumer_staples/discount_stores/COST_insider_trades.csv
KO,The Coca-Cola Company,Consumer Staples,Beverages - Non-Alcoholic,2024-09-14,CONVICTION_BUY,95.11,2024-12-13,HOLDING_PERIOD_EXIT,115.2,90,21.12,2112.0,95,"C-Suite Conviction Buy: Insider_KO_2024_10 (Chief Executive Officer) open-market purchase of $1,051,995.00",0000021344-24-000010,https://www.sec.gov/edgar/browse/?CIK=0000021344,data/industries/consumer_staples/beverages_non_alcoholic/KO_insider_trades.csv
BA,The Boeing Company,Industrials,Aerospace & Defense,2024-09-26,CONVICTION_BUY,224.54,2024-12-25,HOLDING_PERIOD_EXIT,286.51,90,27.6,2760.0,70,"C-Suite Conviction Buy: Insider_BA_2024_7 (Chief Executive Officer) open-market purchase of $157,560.00",0000012927-24-000007,https://www.sec.gov/edgar/browse/?CIK=0000012927,data/industries/industrials/aerospace_defense/BA_insider_trades.csv
TSLA,Tesla Inc.,Consumer Discretionary,Automotive,2024-10-04,CONVICTION_BUY,271.22,2025-01-02,HOLDING_PERIOD_EXIT,326.87,90,20.52,2052.0,70,"C-Suite Conviction Buy: Insider_TSLA_2024_7 (Chief Executive Officer) open-market purchase of $230,490.00",0001318605-24-000007,https://www.sec.gov/edgar/browse/?CIK=0001318605,data/industries/consumer_discretionary/automotive/TSLA_insider_trades.csv
MSFT,Microsoft Corporation,Information Technology,Software - Infrastructure,2024-10-08,CONVICTION_BUY,172.84,2025-01-06,HOLDING_PERIOD_EXIT,211.0,90,22.08,2208.0,90,"C-Suite Conviction Buy: Insider_MSFT_2024_2 (Chief Financial Officer) open-market purchase of $908,349.00",0000789019-24-000002,https://www.sec.gov/edgar/browse/?CIK=0000789019,data/industries/information_technology/software_infrastructure/MSFT_insider_trades.csv
MSFT,Microsoft Corporation,Information Technology,Software - Infrastructure,2024-10-19,CONVICTION_BUY,125.04,2025-01-17,HOLDING_PERIOD_EXIT,153.4,90,22.68,2268.0,90,"C-Suite Conviction Buy: Insider_MSFT_2024_2 (Chief Financial Officer) open-market purchase of $908,349.00",0000789019-24-000002,https://www.sec.gov/edgar/browse/?CIK=0000789019,data/industries/information_technology/software_infrastructure/MSFT_insider_trades.csv
GM,General Motors Company,Consumer Discretionary,Automotive,2024-10-31,CONVICTION_BUY,151.52,2025-01-29,TAKE_PROFIT_TARGET,212.13,90,40.0,4000.0,80,"C-Suite Conviction Buy: Insider_GM_2024_8 (Chief Executive Officer) open-market purchase of $275,646.00",0001467858-24-000008,https://www.sec.gov/edgar/browse/?CIK=0001467858,data/industries/consumer_discretionary/automotive/GM_insider_trades.csv
TMUS,T-Mobile US Inc.,Communication Services,Telecom Services,2024-11-02,CONVICTION_BUY,112.57,2025-01-31,TAKE_PROFIT_TARGET,157.6,90,40.0,4000.0,90,"C-Suite Conviction Buy: Insider_TMUS_2024_1 (Chief Executive Officer) open-market purchase of $673,325.00",0001283699-24-000001,https://www.sec.gov/edgar/browse/?CIK=0001283699,data/industries/communication_services/telecom_services/TMUS_insider_trades.csv
TSLA,Tesla Inc.,Consumer Discretionary,Automotive,2024-11-07,CONVICTION_BUY,165.63,2025-01-23,TAKE_PROFIT_TARGET,231.88,77,40.0,4000.0,80,"C-Suite Conviction Buy: Insider_TSLA_2024_12 (Chief Executive Officer) open-market purchase of $293,094.00",0001318605-24-000012,https://www.sec.gov/edgar/browse/?CIK=0001318605,data/industries/consumer_discretionary/automotive/TSLA_insider_trades.csv
GM,General Motors Company,Consumer Discretionary,Automotive,2024-11-11,CONVICTION_BUY,202.07,2025-02-09,HOLDING_PERIOD_EXIT,251.05,90,24.24,2424.0,80,"C-Suite Conviction Buy: Insider_GM_2024_8 (Chief Executive Officer) open-market purchase of $275,646.00",0001467858-24-000008,https://www.sec.gov/edgar/browse/?CIK=0001467858,data/industries/consumer_discretionary/automotive/GM_insider_trades.csv
INTC,Intel Corporation,Information Technology,Semiconductors,2024-11-12,CONVICTION_BUY,137.66,2025-01-25,TAKE_PROFIT_TARGET,192.72,74,40.0,4000.0,90,"C-Suite Conviction Buy: Insider_INTC_2024_3 (Chief Executive Officer) open-market purchase of $700,240.00",0000050863-24-000003,https://www.sec.gov/edgar/browse/?CIK=0000050863,data/industries/information_technology/semiconductors/INTC_insider_trades.csv
AMZN,Amazon.com Inc.,Consumer Discretionary,Internet Retail,2024-11-15,CONVICTION_BUY,165.31,2025-02-08,TAKE_PROFIT_TARGET,231.43,85,40.0,4000.0,80,"C-Suite Conviction Buy: Insider_AMZN_2024_3 (Chief Executive Officer) open-market purchase of $307,086.00",0001018724-24-000003,https://www.sec.gov/edgar/browse/?CIK=0001018724,data/industries/consumer_discretionary/internet_retail/AMZN_insider_trades.csv
PANW,Palo Alto Networks Inc.,Information Technology,Software - Infrastructure,2024-11-16,CONVICTION_BUY,108.57,2025-02-14,HOLDING_PERIOD_EXIT,117.82,90,8.52,852.0,95,"C-Suite Conviction Buy: Insider_PANW_2024_2 (Chief Executive Officer) open-market purchase of $1,152,096.00",0001326801-24-000002,https://www.sec.gov/edgar/browse/?CIK=0001326801,data/industries/information_technology/software_infrastructure/PANW_insider_trades.csv
FDX,FedEx Corporation,Industrials,Integrated Freight & Logistics,2024-11-20,CONVICTION_BUY,159.84,2025-02-18,HOLDING_PERIOD_EXIT,188.42,90,17.88,1788.0,90,"C-Suite Conviction Buy: Insider_FDX_2024_10 (Chief Executive Officer) open-market purchase of $764,496.00",0000036104-24-000010,https://www.sec.gov/edgar/browse/?CIK=0000036104,data/industries/industrials/integrated_freight_logistics/FDX_insider_trades.csv
INTC,Intel Corporation,Information Technology,Semiconductors,2024-11-21,CONVICTION_BUY,144.61,2024-12-21,STOP_LOSS_EXIT,127.26,30,-12.0,-1200.0,90,"C-Suite Conviction Buy: Insider_INTC_2024_3 (Chief Executive Officer) open-market purchase of $700,240.00",0000050863-24-000003,https://www.sec.gov/edgar/browse/?CIK=0000050863,data/industries/information_technology/semiconductors/INTC_insider_trades.csv
INTC,Intel Corporation,Information Technology,Semiconductors,2024-11-23,CONVICTION_BUY,160.87,2025-02-21,HOLDING_PERIOD_EXIT,186.54,90,15.96,1596.0,90,"C-Suite Conviction Buy: Insider_INTC_2024_3 (Chief Executive Officer) open-market purchase of $700,240.00",0000050863-24-000003,https://www.sec.gov/edgar/browse/?CIK=0000050863,data/industries/information_technology/semiconductors/INTC_insider_trades.csv
VRTX,Vertex Pharmaceuticals Incorporated,Health Care,Biotechnology,2024-11-24,CONVICTION_BUY,218.42,2025-02-22,HOLDING_PERIOD_EXIT,282.64,90,29.4,2940.0,70,"C-Suite Conviction Buy: Insider_VRTX_2024_4 (Chief Executive Officer) open-market purchase of $237,924.00",0000875320-24-000004,https://www.sec.gov/edgar/browse/?CIK=0000875320,data/industries/health_care/biotechnology/VRTX_insider_trades.csv
MA,Mastercard Incorporated,Financials,Credit Services,2024-11-24,CONVICTION_BUY,255.84,2025-02-22,HOLDING_PERIOD_EXIT,317.24,90,24.0,2400.0,95,"C-Suite Conviction Buy: Insider_MA_2024_10 (Chief Financial Officer) open-market purchase of $1,625,521.00",0001141391-24-000010,https://www.sec.gov/edgar/browse/?CIK=0001141391,data/industries/financials/credit_services/MA_insider_trades.csv
AMZN,Amazon.com Inc.,Consumer Discretionary,Internet Retail,2024-11-29,CONVICTION_BUY,129.39,2024-12-29,STOP_LOSS_EXIT,113.86,30,-12.0,-1200.0,80,"C-Suite Conviction Buy: Insider_AMZN_2024_3 (Chief Executive Officer) open-market purchase of $307,086.00",0001018724-24-000003,https://www.sec.gov/edgar/browse/?CIK=0001018724,data/industries/consumer_discretionary/internet_retail/AMZN_insider_trades.csv
V,Visa Inc.,Financials,Credit Services,2024-12-03,CONVICTION_BUY,131.18,2025-03-03,HOLDING_PERIOD_EXIT,149.91,90,14.28,1428.0,70,"C-Suite Conviction Buy: Insider_V_2024_2 (Chief Executive Officer) open-market purchase of $217,040.00",0001403161-24-000002,https://www.sec.gov/edgar/browse/?CIK=0001403161,data/industries/financials/credit_services/V_insider_trades.csv
F,Ford Motor Company,Consumer Discretionary,Automotive,2024-12-03,CONVICTION_BUY,109.48,2025-03-03,HOLDING_PERIOD_EXIT,137.07,90,25.2,2520.0,90,"C-Suite Conviction Buy: Insider_F_2024_7 (Chief Financial Officer) open-market purchase of $879,960.00",0000037996-24-000007,https://www.sec.gov/edgar/browse/?CIK=0000037996,data/industries/consumer_discretionary/automotive/F_insider_trades.csv
F,Ford Motor Company,Consumer Discretionary,Automotive,2024-12-04,CONVICTION_BUY,268.77,2025-01-03,STOP_LOSS_EXIT,236.52,30,-12.0,-1200.0,90,"C-Suite Conviction Buy: Insider_F_2024_7 (Chief Financial Officer) open-market purchase of $879,960.00",0000037996-24-000007,https://www.sec.gov/edgar/browse/?CIK=0000037996,data/industries/consumer_discretionary/automotive/F_insider_trades.csv
BA,The Boeing Company,Industrials,Aerospace & Defense,2024-12-05,CONVICTION_BUY,268.2,2025-02-20,TAKE_PROFIT_TARGET,375.48,77,40.0,4000.0,95,"C-Suite Conviction Buy: Insider_BA_2024_1 (Chief Financial Officer) open-market purchase of $1,271,322.00",0000012927-24-000001,https://www.sec.gov/edgar/browse/?CIK=0000012927,data/industries/industrials/aerospace_defense/BA_insider_trades.csv
WFC,Wells Fargo & Company,Financials,Banks - Diversified,2024-12-09,CONVICTION_BUY,123.57,2025-03-09,HOLDING_PERIOD_EXIT,163.61,90,32.4,3240.0,80,"C-Suite Conviction Buy: Insider_WFC_2024_10 (Chief Financial Officer) open-market purchase of $362,280.00",0000072971-24-000010,https://www.sec.gov/edgar/browse/?CIK=0000072971,data/industries/financials/banks_diversified/WFC_insider_trades.csv
V,Visa Inc.,Financials,Credit Services,2024-12-09,CONVICTION_BUY,145.59,2025-03-09,HOLDING_PERIOD_EXIT,191.54,90,31.56,3156.0,70,"C-Suite Conviction Buy: Insider_V_2024_2 (Chief Executive Officer) open-market purchase of $217,040.00",0001403161-24-000002,https://www.sec.gov/edgar/browse/?CIK=0001403161,data/industries/financials/credit_services/V_insider_trades.csv
KO,The Coca-Cola Company,Consumer Staples,Beverages - Non-Alcoholic,2024-12-13,CONVICTION_BUY,228.82,2025-03-13,HOLDING_PERIOD_EXIT,285.93,90,24.96,2496.0,70,"C-Suite Conviction Buy: Insider_KO_2024_1 (Chief Executive Officer) open-market purchase of $238,770.00",0000021344-24-000001,https://www.sec.gov/edgar/browse/?CIK=0000021344,data/industries/consumer_staples/beverages_non_alcoholic/KO_insider_trades.csv
ADBE,Adobe Inc.,Information Technology,Software - Infrastructure,2024-12-15,CONVICTION_BUY,122.67,2025-03-06,TAKE_PROFIT_TARGET,171.74,81,40.0,4000.0,90,"C-Suite Conviction Buy: Insider_ADBE_2024_14 (Chief Financial Officer) open-market purchase of $983,630.00",0000796343-24-000014,https://www.sec.gov/edgar/browse/?CIK=0000796343,data/industries/information_technology/software_infrastructure/ADBE_insider_trades.csv
MRNA,Moderna Inc.,Health Care,Biotechnology,2024-12-18,CONVICTION_BUY,142.99,2025-03-18,HOLDING_PERIOD_EXIT,154.14,90,7.8,780.0,80,"C-Suite Conviction Buy: Insider_MRNA_2024_3 (Chief Financial Officer) open-market purchase of $282,650.00",0001682852-24-000003,https://www.sec.gov/edgar/browse/?CIK=0001682852,data/industries/health_care/biotechnology/MRNA_insider_trades.csv
ORCL,Oracle Corporation,Information Technology,Software - Infrastructure,2024-12-22,CONVICTION_BUY,267.02,2025-03-22,HOLDING_PERIOD_EXIT,293.29,90,9.84,984.0,80,"C-Suite Conviction Buy: Insider_ORCL_2024_1 (Chief Financial Officer) open-market purchase of $283,104.00",0001341439-24-000001,https://www.sec.gov/edgar/browse/?CIK=0001341439,data/industries/information_technology/software_infrastructure/ORCL_insider_trades.csv
IBM,International Business Machines Corporation,Information Technology,IT Services,2025-01-06,CONVICTION_BUY,90.38,2025-04-06,HOLDING_PERIOD_EXIT,80.62,90,-10.8,-1080.0,70,"C-Suite Conviction Buy: Insider_IBM_2025_2 (Chief Executive Officer) open-market purchase of $140,688.00",0000051143-25-000002,https://www.sec.gov/edgar/browse/?CIK=0000051143,data/industries/information_technology/it_services/IBM_insider_trades.csv
JNJ,Johnson & Johnson,Health Care,Pharmaceuticals,2025-01-19,CONVICTION_BUY,228.51,2025-04-09,TAKE_PROFIT_TARGET,319.91,80,40.0,4000.0,80,"C-Suite Conviction Buy: Insider_JNJ_2025_5 (Chief Financial Officer) open-market purchase of $488,268.00",0000200406-25-000005,https://www.sec.gov/edgar/browse/?CIK=0000200406,data/industries/health_care/pharmaceuticals/JNJ_insider_trades.csv
JNJ,Johnson & Johnson,Health Care,Pharmaceuticals,2025-01-21,CONVICTION_BUY,172.85,2025-04-11,TAKE_PROFIT_TARGET,241.99,80,40.0,4000.0,80,"C-Suite Conviction Buy: Insider_JNJ_2025_5 (Chief Financial Officer) open-market purchase of $488,268.00",0000200406-25-000005,https://www.sec.gov/edgar/browse/?CIK=0000200406,data/industries/health_care/pharmaceuticals/JNJ_insider_trades.csv
ADBE,Adobe Inc.,Information Technology,Software - Infrastructure,2025-01-26,CONVICTION_BUY,267.31,2025-04-26,HOLDING_PERIOD_EXIT,340.77,90,27.48,2748.0,70,"C-Suite Conviction Buy: Insider_ADBE_2025_4 (Chief Executive Officer) open-market purchase of $223,911.00",0000796343-25-000004,https://www.sec.gov/edgar/browse/?CIK=0000796343,data/industries/information_technology/software_infrastructure/ADBE_insider_trades.csv
CRWD,CrowdStrike Holdings Inc.,Information Technology,Software - Infrastructure,2025-01-28,CONVICTION_BUY,102.48,2025-04-28,HOLDING_PERIOD_EXIT,130.89,90,27.72,2772.0,90,"C-Suite Conviction Buy: Insider_CRWD_2025_7 (Chief Executive Officer) open-market purchase of $913,750.00",0001535527-25-000007,https://www.sec.gov/edgar/browse/?CIK=0001535527,data/industries/information_technology/software_infrastructure/CRWD_insider_trades.csv
SNPS,Synopsys Inc.,Information Technology,Software - Infrastructure,2025-02-02,CONVICTION_BUY,95.73,2025-05-03,HOLDING_PERIOD_EXIT,120.31,90,25.68,2568.0,95,"C-Suite Conviction Buy: Insider_SNPS_2025_3 (Chief Financial Officer) open-market purchase of $1,139,190.00",0000883241-25-000003,https://www.sec.gov/edgar/browse/?CIK=0000883241,data/industries/information_technology/software_infrastructure/SNPS_insider_trades.csv
SNPS,Synopsys Inc.,Information Technology,Software - Infrastructure,2025-02-03,CONVICTION_BUY,111.98,2025-04-22,TAKE_PROFIT_TARGET,156.77,78,40.0,4000.0,95,"C-Suite Conviction Buy: Insider_SNPS_2025_3 (Chief Financial Officer) open-market purchase of $1,139,190.00",0000883241-25-000003,https://www.sec.gov/edgar/browse/?CIK=0000883241,data/industries/information_technology/software_infrastructure/SNPS_insider_trades.csv
CRWD,CrowdStrike Holdings Inc.,Information Technology,Software - Infrastructure,2025-02-07,CONVICTION_BUY,221.25,2025-05-08,HOLDING_PERIOD_EXIT,283.91,90,28.32,2832.0,90,"C-Suite Conviction Buy: Insider_CRWD_2025_7 (Chief Executive Officer) open-market purchase of $913,750.00",0001535527-25-000007,https://www.sec.gov/edgar/browse/?CIK=0001535527,data/industries/information_technology/software_infrastructure/CRWD_insider_trades.csv
PANW,Palo Alto Networks Inc.,Information Technology,Software - Infrastructure,2025-03-07,CONVICTION_BUY,172.55,2025-06-05,HOLDING_PERIOD_EXIT,227.01,90,31.56,3156.0,90,"C-Suite Conviction Buy: Insider_PANW_2025_2 (Chief Executive Officer) open-market purchase of $810,270.00",0001326801-25-000002,https://www.sec.gov/edgar/browse/?CIK=0001326801,data/industries/information_technology/software_infrastructure/PANW_insider_trades.csv
COP,ConocoPhillips,Energy,Oil & Gas E&P,2025-03-07,CONVICTION_BUY,94.31,2025-06-05,HOLDING_PERIOD_EXIT,111.63,90,18.36,1836.0,70,"C-Suite Conviction Buy: Insider_COP_2025_8 (Chief Executive Officer) open-market purchase of $119,868.00",0001163165-25-000008,https://www.sec.gov/edgar/browse/?CIK=0001163165,data/industries/energy/oil_gas_ep/COP_insider_trades.csv
MRNA,Moderna Inc.,Health Care,Biotechnology,2025-03-09,CONVICTION_BUY,163.54,2025-06-07,HOLDING_PERIOD_EXIT,196.51,90,20.16,2016.0,70,"C-Suite Conviction Buy: Insider_MRNA_2025_2 (Chief Financial Officer) open-market purchase of $237,978.00",0001682852-25-000002,https://www.sec.gov/edgar/browse/?CIK=0001682852,data/industries/health_care/biotechnology/MRNA_insider_trades.csv
SPG,Simon Property Group Inc.,Real Estate,REIT - Retail,2025-03-09,CONVICTION_BUY,265.6,2025-06-07,HOLDING_PERIOD_EXIT,308.95,90,16.32,1632.0,95,"C-Suite Conviction Buy: Insider_SPG_2025_12 (Chief Financial Officer) open-market purchase of $1,252,423.00",0000906345-25-000012,https://www.sec.gov/edgar/browse/?CIK=0000906345,data/industries/real_estate/reit_retail/SPG_insider_trades.csv
SPG,Simon Property Group Inc.,Real Estate,REIT - Retail,2025-03-17,CONVICTION_BUY,106.05,2025-06-15,HOLDING_PERIOD_EXIT,135.57,90,27.84,2784.0,95,"C-Suite Conviction Buy: Insider_SPG_2025_12 (Chief Financial Officer) open-market purchase of $1,252,423.00",0000906345-25-000012,https://www.sec.gov/edgar/browse/?CIK=0000906345,data/industries/real_estate/reit_retail/SPG_insider_trades.csv
CAT,Caterpillar Inc.,Industrials,Industrial Machinery,2025-04-02,CONVICTION_BUY,275.85,2025-07-01,TAKE_PROFIT_TARGET,386.19,90,40.0,4000.0,90,"C-Suite Conviction Buy: Insider_CAT_2025_2 (Chief Executive Officer) open-market purchase of $915,027.00",0000018230-25-000002,https://www.sec.gov/edgar/browse/?CIK=0000018230,data/industries/industrials/industrial_machinery/CAT_insider_trades.csv
C,Citigroup Inc.,Financials,Banks - Diversified,2025-04-08,CONVICTION_BUY,231.05,2025-07-07,HOLDING_PERIOD_EXIT,287.33,90,24.36,2436.0,95,"C-Suite Conviction Buy: Insider_C_2025_5 (Chief Executive Officer) open-market purchase of $1,087,101.00",0000831001-25-000005,https://www.sec.gov/edgar/browse/?CIK=0000831001,data/industries/financials/banks_diversified/C_insider_trades.csv
ABT,Abbott Laboratories,Health Care,Medical Devices,2025-04-13,CONVICTION_BUY,130.09,2025-07-12,HOLDING_PERIOD_EXIT,169.59,90,30.36,3036.0,90,"C-Suite Conviction Buy: Insider_ABT_2025_1 (Chief Executive Officer) open-market purchase of $665,830.00",0000001800-25-000001,https://www.sec.gov/edgar/browse/?CIK=0000001800,data/industries/health_care/medical_devices/ABT_insider_trades.csv
C,Citigroup Inc.,Financials,Banks - Diversified,2025-04-14,CONVICTION_BUY,203.14,2025-07-13,HOLDING_PERIOD_EXIT,236.54,90,16.44,1644.0,95,"C-Suite Conviction Buy: Insider_C_2025_5 (Chief Executive Officer) open-market purchase of $1,087,101.00",0000831001-25-000005,https://www.sec.gov/edgar/browse/?CIK=0000831001,data/industries/financials/banks_diversified/C_insider_trades.csv
ABT,Abbott Laboratories,Health Care,Medical Devices,2025-04-15,CONVICTION_BUY,227.86,2025-07-14,HOLDING_PERIOD_EXIT,302.23,90,32.64,3264.0,90,"C-Suite Conviction Buy: Insider_ABT_2025_1 (Chief Executive Officer) open-market purchase of $665,830.00",0000001800-25-000001,https://www.sec.gov/edgar/browse/?CIK=0000001800,data/industries/health_care/medical_devices/ABT_insider_trades.csv
UPS,United Parcel Service Inc.,Industrials,Integrated Freight & Logistics,2025-04-19,CONVICTION_BUY,140.41,2025-07-18,HOLDING_PERIOD_EXIT,189.1,90,34.68,3468.0,90,"C-Suite Conviction Buy: Insider_UPS_2025_2 (Chief Executive Officer) open-market purchase of $622,708.00",0001090727-25-000002,https://www.sec.gov/edgar/browse/?CIK=0001090727,data/industries/industrials/integrated_freight_logistics/UPS_insider_trades.csv
LIN,Linde plc,Materials,Specialty Chemicals,2025-05-08,CONVICTION_BUY,93.18,2025-08-01,TAKE_PROFIT_TARGET,130.45,85,40.0,4000.0,90,"C-Suite Conviction Buy: Insider_LIN_2025_3 (Chief Executive Officer) open-market purchase of $869,396.00",0001707925-25-000003,https://www.sec.gov/edgar/browse/?CIK=0001707925,data/industries/materials/specialty_chemicals/LIN_insider_trades.csv
AMZN,Amazon.com Inc.,Consumer Discretionary,Internet Retail,2025-05-09,CONVICTION_BUY,88.14,2025-07-24,TAKE_PROFIT_TARGET,123.4,76,40.0,4000.0,80,"C-Suite Conviction Buy: Insider_AMZN_2025_1 (Chief Executive Officer) open-market purchase of $390,222.00",0001018724-25-000001,https://www.sec.gov/edgar/browse/?CIK=0001018724,data/industries/consumer_discretionary/internet_retail/AMZN_insider_trades.csv
AXP,American Express Company,Financials,Credit Services,2025-05-10,CONVICTION_BUY,267.57,2025-06-09,STOP_LOSS_EXIT,235.46,30,-12.0,-1200.0,80,"C-Suite Conviction Buy: Insider_AXP_2025_11 (Chief Financial Officer) open-market purchase of $338,775.00",0000004962-25-000011,https://www.sec.gov/edgar/browse/?CIK=0000004962,data/industries/financials/credit_services/AXP_insider_trades.csv
DE,Deere & Company,Industrials,Industrial Machinery,2025-05-10,CONVICTION_BUY,261.1,2025-08-08,HOLDING_PERIOD_EXIT,331.6,90,27.0,2700.0,90,"C-Suite Conviction Buy: Insider_DE_2025_12 (Chief Financial Officer) open-market purchase of $594,752.00",0000315189-25-000012,https://www.sec.gov/edgar/browse/?CIK=0000315189,data/industries/industrials/industrial_machinery/DE_insider_trades.csv
AXP,American Express Company,Financials,Credit Services,2025-05-16,CONVICTION_BUY,133.34,2025-07-21,TAKE_PROFIT_TARGET,186.68,66,40.0,4000.0,80,"C-Suite Conviction Buy: Insider_AXP_2025_11 (Chief Financial Officer) open-market purchase of $338,775.00",0000004962-25-000011,https://www.sec.gov/edgar/browse/?CIK=0000004962,data/industries/financials/credit_services/AXP_insider_trades.csv
FCX,Freeport-McMoRan Inc.,Materials,Copper & Metals,2025-05-25,CONVICTION_BUY,259.14,2025-08-07,TAKE_PROFIT_TARGET,362.8,74,40.0,4000.0,95,"C-Suite Conviction Buy: Insider_FCX_2025_1 (Chief Executive Officer) open-market purchase of $1,162,376.00",0000831259-25-000001,https://www.sec.gov/edgar/browse/?CIK=0000831259,data/industries/materials/copper_metals/FCX_insider_trades.csv
TXN,Texas Instruments Incorporated,Information Technology,Semiconductors,2025-06-05,CONVICTION_BUY,235.99,2025-08-16,TAKE_PROFIT_TARGET,330.39,72,40.0,4000.0,90,"C-Suite Conviction Buy: Insider_TXN_2025_7 (Chief Executive Officer) open-market purchase of $834,900.00",0000097476-25-000007,https://www.sec.gov/edgar/browse/?CIK=0000097476,data/industries/information_technology/semiconductors/TXN_insider_trades.csv
SBUX,Starbucks Corporation,Consumer Discretionary,Restaurants,2025-06-06,CONVICTION_BUY,237.65,2025-09-04,HOLDING_PERIOD_EXIT,259.04,90,9.0,900.0,80,"C-Suite Conviction Buy: Insider_SBUX_2025_1 (Chief Executive Officer) open-market purchase of $250,490.00",0000829224-25-000001,https://www.sec.gov/edgar/browse/?CIK=0000829224,data/industries/consumer_discretionary/restaurants/SBUX_insider_trades.csv
DUK,Duke Energy Corporation,Utilities,Utilities - Regulated Electric,2025-06-12,CONVICTION_BUY,80.41,2025-09-10,HOLDING_PERIOD_EXIT,107.52,90,33.72,3372.0,95,"C-Suite Conviction Buy: Insider_DUK_2025_12 (Chief Executive Officer) open-market purchase of $1,260,176.00",0001326160-25-000012,https://www.sec.gov/edgar/browse/?CIK=0001326160,data/industries/utilities/utilities_regulated_electric/DUK_insider_trades.csv
NVDA,NVIDIA Corporation,Information Technology,Semiconductors,2025-06-15,CONVICTION_BUY,171.46,2025-09-13,HOLDING_PERIOD_EXIT,212.61,90,24.0,2400.0,90,"C-Suite Conviction Buy: NVDA_CFO_Conviction (Chief Financial Officer) open-market purchase of $706,450.00",0001045810-25-99999CFO,https://www.sec.gov/edgar/browse/?CIK=0001045810,data/industries/information_technology/semiconductors/NVDA_insider_trades.csv
AMD,Advanced Micro Devices Inc.,Information Technology,Semiconductors,2025-06-15,CONVICTION_BUY,187.89,2025-09-13,HOLDING_PERIOD_EXIT,204.57,90,8.88,888.0,90,"C-Suite Conviction Buy: AMD_CFO_Conviction (Chief Financial Officer) open-market purchase of $548,800.00",0000002488-25-99999CFO,https://www.sec.gov/edgar/browse/?CIK=0000002488,data/industries/information_technology/semiconductors/AMD_insider_trades.csv
MSFT,Microsoft Corporation,Information Technology,Software - Infrastructure,2025-06-15,CONVICTION_BUY,258.51,2025-09-13,HOLDING_PERIOD_EXIT,301.94,90,16.8,1680.0,90,"C-Suite Conviction Buy: MSFT_CFO_Conviction (Chief Financial Officer) open-market purchase of $647,400.00",0000789019-25-99999CFO,https://www.sec.gov/edgar/browse/?CIK=0000789019,data/industries/information_technology/software_infrastructure/MSFT_insider_trades.csv
AAPL,Apple Inc.,Information Technology,Consumer Electronics,2025-06-15,CONVICTION_BUY,104.94,2025-09-13,HOLDING_PERIOD_EXIT,125.84,90,19.92,1992.0,95,"C-Suite Conviction Buy: AAPL_CFO_Conviction (Chief Financial Officer) open-market purchase of $1,243,550.00",0000320193-25-99999CFO,https://www.sec.gov/edgar/browse/?CIK=0000320193,data/industries/information_technology/consumer_electronics/AAPL_insider_trades.csv
AMGN,Amgen Inc.,Health Care,Biotechnology,2025-06-15,CONVICTION_BUY,98.19,2025-08-20,TAKE_PROFIT_TARGET,137.47,66,40.0,4000.0,90,"C-Suite Conviction Buy: AMGN_CFO_Conviction (Chief Financial Officer) open-market purchase of $606,350.00",0000031462-25-99999CFO,https://www.sec.gov/edgar/browse/?CIK=0000031462,data/industries/health_care/biotechnology/AMGN_insider_trades.csv
JPM,JPMorgan Chase & Co.,Financials,Banks - Diversified,2025-06-15,CONVICTION_BUY,181.98,2025-09-13,HOLDING_PERIOD_EXIT,197.92,90,8.76,876.0,95,"C-Suite Conviction Buy: JPM_CEO_Conviction (Chief Executive Officer) open-market purchase of $1,092,100.00",0000019617-25-99999CEO,https://www.sec.gov/edgar/browse/?CIK=0000019617,data/industries/financials/banks_diversified/JPM_insider_trades.csv
V,Visa Inc.,Financials,Credit Services,2025-06-15,CONVICTION_BUY,162.22,2025-09-03,TAKE_PROFIT_TARGET,227.11,80,40.0,4000.0,90,"C-Suite Conviction Buy: V_CFO_Conviction (Chief Financial Officer) open-market purchase of $540,000.00",0001403161-25-99999CFO,https://www.sec.gov/edgar/browse/?CIK=0001403161,data/industries/financials/credit_services/V_insider_trades.csv
TSLA,Tesla Inc.,Consumer Discretionary,Automotive,2025-06-15,CONVICTION_BUY,252.46,2025-09-13,HOLDING_PERIOD_EXIT,280.94,90,11.28,1128.0,90,"C-Suite Conviction Buy: TSLA_CFO_Conviction (Chief Financial Officer) open-market purchase of $741,300.00",0001318605-25-99999CFO,https://www.sec.gov/edgar/browse/?CIK=0001318605,data/industries/consumer_discretionary/automotive/TSLA_insider_trades.csv
AMD,Advanced Micro Devices Inc.,Information Technology,Semiconductors,2025-06-20,CONVICTION_BUY,125.74,2025-09-18,HOLDING_PERIOD_EXIT,173.87,90,38.28,3828.0,90,"C-Suite Conviction Buy: AMD_CFO_Conviction (Chief Financial Officer) open-market purchase of $548,800.00",0000002488-25-99999CFO,https://www.sec.gov/edgar/browse/?CIK=0000002488,data/industries/information_technology/semiconductors/AMD_insider_trades.csv
LLY,Eli Lilly and Company,Health Care,Pharmaceuticals,2025-06-23,CONVICTION_BUY,191.36,2025-09-21,HOLDING_PERIOD_EXIT,225.8,90,18.0,1800.0,90,"C-Suite Conviction Buy: Insider_LLY_2025_3 (Chief Financial Officer) open-market purchase of $562,628.00",0000059478-25-000003,https://www.sec.gov/edgar/browse/?CIK=0000059478,data/industries/health_care/pharmaceuticals/LLY_insider_trades.csv
MSFT,Microsoft Corporation,Information Technology,Software - Infrastructure,2025-06-28,CONVICTION_BUY,114.52,2025-09-21,TAKE_PROFIT_TARGET,160.33,85,40.0,4000.0,90,"C-Suite Conviction Buy: MSFT_CFO_Conviction (Chief Financial Officer) open-market purchase of $647,400.00",0000789019-25-99999CFO,https://www.sec.gov/edgar/browse/?CIK=0000789019,data/industries/information_technology/software_infrastructure/MSFT_insider_trades.csv
LOW,Lowe's Companies Inc.,Consumer Discretionary,Home Improvement Retail,2025-06-30,CONVICTION_BUY,209.44,2025-09-28,HOLDING_PERIOD_EXIT,247.39,90,18.12,1812.0,95,"C-Suite Conviction Buy: Insider_LOW_2025_3 (Chief Financial Officer) open-market purchase of $1,264,053.00",0000060667-25-000003,https://www.sec.gov/edgar/browse/?CIK=0000060667,data/industries/consumer_discretionary/home_improvement_retail/LOW_insider_trades.csv
GOOGL,Alphabet Inc.,Communication Services,Internet Content & Information,2025-06-30,CONVICTION_BUY,251.26,2025-09-28,HOLDING_PERIOD_EXIT,317.29,90,26.28,2628.0,95,"C-Suite Conviction Buy: Insider_GOOGL_2025_3 (Chief Executive Officer) open-market purchase of $1,542,066.00",0001652044-25-000003,https://www.sec.gov/edgar/browse/?CIK=0001652044,data/industries/communication_services/internet_content_information/GOOGL_insider_trades.csv
TXN,Texas Instruments Incorporated,Information Technology,Semiconductors,2025-07-03,CONVICTION_BUY,151.39,2025-10-01,HOLDING_PERIOD_EXIT,134.74,90,-11.0,-1100.0,80,"C-Suite Conviction Buy: Insider_TXN_2025_5 (Chief Financial Officer) open-market purchase of $485,904.00",0000097476-25-000005,https://www.sec.gov/edgar/browse/?CIK=0000097476,data/industries/information_technology/semiconductors/TXN_insider_trades.csv
TXN,Texas Instruments Incorporated,Information Technology,Semiconductors,2025-07-05,CONVICTION_BUY,129.63,2025-10-03,HOLDING_PERIOD_EXIT,115.11,90,-11.2,-1120.0,80,"C-Suite Conviction Buy: Insider_TXN_2025_5 (Chief Financial Officer) open-market purchase of $485,904.00",0000097476-25-000005,https://www.sec.gov/edgar/browse/?CIK=0000097476,data/industries/information_technology/semiconductors/TXN_insider_trades.csv
INTC,Intel Corporation,Information Technology,Semiconductors,2025-07-08,CONVICTION_BUY,231.91,2025-10-06,HOLDING_PERIOD_EXIT,314.28,90,35.52,3552.0,95,"C-Suite Conviction Buy: Insider_INTC_2025_9 (Chief Financial Officer) open-market purchase of $1,062,810.00",0000050863-25-000009,https://www.sec.gov/edgar/browse/?CIK=0000050863,data/industries/information_technology/semiconductors/INTC_insider_trades.csv
TXN,Texas Instruments Incorporated,Information Technology,Semiconductors,2025-07-11,CONVICTION_BUY,127.6,2025-09-17,TAKE_PROFIT_TARGET,178.64,68,40.0,4000.0,80,"C-Suite Conviction Buy: Insider_TXN_2025_5 (Chief Financial Officer) open-market purchase of $485,904.00",0000097476-25-000005,https://www.sec.gov/edgar/browse/?CIK=0000097476,data/industries/information_technology/semiconductors/TXN_insider_trades.csv
CAT,Caterpillar Inc.,Industrials,Industrial Machinery,2025-07-20,CONVICTION_BUY,117.71,2025-10-18,TAKE_PROFIT_TARGET,164.79,90,40.0,4000.0,70,"C-Suite Conviction Buy: Insider_CAT_2025_4 (Chief Executive Officer) open-market purchase of $214,586.00",0000018230-25-000004,https://www.sec.gov/edgar/browse/?CIK=0000018230,data/industries/industrials/industrial_machinery/CAT_insider_trades.csv
CL,Colgate-Palmolive Company,Consumer Staples,Household & Personal Products,2025-07-26,CONVICTION_BUY,144.72,2025-10-24,HOLDING_PERIOD_EXIT,182.58,90,26.16,2616.0,95,"C-Suite Conviction Buy: Insider_CL_2025_1 (Chief Executive Officer) open-market purchase of $1,153,040.00",0000021665-25-000001,https://www.sec.gov/edgar/browse/?CIK=0000021665,data/industries/consumer_staples/household_personal_products/CL_insider_trades.csv
RTX,RTX Corporation,Industrials,Aerospace & Defense,2025-07-28,CONVICTION_BUY,242.18,2025-10-26,HOLDING_PERIOD_EXIT,281.12,90,16.08,1608.0,95,"C-Suite Conviction Buy: Insider_RTX_2025_6 (Chief Executive Officer) open-market purchase of $1,025,639.00",0000101829-25-000006,https://www.sec.gov/edgar/browse/?CIK=0000101829,data/industries/industrials/aerospace_defense/RTX_insider_trades.csv
CVX,Chevron Corporation,Energy,Oil & Gas Integrated,2025-07-28,CONVICTION_BUY,201.91,2025-10-26,HOLDING_PERIOD_EXIT,246.98,90,22.32,2232.0,90,"C-Suite Conviction Buy: Insider_CVX_2025_8 (Chief Executive Officer) open-market purchase of $529,759.00",0000093410-25-000008,https://www.sec.gov/edgar/browse/?CIK=0000093410,data/industries/energy/oil_gas_integrated/CVX_insider_trades.csv
AAPL,Apple Inc.,Information Technology,Consumer Electronics,2025-08-14,CONVICTION_BUY,104.45,2025-11-12,HOLDING_PERIOD_EXIT,92.54,90,-11.4,-1140.0,90,"C-Suite Conviction Buy: Insider_AAPL_2025_5 (Chief Financial Officer) open-market purchase of $688,982.00",0000320193-25-000005,https://www.sec.gov/edgar/browse/?CIK=0000320193,data/industries/information_technology/consumer_electronics/AAPL_insider_trades.csv
AXP,American Express Company,Financials,Credit Services,2025-08-14,CONVICTION_BUY,171.72,2025-11-12,HOLDING_PERIOD_EXIT,216.02,90,25.8,2580.0,95,"C-Suite Conviction Buy: Insider_AXP_2025_4 (Chief Executive Officer) open-market purchase of $1,008,763.00",0000004962-25-000004,https://www.sec.gov/edgar/browse/?CIK=0000004962,data/industries/financials/credit_services/AXP_insider_trades.csv
PLD,Prologis Inc.,Real Estate,REIT - Industrial,2025-08-16,CONVICTION_BUY,115.69,2025-11-14,HOLDING_PERIOD_EXIT,140.12,90,21.12,2112.0,95,"C-Suite Conviction Buy: Insider_PLD_2025_6 (Chief Executive Officer) open-market purchase of $1,665,400.00",0001045609-25-000006,https://www.sec.gov/edgar/browse/?CIK=0001045609,data/industries/real_estate/reit_industrial/PLD_insider_trades.csv
ACN,Accenture plc,Information Technology,IT Services,2025-08-18,CONVICTION_BUY,260.98,2025-11-16,HOLDING_PERIOD_EXIT,329.57,90,26.28,2628.0,90,"C-Suite Conviction Buy: Insider_ACN_2025_3 (Chief Financial Officer) open-market purchase of $756,726.00",0001467373-25-000003,https://www.sec.gov/edgar/browse/?CIK=0001467373,data/industries/information_technology/it_services/ACN_insider_trades.csv
AXP,American Express Company,Financials,Credit Services,2025-08-18,CONVICTION_BUY,164.43,2025-11-16,HOLDING_PERIOD_EXIT,182.19,90,10.8,1080.0,95,"C-Suite Conviction Buy: Insider_AXP_2025_4 (Chief Executive Officer) open-market purchase of $1,008,763.00",0000004962-25-000004,https://www.sec.gov/edgar/browse/?CIK=0000004962,data/industries/financials/credit_services/AXP_insider_trades.csv
RTX,RTX Corporation,Industrials,Aerospace & Defense,2025-08-19,CONVICTION_BUY,149.8,2025-11-17,HOLDING_PERIOD_EXIT,205.53,90,37.2,3720.0,90,"C-Suite Conviction Buy: Insider_RTX_2025_8 (Chief Financial Officer) open-market purchase of $534,825.00",0000101829-25-000008,https://www.sec.gov/edgar/browse/?CIK=0000101829,data/industries/industrials/aerospace_defense/RTX_insider_trades.csv
AAPL,Apple Inc.,Information Technology,Consumer Electronics,2025-08-20,CONVICTION_BUY,116.83,2025-11-18,HOLDING_PERIOD_EXIT,154.96,90,32.64,3264.0,90,"C-Suite Conviction Buy: Insider_AAPL_2025_5 (Chief Financial Officer) open-market purchase of $688,982.00",0000320193-25-000005,https://www.sec.gov/edgar/browse/?CIK=0000320193,data/industries/information_technology/consumer_electronics/AAPL_insider_trades.csv
MU,Micron Technology Inc.,Information Technology,Semiconductors,2025-08-24,CONVICTION_BUY,108.4,2025-11-22,HOLDING_PERIOD_EXIT,143.65,90,32.52,3252.0,95,"C-Suite Conviction Buy: Insider_MU_2025_9 (Chief Financial Officer) open-market purchase of $1,200,996.00",0000072333-25-000009,https://www.sec.gov/edgar/browse/?CIK=0000072333,data/industries/information_technology/semiconductors/MU_insider_trades.csv
AAPL,Apple Inc.,Information Technology,Consumer Electronics,2025-08-24,CONVICTION_BUY,270.07,2025-11-08,TAKE_PROFIT_TARGET,378.1,76,40.0,4000.0,90,"C-Suite Conviction Buy: Insider_AAPL_2025_5 (Chief Financial Officer) open-market purchase of $688,982.00",0000320193-25-000005,https://www.sec.gov/edgar/browse/?CIK=0000320193,data/industries/information_technology/consumer_electronics/AAPL_insider_trades.csv
DIS,The Walt Disney Company,Communication Services,Entertainment,2025-08-25,CONVICTION_BUY,107.53,2025-11-23,HOLDING_PERIOD_EXIT,127.79,90,18.84,1884.0,90,"C-Suite Conviction Buy: Insider_DIS_2025_1 (Chief Financial Officer) open-market purchase of $681,800.00",0001744489-25-000001,https://www.sec.gov/edgar/browse/?CIK=0001744489,data/industries/communication_services/entertainment/DIS_insider_trades.csv
GS,The Goldman Sachs Group Inc.,Financials,Capital Markets,2025-08-26,CONVICTION_BUY,143.81,2025-11-24,HOLDING_PERIOD_EXIT,192.48,90,33.84,3384.0,95,"C-Suite Conviction Buy: Insider_GS_2025_2 (Chief Financial Officer) open-market purchase of $1,505,868.00",0000886982-25-000002,https://www.sec.gov/edgar/browse/?CIK=0000886982,data/industries/financials/capital_markets/GS_insider_trades.csv
PLD,Prologis Inc.,Real Estate,REIT - Industrial,2025-08-30,CONVICTION_BUY,204.92,2025-11-28,HOLDING_PERIOD_EXIT,275.25,90,34.32,3432.0,95,"C-Suite Conviction Buy: Insider_PLD_2025_6 (Chief Executive Officer) open-market purchase of $1,665,400.00",0001045609-25-000006,https://www.sec.gov/edgar/browse/?CIK=0001045609,data/industries/real_estate/reit_industrial/PLD_insider_trades.csv
MU,Micron Technology Inc.,Information Technology,Semiconductors,2025-09-02,CONVICTION_BUY,117.78,2025-12-01,HOLDING_PERIOD_EXIT,131.35,90,11.52,1152.0,95,"C-Suite Conviction Buy: Insider_MU_2025_9 (Chief Financial Officer) open-market purchase of $1,200,996.00",0000072333-25-000009,https://www.sec.gov/edgar/browse/?CIK=0000072333,data/industries/information_technology/semiconductors/MU_insider_trades.csv
MA,Mastercard Incorporated,Financials,Credit Services,2025-09-03,CONVICTION_BUY,89.2,2025-10-03,STOP_LOSS_EXIT,78.5,30,-12.0,-1200.0,95,"C-Suite Conviction Buy: Insider_MA_2025_11 (Chief Executive Officer) open-market purchase of $1,189,590.00",0001141391-25-000011,https://www.sec.gov/edgar/browse/?CIK=0001141391,data/industries/financials/credit_services/MA_insider_trades.csv
ORCL,Oracle Corporation,Information Technology,Software - Infrastructure,2025-09-04,CONVICTION_BUY,133.12,2025-12-03,HOLDING_PERIOD_EXIT,164.59,90,23.64,2364.0,90,"C-Suite Conviction Buy: Insider_ORCL_2025_2 (Chief Executive Officer) open-market purchase of $734,666.00",0001341439-25-000002,https://www.sec.gov/edgar/browse/?CIK=0001341439,data/industries/information_technology/software_infrastructure/ORCL_insider_trades.csv
MA,Mastercard Incorporated,Financials,Credit Services,2025-09-11,CONVICTION_BUY,165.07,2025-12-10,HOLDING_PERIOD_EXIT,176.96,90,7.2,720.0,95,"C-Suite Conviction Buy: Insider_MA_2025_11 (Chief Executive Officer) open-market purchase of $1,189,590.00",0001141391-25-000011,https://www.sec.gov/edgar/browse/?CIK=0001141391,data/industries/financials/credit_services/MA_insider_trades.csv
SBUX,Starbucks Corporation,Consumer Discretionary,Restaurants,2025-09-20,CONVICTION_BUY,149.08,2025-12-08,TAKE_PROFIT_TARGET,208.71,79,40.0,4000.0,70,"C-Suite Conviction Buy: Insider_SBUX_2025_4 (Chief Financial Officer) open-market purchase of $188,230.00",0000829224-25-000004,https://www.sec.gov/edgar/browse/?CIK=0000829224,data/industries/consumer_discretionary/restaurants/SBUX_insider_trades.csv
WFC,Wells Fargo & Company,Financials,Banks - Diversified,2025-10-23,CONVICTION_BUY,230.46,2025-12-28,TAKE_PROFIT_TARGET,322.64,66,40.0,4000.0,80,"C-Suite Conviction Buy: Insider_WFC_2025_9 (Chief Executive Officer) open-market purchase of $328,779.00",0000072971-25-000009,https://www.sec.gov/edgar/browse/?CIK=0000072971,data/industries/financials/banks_diversified/WFC_insider_trades.csv
INTC,Intel Corporation,Information Technology,Semiconductors,2025-11-02,CONVICTION_BUY,123.48,2025-12-02,STOP_LOSS_EXIT,108.66,30,-12.0,-1200.0,70,"C-Suite Conviction Buy: Insider_INTC_2025_4 (Chief Financial Officer) open-market purchase of $198,936.00",0000050863-25-000004,https://www.sec.gov/edgar/browse/?CIK=0000050863,data/industries/information_technology/semiconductors/INTC_insider_trades.csv
WFC,Wells Fargo & Company,Financials,Banks - Diversified,2025-11-05,CONVICTION_BUY,268.75,2026-02-03,HOLDING_PERIOD_EXIT,345.5,90,28.56,2856.0,80,"C-Suite Conviction Buy: Insider_WFC_2025_9 (Chief Executive Officer) open-market purchase of $328,779.00",0000072971-25-000009,https://www.sec.gov/edgar/browse/?CIK=0000072971,data/industries/financials/banks_diversified/WFC_insider_trades.csv
INTC,Intel Corporation,Information Technology,Semiconductors,2025-11-14,CONVICTION_BUY,83.52,2026-02-12,HOLDING_PERIOD_EXIT,74.75,90,-10.5,-1050.0,70,"C-Suite Conviction Buy: Insider_INTC_2025_4 (Chief Financial Officer) open-market purchase of $198,936.00",0000050863-25-000004,https://www.sec.gov/edgar/browse/?CIK=0000050863,data/industries/information_technology/semiconductors/INTC_insider_trades.csv
DIS,The Walt Disney Company,Communication Services,Entertainment,2025-11-27,CONVICTION_BUY,187.72,2026-02-25,HOLDING_PERIOD_EXIT,218.58,90,16.44,1644.0,95,"C-Suite Conviction Buy: Insider_DIS_2025_4 (Chief Executive Officer) open-market purchase of $1,156,480.00",0001744489-25-000004,https://www.sec.gov/edgar/browse/?CIK=0001744489,data/industries/communication_services/entertainment/DIS_insider_trades.csv
NEE,NextEra Energy Inc.,Utilities,Utilities - Regulated Electric,2025-11-28,CONVICTION_BUY,83.94,2026-02-26,HOLDING_PERIOD_EXIT,105.29,90,25.44,2544.0,95,"C-Suite Conviction Buy: Insider_NEE_2025_8 (Chief Financial Officer) open-market purchase of $1,775,190.00",0000753308-25-000008,https://www.sec.gov/edgar/browse/?CIK=0000753308,data/industries/utilities/utilities_regulated_electric/NEE_insider_trades.csv
UNH,UnitedHealth Group Incorporated,Health Care,Health Care Plans,2025-12-07,CONVICTION_BUY,129.75,2026-02-21,TAKE_PROFIT_TARGET,181.65,76,40.0,4000.0,95,"C-Suite Conviction Buy: Insider_UNH_2025_3 (Chief Executive Officer) open-market purchase of $1,069,670.00",0000731766-25-000003,https://www.sec.gov/edgar/browse/?CIK=0000731766,data/industries/health_care/health_care_plans/UNH_insider_trades.csv
C,Citigroup Inc.,Financials,Banks - Diversified,2025-12-08,CONVICTION_BUY,266.7,2026-03-08,HOLDING_PERIOD_EXIT,337.11,90,26.4,2640.0,90,"C-Suite Conviction Buy: Insider_C_2025_9 (Chief Executive Officer) open-market purchase of $662,853.00",0000831001-25-000009,https://www.sec.gov/edgar/browse/?CIK=0000831001,data/industries/financials/banks_diversified/C_insider_trades.csv
WMT,Walmart Inc.,Consumer Staples,Discount Stores,2025-12-23,CONVICTION_BUY,153.83,2026-03-23,HOLDING_PERIOD_EXIT,167.86,90,9.12,912.0,90,"C-Suite Conviction Buy: Insider_WMT_2025_4 (Chief Executive Officer) open-market purchase of $657,134.00",0000104169-25-000004,https://www.sec.gov/edgar/browse/?CIK=0000104169,data/industries/consumer_staples/discount_stores/WMT_insider_trades.csv
DIS,The Walt Disney Company,Communication Services,Entertainment,2026-01-09,CONVICTION_BUY,256.15,2026-04-09,HOLDING_PERIOD_EXIT,346.21,90,35.16,3516.0,90,"C-Suite Conviction Buy: Insider_DIS_2026_1 (Chief Executive Officer) open-market purchase of $592,416.00",0001744489-26-000001,https://www.sec.gov/edgar/browse/?CIK=0001744489,data/industries/communication_services/entertainment/DIS_insider_trades.csv
ADBE,Adobe Inc.,Information Technology,Software - Infrastructure,2026-01-11,CONVICTION_BUY,237.23,2026-03-29,TAKE_PROFIT_TARGET,332.12,77,40.0,4000.0,90,"C-Suite Conviction Buy: Insider_ADBE_2026_11 (Chief Executive Officer) open-market purchase of $506,226.00",0000796343-26-000011,https://www.sec.gov/edgar/browse/?CIK=0000796343,data/industries/information_technology/software_infrastructure/ADBE_insider_trades.csv
GOOGL,Alphabet Inc.,Communication Services,Internet Content & Information,2026-01-16,CONVICTION_BUY,279.17,2026-04-16,HOLDING_PERIOD_EXIT,378.67,90,35.64,3564.0,70,"C-Suite Conviction Buy: Insider_GOOGL_2026_10 (Chief Financial Officer) open-market purchase of $198,395.00",0001652044-26-000010,https://www.sec.gov/edgar/browse/?CIK=0001652044,data/industries/communication_services/internet_content_information/GOOGL_insider_trades.csv
AXP,American Express Company,Financials,Credit Services,2026-01-18,CONVICTION_BUY,136.3,2026-04-18,TAKE_PROFIT_TARGET,190.82,90,40.0,4000.0,70,"C-Suite Conviction Buy: Insider_AXP_2026_10 (Chief Financial Officer) open-market purchase of $208,320.00",0000004962-26-000010,https://www.sec.gov/edgar/browse/?CIK=0000004962,data/industries/financials/credit_services/AXP_insider_trades.csv
AAPL,Apple Inc.,Information Technology,Consumer Electronics,2026-01-21,CONVICTION_BUY,117.83,2026-04-21,HOLDING_PERIOD_EXIT,157.0,90,33.24,3324.0,95,"C-Suite Conviction Buy: Insider_AAPL_2026_13 (Chief Financial Officer) open-market purchase of $1,230,472.00",0000320193-26-000013,https://www.sec.gov/edgar/browse/?CIK=0000320193,data/industries/information_technology/consumer_electronics/AAPL_insider_trades.csv
AAPL,Apple Inc.,Information Technology,Consumer Electronics,2026-01-25,CONVICTION_BUY,266.33,2026-04-25,HOLDING_PERIOD_EXIT,308.2,90,15.72,1572.0,95,"C-Suite Conviction Buy: Insider_AAPL_2026_13 (Chief Financial Officer) open-market purchase of $1,230,472.00",0000320193-26-000013,https://www.sec.gov/edgar/browse/?CIK=0000320193,data/industries/information_technology/consumer_electronics/AAPL_insider_trades.csv
GOOGL,Alphabet Inc.,Communication Services,Internet Content & Information,2026-01-26,CONVICTION_BUY,180.67,2026-04-26,HOLDING_PERIOD_EXIT,210.37,90,16.44,1644.0,70,"C-Suite Conviction Buy: Insider_GOOGL_2026_10 (Chief Financial Officer) open-market purchase of $198,395.00",0001652044-26-000010,https://www.sec.gov/edgar/browse/?CIK=0001652044,data/industries/communication_services/internet_content_information/GOOGL_insider_trades.csv
PANW,Palo Alto Networks Inc.,Information Technology,Software - Infrastructure,2026-01-27,CONVICTION_BUY,158.06,2026-04-27,HOLDING_PERIOD_EXIT,206.05,90,30.36,3036.0,95,"C-Suite Conviction Buy: Insider_PANW_2026_7 (Chief Executive Officer) open-market purchase of $1,254,000.00",0001326801-26-000007,https://www.sec.gov/edgar/browse/?CIK=0001326801,data/industries/information_technology/software_infrastructure/PANW_insider_trades.csv
AMGN,Amgen Inc.,Health Care,Biotechnology,2026-01-29,CONVICTION_BUY,95.91,2026-04-29,HOLDING_PERIOD_EXIT,129.98,90,35.52,3552.0,80,"C-Suite Conviction Buy: Insider_AMGN_2026_4 (Chief Financial Officer) open-market purchase of $285,720.00",0000031462-26-000004,https://www.sec.gov/edgar/browse/?CIK=0000031462,data/industries/health_care/biotechnology/AMGN_insider_trades.csv
AMGN,Amgen Inc.,Health Care,Biotechnology,2026-02-04,CONVICTION_BUY,150.66,2026-05-05,HOLDING_PERIOD_EXIT,203.81,90,35.28,3528.0,80,"C-Suite Conviction Buy: Insider_AMGN_2026_4 (Chief Financial Officer) open-market purchase of $285,720.00",0000031462-26-000004,https://www.sec.gov/edgar/browse/?CIK=0000031462,data/industries/health_care/biotechnology/AMGN_insider_trades.csv
VRTX,Vertex Pharmaceuticals Incorporated,Health Care,Biotechnology,2026-02-05,CONVICTION_BUY,168.11,2026-05-06,HOLDING_PERIOD_EXIT,205.63,90,22.32,2232.0,95,"C-Suite Conviction Buy: Insider_VRTX_2026_7 (Chief Financial Officer) open-market purchase of $1,285,956.00",0000875320-26-000007,https://www.sec.gov/edgar/browse/?CIK=0000875320,data/industries/health_care/biotechnology/VRTX_insider_trades.csv
VRTX,Vertex Pharmaceuticals Incorporated,Health Care,Biotechnology,2026-02-11,CONVICTION_BUY,203.86,2026-03-13,STOP_LOSS_EXIT,179.4,30,-12.0,-1200.0,95,"C-Suite Conviction Buy: Insider_VRTX_2026_7 (Chief Financial Officer) open-market purchase of $1,285,956.00",0000875320-26-000007,https://www.sec.gov/edgar/browse/?CIK=0000875320,data/industries/health_care/biotechnology/VRTX_insider_trades.csv
REGN,Regeneron Pharmaceuticals Inc.,Health Care,Biotechnology,2026-02-13,CONVICTION_BUY,209.5,2026-05-14,HOLDING_PERIOD_EXIT,257.52,90,22.92,2292.0,80,"C-Suite Conviction Buy: Insider_REGN_2026_3 (Chief Financial Officer) open-market purchase of $408,000.00",0000872589-26-000003,https://www.sec.gov/edgar/browse/?CIK=0000872589,data/industries/health_care/biotechnology/REGN_insider_trades.csv
BA,The Boeing Company,Industrials,Aerospace & Defense,2026-02-13,CONVICTION_BUY,215.52,2026-05-14,HOLDING_PERIOD_EXIT,268.28,90,24.48,2448.0,80,"C-Suite Conviction Buy: Insider_BA_2026_7 (Chief Financial Officer) open-market purchase of $298,655.00",0000012927-26-000007,https://www.sec.gov/edgar/browse/?CIK=0000012927,data/industries/industrials/aerospace_defense/BA_insider_trades.csv
AMGN,Amgen Inc.,Health Care,Biotechnology,2026-02-15,CONVICTION_BUY,224.67,2026-05-02,TAKE_PROFIT_TARGET,314.54,76,40.0,4000.0,90,"C-Suite Conviction Buy: Insider_AMGN_2026_5 (Chief Executive Officer) open-market purchase of $527,289.00",0000031462-26-000005,https://www.sec.gov/edgar/browse/?CIK=0000031462,data/industries/health_care/biotechnology/AMGN_insider_trades.csv
SYK,Stryker Corporation,Health Care,Medical Devices,2026-02-17,CONVICTION_BUY,257.31,2026-05-18,HOLDING_PERIOD_EXIT,284.48,90,10.56,1056.0,90,"C-Suite Conviction Buy: Insider_SYK_2026_1 (Chief Executive Officer) open-market purchase of $729,912.00",0000310764-26-000001,https://www.sec.gov/edgar/browse/?CIK=0000310764,data/industries/health_care/medical_devices/SYK_insider_trades.csv
BA,The Boeing Company,Industrials,Aerospace & Defense,2026-02-19,CONVICTION_BUY,244.44,2026-05-20,HOLDING_PERIOD_EXIT,277.29,90,13.44,1344.0,80,"C-Suite Conviction Buy: Insider_BA_2026_7 (Chief Financial Officer) open-market purchase of $298,655.00",0000012927-26-000007,https://www.sec.gov/edgar/browse/?CIK=0000012927,data/industries/industrials/aerospace_defense/BA_insider_trades.csv
KO,The Coca-Cola Company,Consumer Staples,Beverages - Non-Alcoholic,2026-02-19,CONVICTION_BUY,215.19,2026-05-20,HOLDING_PERIOD_EXIT,280.26,90,30.24,3024.0,95,"C-Suite Conviction Buy: Insider_KO_2026_4 (Chief Executive Officer) open-market purchase of $2,121,050.00",0000021344-26-000004,https://www.sec.gov/edgar/browse/?CIK=0000021344,data/industries/consumer_staples/beverages_non_alcoholic/KO_insider_trades.csv
COP,ConocoPhillips,Energy,Oil & Gas E&P,2026-02-19,CONVICTION_BUY,189.45,2026-05-12,TAKE_PROFIT_TARGET,265.23,82,40.0,4000.0,95,"C-Suite Conviction Buy: Insider_COP_2026_6 (Chief Executive Officer) open-market purchase of $1,736,636.00",0001163165-26-000006,https://www.sec.gov/edgar/browse/?CIK=0001163165,data/industries/energy/oil_gas_ep/COP_insider_trades.csv
COP,ConocoPhillips,Energy,Oil & Gas E&P,2026-02-22,CONVICTION_BUY,244.72,2026-05-23,HOLDING_PERIOD_EXIT,276.73,90,13.08,1308.0,95,"C-Suite Conviction Buy: Insider_COP_2026_6 (Chief Executive Officer) open-market purchase of $1,736,636.00",0001163165-26-000006,https://www.sec.gov/edgar/browse/?CIK=0001163165,data/industries/energy/oil_gas_ep/COP_insider_trades.csv
KO,The Coca-Cola Company,Consumer Staples,Beverages - Non-Alcoholic,2026-02-24,CONVICTION_BUY,179.82,2026-05-25,HOLDING_PERIOD_EXIT,229.67,90,27.72,2772.0,95,"C-Suite Conviction Buy: Insider_KO_2026_4 (Chief Executive Officer) open-market purchase of $2,121,050.00",0000021344-26-000004,https://www.sec.gov/edgar/browse/?CIK=0000021344,data/industries/consumer_staples/beverages_non_alcoholic/KO_insider_trades.csv
BA,The Boeing Company,Industrials,Aerospace & Defense,2026-02-26,CONVICTION_BUY,234.4,2026-05-27,HOLDING_PERIOD_EXIT,254.65,90,8.64,864.0,80,"C-Suite Conviction Buy: Insider_BA_2026_7 (Chief Financial Officer) open-market purchase of $298,655.00",0000012927-26-000007,https://www.sec.gov/edgar/browse/?CIK=0000012927,data/industries/industrials/aerospace_defense/BA_insider_trades.csv
KO,The Coca-Cola Company,Consumer Staples,Beverages - Non-Alcoholic,2026-02-26,CONVICTION_BUY,221.9,2026-05-27,HOLDING_PERIOD_EXIT,265.57,90,19.68,1968.0,95,"C-Suite Conviction Buy: Insider_KO_2026_4 (Chief Executive Officer) open-market purchase of $2,121,050.00",0000021344-26-000004,https://www.sec.gov/edgar/browse/?CIK=0000021344,data/industries/consumer_staples/beverages_non_alcoholic/KO_insider_trades.csv
COP,ConocoPhillips,Energy,Oil & Gas E&P,2026-03-01,CONVICTION_BUY,202.65,2026-05-30,HOLDING_PERIOD_EXIT,254.93,90,25.8,2580.0,95,"C-Suite Conviction Buy: Insider_COP_2026_6 (Chief Executive Officer) open-market purchase of $1,736,636.00",0001163165-26-000006,https://www.sec.gov/edgar/browse/?CIK=0001163165,data/industries/energy/oil_gas_ep/COP_insider_trades.csv
AVGO,Broadcom Inc.,Information Technology,Semiconductors,2026-03-04,CONVICTION_BUY,243.99,2026-06-02,HOLDING_PERIOD_EXIT,274.15,90,12.36,1236.0,95,"C-Suite Conviction Buy: Insider_AVGO_2026_2 (Chief Financial Officer) open-market purchase of $1,839,100.00",0001441634-26-000002,https://www.sec.gov/edgar/browse/?CIK=0001441634,data/industries/information_technology/semiconductors/AVGO_insider_trades.csv
LLY,Eli Lilly and Company,Health Care,Pharmaceuticals,2026-03-04,CONVICTION_BUY,187.52,2026-06-02,HOLDING_PERIOD_EXIT,203.95,90,8.76,876.0,90,"C-Suite Conviction Buy: Insider_LLY_2026_2 (Chief Financial Officer) open-market purchase of $843,430.00",0000059478-26-000002,https://www.sec.gov/edgar/browse/?CIK=0000059478,data/industries/health_care/pharmaceuticals/LLY_insider_trades.csv
LLY,Eli Lilly and Company,Health Care,Pharmaceuticals,2026-03-13,CONVICTION_BUY,194.71,2026-06-11,HOLDING_PERIOD_EXIT,240.74,90,23.64,2364.0,90,"C-Suite Conviction Buy: Insider_LLY_2026_2 (Chief Financial Officer) open-market purchase of $843,430.00",0000059478-26-000002,https://www.sec.gov/edgar/browse/?CIK=0000059478,data/industries/health_care/pharmaceuticals/LLY_insider_trades.csv
AMT,American Tower Corporation,Real Estate,REIT - Telecom Tower,2026-03-17,CONVICTION_BUY,275.41,2026-04-16,STOP_LOSS_EXIT,242.36,30,-12.0,-1200.0,70,"C-Suite Conviction Buy: Insider_AMT_2026_13 (Chief Financial Officer) open-market purchase of $248,883.00",0001053507-26-000013,https://www.sec.gov/edgar/browse/?CIK=0001053507,data/industries/real_estate/reit_telecom_tower/AMT_insider_trades.csv
BA,The Boeing Company,Industrials,Aerospace & Defense,2026-03-19,CONVICTION_BUY,191.9,2026-06-17,HOLDING_PERIOD_EXIT,213.78,90,11.4,1140.0,90,"C-Suite Conviction Buy: Insider_BA_2026_5 (Chief Executive Officer) open-market purchase of $518,752.00",0000012927-26-000005,https://www.sec.gov/edgar/browse/?CIK=0000012927,data/industries/industrials/aerospace_defense/BA_insider_trades.csv
BA,The Boeing Company,Industrials,Aerospace & Defense,2026-03-20,CONVICTION_BUY,138.82,2026-06-18,HOLDING_PERIOD_EXIT,164.64,90,18.6,1860.0,90,"C-Suite Conviction Buy: Insider_BA_2026_5 (Chief Executive Officer) open-market purchase of $518,752.00",0000012927-26-000005,https://www.sec.gov/edgar/browse/?CIK=0000012927,data/industries/industrials/aerospace_defense/BA_insider_trades.csv
AMT,American Tower Corporation,Real Estate,REIT - Telecom Tower,2026-03-20,CONVICTION_BUY,221.69,2026-06-18,HOLDING_PERIOD_EXIT,271.97,90,22.68,2268.0,70,"C-Suite Conviction Buy: Insider_AMT_2026_13 (Chief Financial Officer) open-market purchase of $248,883.00",0001053507-26-000013,https://www.sec.gov/edgar/browse/?CIK=0001053507,data/industries/real_estate/reit_telecom_tower/AMT_insider_trades.csv
JPM,JPMorgan Chase & Co.,Financials,Banks - Diversified,2026-03-21,CONVICTION_BUY,228.98,2026-06-19,HOLDING_PERIOD_EXIT,252.34,90,10.2,1020.0,80,"C-Suite Conviction Buy: Insider_JPM_2026_6 (Chief Financial Officer) open-market purchase of $284,140.00",0000019617-26-000006,https://www.sec.gov/edgar/browse/?CIK=0000019617,data/industries/financials/banks_diversified/JPM_insider_trades.csv
TXN,Texas Instruments Incorporated,Information Technology,Semiconductors,2026-03-22,CONVICTION_BUY,101.01,2026-06-13,TAKE_PROFIT_TARGET,141.41,83,40.0,4000.0,70,"C-Suite Conviction Buy: Insider_TXN_2026_8 (Chief Executive Officer) open-market purchase of $223,520.00",0000097476-26-000008,https://www.sec.gov/edgar/browse/?CIK=0000097476,data/industries/information_technology/semiconductors/TXN_insider_trades.csv
TXN,Texas Instruments Incorporated,Information Technology,Semiconductors,2026-03-26,CONVICTION_BUY,234.05,2026-06-24,HOLDING_PERIOD_EXIT,297.52,90,27.12,2712.0,70,"C-Suite Conviction Buy: Insider_TXN_2026_8 (Chief Executive Officer) open-market purchase of $223,520.00",0000097476-26-000008,https://www.sec.gov/edgar/browse/?CIK=0000097476,data/industries/information_technology/semiconductors/TXN_insider_trades.csv
KO,The Coca-Cola Company,Consumer Staples,Beverages - Non-Alcoholic,2026-03-28,CONVICTION_BUY,93.87,2026-06-26,HOLDING_PERIOD_EXIT,102.32,90,9.0,900.0,80,"C-Suite Conviction Buy: Insider_KO_2026_8 (Chief Financial Officer) open-market purchase of $332,240.00",0000021344-26-000008,https://www.sec.gov/edgar/browse/?CIK=0000021344,data/industries/consumer_staples/beverages_non_alcoholic/KO_insider_trades.csv
WFC,Wells Fargo & Company,Financials,Banks - Diversified,2026-03-29,CONVICTION_BUY,273.68,2026-06-27,HOLDING_PERIOD_EXIT,313.09,90,14.4,1440.0,80,"C-Suite Conviction Buy: Insider_WFC_2026_9 (Chief Executive Officer) open-market purchase of $338,182.00",0000072971-26-000009,https://www.sec.gov/edgar/browse/?CIK=0000072971,data/industries/financials/banks_diversified/WFC_insider_trades.csv
WFC,Wells Fargo & Company,Financials,Banks - Diversified,2026-03-31,CONVICTION_BUY,88.78,2026-06-29,HOLDING_PERIOD_EXIT,116.16,90,30.84,3084.0,80,"C-Suite Conviction Buy: Insider_WFC_2026_9 (Chief Executive Officer) open-market purchase of $338,182.00",0000072971-26-000009,https://www.sec.gov/edgar/browse/?CIK=0000072971,data/industries/financials/banks_diversified/WFC_insider_trades.csv
RTX,RTX Corporation,Industrials,Aerospace & Defense,2026-04-02,CONVICTION_BUY,147.03,2026-06-14,TAKE_PROFIT_TARGET,205.84,73,40.0,4000.0,90,"C-Suite Conviction Buy: Insider_RTX_2026_1 (Chief Executive Officer) open-market purchase of $822,932.00",0000101829-26-000001,https://www.sec.gov/edgar/browse/?CIK=0000101829,data/industries/industrials/aerospace_defense/RTX_insider_trades.csv
WFC,Wells Fargo & Company,Financials,Banks - Diversified,2026-04-06,CONVICTION_BUY,264.92,2026-06-11,TAKE_PROFIT_TARGET,370.89,66,40.0,4000.0,80,"C-Suite Conviction Buy: Insider_WFC_2026_9 (Chief Executive Officer) open-market purchase of $338,182.00",0000072971-26-000009,https://www.sec.gov/edgar/browse/?CIK=0000072971,data/industries/financials/banks_diversified/WFC_insider_trades.csv
KO,The Coca-Cola Company,Consumer Staples,Beverages - Non-Alcoholic,2026-04-09,CONVICTION_BUY,261.41,2026-07-08,HOLDING_PERIOD_EXIT,322.58,90,23.4,2340.0,80,"C-Suite Conviction Buy: Insider_KO_2026_8 (Chief Financial Officer) open-market purchase of $332,240.00",0000021344-26-000008,https://www.sec.gov/edgar/browse/?CIK=0000021344,data/industries/consumer_staples/beverages_non_alcoholic/KO_insider_trades.csv
BA,The Boeing Company,Industrials,Aerospace & Defense,2026-04-12,CONVICTION_BUY,87.09,2026-07-11,HOLDING_PERIOD_EXIT,102.56,90,17.76,1776.0,80,"C-Suite Conviction Buy: Insider_BA_2026_1 (Chief Financial Officer) open-market purchase of $482,976.00",0000012927-26-000001,https://www.sec.gov/edgar/browse/?CIK=0000012927,data/industries/industrials/aerospace_defense/BA_insider_trades.csv
RTX,RTX Corporation,Industrials,Aerospace & Defense,2026-04-12,CONVICTION_BUY,127.09,2026-06-30,TAKE_PROFIT_TARGET,177.93,79,40.0,4000.0,90,"C-Suite Conviction Buy: Insider_RTX_2026_1 (Chief Executive Officer) open-market purchase of $822,932.00",0000101829-26-000001,https://www.sec.gov/edgar/browse/?CIK=0000101829,data/industries/industrials/aerospace_defense/RTX_insider_trades.csv
GM,General Motors Company,Consumer Discretionary,Automotive,2026-04-21,CONVICTION_BUY,150.71,2026-07-20,HOLDING_PERIOD_EXIT,183.81,90,21.96,2196.0,95,"C-Suite Conviction Buy: Insider_GM_2026_8 (Chief Financial Officer) open-market purchase of $1,244,502.00",0001467858-26-000008,https://www.sec.gov/edgar/browse/?CIK=0001467858,data/industries/consumer_discretionary/automotive/GM_insider_trades.csv
GM,General Motors Company,Consumer Discretionary,Automotive,2026-04-25,CONVICTION_BUY,117.81,2026-07-24,HOLDING_PERIOD_EXIT,147.64,90,25.32,2532.0,95,"C-Suite Conviction Buy: Insider_GM_2026_8 (Chief Financial Officer) open-market purchase of $1,244,502.00",0001467858-26-000008,https://www.sec.gov/edgar/browse/?CIK=0001467858,data/industries/consumer_discretionary/automotive/GM_insider_trades.csv
MRNA,Moderna Inc.,Health Care,Biotechnology,2026-04-26,CONVICTION_BUY,184.28,2026-07-25,HOLDING_PERIOD_EXIT,234.7,90,27.36,2736.0,90,"C-Suite Conviction Buy: Insider_MRNA_2026_7 (Chief Financial Officer) open-market purchase of $510,324.00",0001682852-26-000007,https://www.sec.gov/edgar/browse/?CIK=0001682852,data/industries/health_care/biotechnology/MRNA_insider_trades.csv
BA,The Boeing Company,Industrials,Aerospace & Defense,2026-04-26,CONVICTION_BUY,147.95,2026-07-25,HOLDING_PERIOD_EXIT,201.57,90,36.24,3624.0,80,"C-Suite Conviction Buy: Insider_BA_2026_1 (Chief Financial Officer) open-market purchase of $482,976.00",0000012927-26-000001,https://www.sec.gov/edgar/browse/?CIK=0000012927,data/industries/industrials/aerospace_defense/BA_insider_trades.csv
CL,Colgate-Palmolive Company,Consumer Staples,Household & Personal Products,2026-04-26,CONVICTION_BUY,117.89,2026-07-25,HOLDING_PERIOD_EXIT,128.64,90,9.12,912.0,90,"C-Suite Conviction Buy: Insider_CL_2026_4 (Chief Financial Officer) open-market purchase of $801,346.00",0000021665-26-000004,https://www.sec.gov/edgar/browse/?CIK=0000021665,data/industries/consumer_staples/household_personal_products/CL_insider_trades.csv
MA,Mastercard Incorporated,Financials,Credit Services,2026-04-27,CONVICTION_BUY,232.93,2026-07-26,HOLDING_PERIOD_EXIT,270.11,90,15.96,1596.0,80,"C-Suite Conviction Buy: Insider_MA_2026_2 (Chief Executive Officer) open-market purchase of $281,316.00",0001141391-26-000002,https://www.sec.gov/edgar/browse/?CIK=0001141391,data/industries/financials/credit_services/MA_insider_trades.csv
MSFT,Microsoft Corporation,Information Technology,Software - Infrastructure,2026-04-28,CONVICTION_BUY,240.21,2026-07-27,HOLDING_PERIOD_EXIT,212.83,90,-11.4,-1140.0,90,"C-Suite Conviction Buy: Insider_MSFT_2026_6 (Chief Financial Officer) open-market purchase of $605,649.00",0000789019-26-000006,https://www.sec.gov/edgar/browse/?CIK=0000789019,data/industries/information_technology/software_infrastructure/MSFT_insider_trades.csv
AAPL,Apple Inc.,Information Technology,Consumer Electronics,2026-04-30,CONVICTION_BUY,145.54,2026-07-29,HOLDING_PERIOD_EXIT,157.42,90,8.16,816.0,90,"C-Suite Conviction Buy: Insider_AAPL_2026_2 (Chief Financial Officer) open-market purchase of $748,940.00",0000320193-26-000002,https://www.sec.gov/edgar/browse/?CIK=0000320193,data/industries/information_technology/consumer_electronics/AAPL_insider_trades.csv
AMT,American Tower Corporation,Real Estate,REIT - Telecom Tower,2026-05-02,CONVICTION_BUY,157.43,2026-07-18,TAKE_PROFIT_TARGET,220.4,77,40.0,4000.0,95,"C-Suite Conviction Buy: Insider_AMT_2026_2 (Chief Executive Officer) open-market purchase of $1,151,430.00",0001053507-26-000002,https://www.sec.gov/edgar/browse/?CIK=0001053507,data/industries/real_estate/reit_telecom_tower/AMT_insider_trades.csv
MSFT,Microsoft Corporation,Information Technology,Software - Infrastructure,2026-05-04,CONVICTION_BUY,114.58,2026-07-19,TAKE_PROFIT_TARGET,160.41,76,40.0,4000.0,90,"C-Suite Conviction Buy: Insider_MSFT_2026_6 (Chief Financial Officer) open-market purchase of $605,649.00",0000789019-26-000006,https://www.sec.gov/edgar/browse/?CIK=0000789019,data/industries/information_technology/software_infrastructure/MSFT_insider_trades.csv
MSFT,Microsoft Corporation,Information Technology,Software - Infrastructure,2026-05-06,CONVICTION_BUY,244.94,2026-08-04,HOLDING_PERIOD_EXIT,329.3,90,34.44,3444.0,90,"C-Suite Conviction Buy: Insider_MSFT_2026_6 (Chief Financial Officer) open-market purchase of $605,649.00",0000789019-26-000006,https://www.sec.gov/edgar/browse/?CIK=0000789019,data/industries/information_technology/software_infrastructure/MSFT_insider_trades.csv
MRNA,Moderna Inc.,Health Care,Biotechnology,2026-05-08,CONVICTION_BUY,146.01,2026-08-06,HOLDING_PERIOD_EXIT,197.17,90,35.04,3504.0,90,"C-Suite Conviction Buy: Insider_MRNA_2026_7 (Chief Financial Officer) open-market purchase of $510,324.00",0001682852-26-000007,https://www.sec.gov/edgar/browse/?CIK=0001682852,data/industries/health_care/biotechnology/MRNA_insider_trades.csv
MA,Mastercard Incorporated,Financials,Credit Services,2026-05-09,CONVICTION_BUY,80.31,2026-08-07,HOLDING_PERIOD_EXIT,94.96,90,18.24,1824.0,80,"C-Suite Conviction Buy: Insider_MA_2026_2 (Chief Executive Officer) open-market purchase of $281,316.00",0001141391-26-000002,https://www.sec.gov/edgar/browse/?CIK=0001141391,data/industries/financials/credit_services/MA_insider_trades.csv
NVDA,NVIDIA Corporation,Information Technology,Semiconductors,2026-05-11,CONVICTION_BUY,86.32,2026-08-09,HOLDING_PERIOD_EXIT,99.48,90,15.24,1524.0,80,"C-Suite Conviction Buy: Insider_NVDA_2026_10 (Chief Financial Officer) open-market purchase of $475,508.00",0001045810-26-000010,https://www.sec.gov/edgar/browse/?CIK=0001045810,data/industries/information_technology/semiconductors/NVDA_insider_trades.csv
PFE,Pfizer Inc.,Health Care,Pharmaceuticals,2026-05-12,CONVICTION_BUY,84.98,2026-08-10,HOLDING_PERIOD_EXIT,99.05,90,16.56,1656.0,95,"C-Suite Conviction Buy: Insider_PFE_2026_3 (Chief Executive Officer) open-market purchase of $1,482,507.00",0000078003-26-000003,https://www.sec.gov/edgar/browse/?CIK=0000078003,data/industries/health_care/pharmaceuticals/PFE_insider_trades.csv
GILD,Gilead Sciences Inc.,Health Care,Biotechnology,2026-05-12,CONVICTION_BUY,81.61,2026-08-10,HOLDING_PERIOD_EXIT,87.68,90,7.44,744.0,90,"C-Suite Conviction Buy: Insider_GILD_2026_1 (Chief Executive Officer) open-market purchase of $820,150.00",0000882095-26-000001,https://www.sec.gov/edgar/browse/?CIK=0000882095,data/industries/health_care/biotechnology/GILD_insider_trades.csv
MS,Morgan Stanley,Financials,Capital Markets,2026-05-12,CONVICTION_BUY,154.22,2026-08-10,HOLDING_PERIOD_EXIT,187.9,90,21.84,2184.0,70,"C-Suite Conviction Buy: Insider_MS_2026_7 (Chief Executive Officer) open-market purchase of $154,440.00",0000895421-26-000007,https://www.sec.gov/edgar/browse/?CIK=0000895421,data/industries/financials/capital_markets/MS_insider_trades.csv
AAPL,Apple Inc.,Information Technology,Consumer Electronics,2026-05-13,CONVICTION_BUY,86.83,2026-08-08,TAKE_PROFIT_TARGET,121.56,87,40.0,4000.0,90,"C-Suite Conviction Buy: Insider_AAPL_2026_2 (Chief Financial Officer) open-market purchase of $748,940.00",0000320193-26-000002,https://www.sec.gov/edgar/browse/?CIK=0000320193,data/industries/information_technology/consumer_electronics/AAPL_insider_trades.csv
MS,Morgan Stanley,Financials,Capital Markets,2026-05-14,CONVICTION_BUY,272.97,2026-08-12,TAKE_PROFIT_TARGET,382.16,90,40.0,4000.0,70,"C-Suite Conviction Buy: Insider_MS_2026_7 (Chief Executive Officer) open-market purchase of $154,440.00",0000895421-26-000007,https://www.sec.gov/edgar/browse/?CIK=0000895421,data/industries/financials/capital_markets/MS_insider_trades.csv
NVDA,NVIDIA Corporation,Information Technology,Semiconductors,2026-05-18,CONVICTION_BUY,271.22,2026-08-16,HOLDING_PERIOD_EXIT,240.57,90,-11.3,-1130.0,80,"C-Suite Conviction Buy: Insider_NVDA_2026_10 (Chief Financial Officer) open-market purchase of $475,508.00",0001045810-26-000010,https://www.sec.gov/edgar/browse/?CIK=0001045810,data/industries/information_technology/semiconductors/NVDA_insider_trades.csv
PFE,Pfizer Inc.,Health Care,Pharmaceuticals,2026-05-21,CONVICTION_BUY,87.11,2026-08-19,HOLDING_PERIOD_EXIT,95.47,90,9.6,960.0,95,"C-Suite Conviction Buy: Insider_PFE_2026_3 (Chief Executive Officer) open-market purchase of $1,482,507.00",0000078003-26-000003,https://www.sec.gov/edgar/browse/?CIK=0000078003,data/industries/health_care/pharmaceuticals/PFE_insider_trades.csv
SNPS,Synopsys Inc.,Information Technology,Software - Infrastructure,2026-05-27,CONVICTION_BUY,159.06,2026-08-25,HOLDING_PERIOD_EXIT,217.09,90,36.48,3648.0,80,"C-Suite Conviction Buy: Insider_SNPS_2026_1 (Chief Financial Officer) open-market purchase of $468,286.00",0000883241-26-000001,https://www.sec.gov/edgar/browse/?CIK=0000883241,data/industries/information_technology/software_infrastructure/SNPS_insider_trades.csv
BA,The Boeing Company,Industrials,Aerospace & Defense,2026-05-28,CONVICTION_BUY,95.13,2026-08-25,TAKE_PROFIT_TARGET,133.18,89,40.0,4000.0,95,"C-Suite Conviction Buy: Insider_BA_2026_10 (Chief Executive Officer) open-market purchase of $1,616,040.00",0000012927-26-000010,https://www.sec.gov/edgar/browse/?CIK=0000012927,data/industries/industrials/aerospace_defense/BA_insider_trades.csv
BA,The Boeing Company,Industrials,Aerospace & Defense,2026-06-03,CONVICTION_BUY,223.68,2026-09-01,HOLDING_PERIOD_EXIT,305.28,90,36.48,3648.0,95,"C-Suite Conviction Buy: Insider_BA_2026_10 (Chief Executive Officer) open-market purchase of $1,616,040.00",0000012927-26-000010,https://www.sec.gov/edgar/browse/?CIK=0000012927,data/industries/industrials/aerospace_defense/BA_insider_trades.csv
TSLA,Tesla Inc.,Consumer Discretionary,Automotive,2026-06-05,CONVICTION_BUY,231.23,2026-09-03,HOLDING_PERIOD_EXIT,307.26,90,32.88,3288.0,95,"C-Suite Conviction Buy: Insider_TSLA_2026_3 (Chief Financial Officer) open-market purchase of $1,980,480.00",0001318605-26-000003,https://www.sec.gov/edgar/browse/?CIK=0001318605,data/industries/consumer_discretionary/automotive/TSLA_insider_trades.csv
EBAY,eBay Inc.,Consumer Discretionary,Internet Retail,2026-06-09,CONVICTION_BUY,85.2,2026-09-07,HOLDING_PERIOD_EXIT,93.48,90,9.72,972.0,70,"C-Suite Conviction Buy: Insider_EBAY_2026_10 (Chief Financial Officer) open-market purchase of $122,144.00",0001065088-26-000010,https://www.sec.gov/edgar/browse/?CIK=0001065088,data/industries/consumer_discretionary/internet_retail/EBAY_insider_trades.csv
SNPS,Synopsys Inc.,Information Technology,Software - Infrastructure,2026-06-10,CONVICTION_BUY,163.29,2026-09-08,HOLDING_PERIOD_EXIT,208.16,90,27.48,2748.0,80,"C-Suite Conviction Buy: Insider_SNPS_2026_1 (Chief Financial Officer) open-market purchase of $468,286.00",0000883241-26-000001,https://www.sec.gov/edgar/browse/?CIK=0000883241,data/industries/information_technology/software_infrastructure/SNPS_insider_trades.csv
BAC,Bank of America Corporation,Financials,Banks - Diversified,2026-06-11,CONVICTION_BUY,106.13,2026-09-09,HOLDING_PERIOD_EXIT,114.79,90,8.16,816.0,70,"C-Suite Conviction Buy: Insider_BAC_2026_5 (Chief Executive Officer) open-market purchase of $220,092.00",0000070858-26-000005,https://www.sec.gov/edgar/browse/?CIK=0000070858,data/industries/financials/banks_diversified/BAC_insider_trades.csv
MSFT,Microsoft Corporation,Information Technology,Software - Infrastructure,2026-06-13,CONVICTION_BUY,128.98,2026-09-11,HOLDING_PERIOD_EXIT,143.37,90,11.16,1116.0,95,"C-Suite Conviction Buy: Insider_MSFT_2026_5 (Chief Financial Officer) open-market purchase of $1,519,812.00",0000789019-26-000005,https://www.sec.gov/edgar/browse/?CIK=0000789019,data/industries/information_technology/software_infrastructure/MSFT_insider_trades.csv
GE,General Electric Company,Industrials,Aerospace & Defense,2026-06-21,CONVICTION_BUY,180.77,2026-09-19,HOLDING_PERIOD_EXIT,224.15,90,24.0,2400.0,80,"C-Suite Conviction Buy: Insider_GE_2026_6 (Chief Financial Officer) open-market purchase of $304,637.00",0000040545-26-000006,https://www.sec.gov/edgar/browse/?CIK=0000040545,data/industries/industrials/aerospace_defense/GE_insider_trades.csv
BAC,Bank of America Corporation,Financials,Banks - Diversified,2026-06-24,CONVICTION_BUY,152.25,2026-09-22,HOLDING_PERIOD_EXIT,163.76,90,7.56,756.0,70,"C-Suite Conviction Buy: Insider_BAC_2026_5 (Chief Executive Officer) open-market purchase of $220,092.00",0000070858-26-000005,https://www.sec.gov/edgar/browse/?CIK=0000070858,data/industries/financials/banks_diversified/BAC_insider_trades.csv
AMT,American Tower Corporation,Real Estate,REIT - Telecom Tower,2026-06-27,CONVICTION_BUY,122.89,2026-09-25,HOLDING_PERIOD_EXIT,164.62,90,33.96,3396.0,90,"C-Suite Conviction Buy: Insider_AMT_2026_9 (Chief Executive Officer) open-market purchase of $894,186.00",0001053507-26-000009,https://www.sec.gov/edgar/browse/?CIK=0001053507,data/industries/real_estate/reit_telecom_tower/AMT_insider_trades.csv
AAPL,Apple Inc.,Information Technology,Consumer Electronics,2026-07-01,CONVICTION_BUY,229.54,2026-09-29,HOLDING_PERIOD_EXIT,287.38,90,25.2,2520.0,90,"C-Suite Conviction Buy: Insider_AAPL_2026_9 (Chief Executive Officer) open-market purchase of $830,450.00",0000320193-26-000009,https://www.sec.gov/edgar/browse/?CIK=0000320193,data/industries/information_technology/consumer_electronics/AAPL_insider_trades.csv
TMUS,T-Mobile US Inc.,Communication Services,Telecom Services,2026-07-04,CONVICTION_BUY,122.7,2026-09-29,TAKE_PROFIT_TARGET,171.78,87,40.0,4000.0,80,"C-Suite Conviction Buy: Insider_TMUS_2026_3 (Chief Financial Officer) open-market purchase of $328,806.00",0001283699-26-000003,https://www.sec.gov/edgar/browse/?CIK=0001283699,data/industries/communication_services/telecom_services/TMUS_insider_trades.csv
GM,General Motors Company,Consumer Discretionary,Automotive,2026-07-12,CONVICTION_BUY,91.63,2026-09-30,TAKE_PROFIT_TARGET,128.28,80,40.0,4000.0,95,"C-Suite Conviction Buy: Insider_GM_2026_9 (Chief Executive Officer) open-market purchase of $1,064,028.00",0001467858-26-000009,https://www.sec.gov/edgar/browse/?CIK=0001467858,data/industries/consumer_discretionary/automotive/GM_insider_trades.csv
GM,General Motors Company,Consumer Discretionary,Automotive,2026-07-13,CONVICTION_BUY,124.75,2026-10-06,TAKE_PROFIT_TARGET,174.65,85,40.0,4000.0,95,"C-Suite Conviction Buy: Insider_GM_2026_9 (Chief Executive Officer) open-market purchase of $1,064,028.00",0001467858-26-000009,https://www.sec.gov/edgar/browse/?CIK=0001467858,data/industries/consumer_discretionary/automotive/GM_insider_trades.csv
JNJ,Johnson & Johnson,Health Care,Pharmaceuticals,2026-07-17,CONVICTION_BUY,209.08,2026-09-30,TAKE_PROFIT_TARGET,292.71,75,40.0,4000.0,90,"C-Suite Conviction Buy: Insider_JNJ_2026_6 (Chief Financial Officer) open-market purchase of $997,062.00",0000200406-26-000006,https://www.sec.gov/edgar/browse/?CIK=0000200406,data/industries/health_care/pharmaceuticals/JNJ_insider_trades.csv
REGN,Regeneron Pharmaceuticals Inc.,Health Care,Biotechnology,2026-07-17,CONVICTION_BUY,155.76,2026-09-26,TAKE_PROFIT_TARGET,218.06,71,40.0,4000.0,80,"C-Suite Conviction Buy: Insider_REGN_2026_10 (Chief Financial Officer) open-market purchase of $263,277.00",0000872589-26-000010,https://www.sec.gov/edgar/browse/?CIK=0000872589,data/industries/health_care/biotechnology/REGN_insider_trades.csv
CB,Chubb Limited,Financials,Insurance - Property & Casualty,2026-07-17,CONVICTION_BUY,141.87,2026-10-15,HOLDING_PERIOD_EXIT,125.98,90,-11.2,-1120.0,80,"C-Suite Conviction Buy: Insider_CB_2026_8 (Chief Financial Officer) open-market purchase of $415,030.00",0001559720-26-000008,https://www.sec.gov/edgar/browse/?CIK=0001559720,data/industries/financials/insurance_property_casualty/CB_insider_trades.csv
NVDA,NVIDIA Corporation,Information Technology,Semiconductors,2026-07-20,CONVICTION_BUY,122.53,2026-10-18,HOLDING_PERIOD_EXIT,144.44,90,17.88,1788.0,95,"C-Suite Conviction Buy: NVDA_CFO_Conviction (Chief Financial Officer) open-market purchase of $1,023,000.00",0001045810-26-99999CFO,https://www.sec.gov/edgar/browse/?CIK=0001045810,data/industries/information_technology/semiconductors/NVDA_insider_trades.csv
AMD,Advanced Micro Devices Inc.,Information Technology,Semiconductors,2026-07-20,CONVICTION_BUY,259.83,2026-10-13,TAKE_PROFIT_TARGET,363.76,85,40.0,4000.0,90,"C-Suite Conviction Buy: AMD_CFO_Conviction (Chief Financial Officer) open-market purchase of $690,350.00",0000002488-26-99999CFO,https://www.sec.gov/edgar/browse/?CIK=0000002488,data/industries/information_technology/semiconductors/AMD_insider_trades.csv
MSFT,Microsoft Corporation,Information Technology,Software - Infrastructure,2026-07-20,CONVICTION_BUY,158.46,2026-10-18,HOLDING_PERIOD_EXIT,208.85,90,31.8,3180.0,95,"C-Suite Conviction Buy: MSFT_CFO_Conviction (Chief Financial Officer) open-market purchase of $1,211,200.00",0000789019-26-99999CFO,https://www.sec.gov/edgar/browse/?CIK=0000789019,data/industries/information_technology/software_infrastructure/MSFT_insider_trades.csv
AAPL,Apple Inc.,Information Technology,Consumer Electronics,2026-07-20,CONVICTION_BUY,257.95,2026-10-01,TAKE_PROFIT_TARGET,361.13,73,40.0,4000.0,90,"C-Suite Conviction Buy: AAPL_CEO_Conviction (Chief Executive Officer) open-market purchase of $553,950.00",0000320193-26-99999CEO,https://www.sec.gov/edgar/browse/?CIK=0000320193,data/industries/information_technology/consumer_electronics/AAPL_insider_trades.csv
AMGN,Amgen Inc.,Health Care,Biotechnology,2026-07-20,CONVICTION_BUY,200.57,2026-10-18,HOLDING_PERIOD_EXIT,269.65,90,34.44,3444.0,90,"C-Suite Conviction Buy: AMGN_CFO_Conviction (Chief Financial Officer) open-market purchase of $511,950.00",0000031462-26-99999CFO,https://www.sec.gov/edgar/browse/?CIK=0000031462,data/industries/health_care/biotechnology/AMGN_insider_trades.csv
JPM,JPMorgan Chase & Co.,Financials,Banks - Diversified,2026-07-20,CONVICTION_BUY,219.11,2026-10-11,TAKE_PROFIT_TARGET,306.75,83,40.0,4000.0,90,"C-Suite Conviction Buy: JPM_CFO_Conviction (Chief Financial Officer) open-market purchase of $879,700.00",0000019617-26-99999CFO,https://www.sec.gov/edgar/browse/?CIK=0000019617,data/industries/financials/banks_diversified/JPM_insider_trades.csv
V,Visa Inc.,Financials,Credit Services,2026-07-20,CONVICTION_BUY,109.71,2026-10-18,HOLDING_PERIOD_EXIT,128.4,90,17.04,1704.0,90,"C-Suite Conviction Buy: V_CFO_Conviction (Chief Financial Officer) open-market purchase of $515,950.00",0001403161-26-99999CFO,https://www.sec.gov/edgar/browse/?CIK=0001403161,data/industries/financials/credit_services/V_insider_trades.csv
TSLA,Tesla Inc.,Consumer Discretionary,Automotive,2026-07-20,CONVICTION_BUY,176.37,2026-10-18,HOLDING_PERIOD_EXIT,213.62,90,21.12,2112.0,90,"C-Suite Conviction Buy: TSLA_CFO_Conviction (Chief Financial Officer) open-market purchase of $627,350.00",0001318605-26-99999CFO,https://www.sec.gov/edgar/browse/?CIK=0001318605,data/industries/consumer_discretionary/automotive/TSLA_insider_trades.csv
AAPL,Apple Inc.,Information Technology,Consumer Electronics,2026-07-21,CONVICTION_BUY,118.89,2026-10-07,TAKE_PROFIT_TARGET,166.45,78,40.0,4000.0,90,"C-Suite Conviction Buy: AAPL_CEO_Conviction (Chief Executive Officer) open-market purchase of $553,950.00",0000320193-26-99999CEO,https://www.sec.gov/edgar/browse/?CIK=0000320193,data/industries/information_technology/consumer_electronics/AAPL_insider_trades.csv
AMD,Advanced Micro Devices Inc.,Information Technology,Semiconductors,2026-07-22,CONVICTION_BUY,192.77,2026-10-20,HOLDING_PERIOD_EXIT,239.27,90,24.12,2412.0,90,"C-Suite Conviction Buy: AMD_CFO_Conviction (Chief Financial Officer) open-market purchase of $690,350.00",0000002488-26-99999CFO,https://www.sec.gov/edgar/browse/?CIK=0000002488,data/industries/information_technology/semiconductors/AMD_insider_trades.csv
SNPS,Synopsys Inc.,Information Technology,Software - Infrastructure,2026-07-23,CONVICTION_BUY,219.42,2026-10-21,HOLDING_PERIOD_EXIT,299.46,90,36.48,3648.0,90,"C-Suite Conviction Buy: Insider_SNPS_2026_5 (Chief Financial Officer) open-market purchase of $544,918.00",0000883241-26-000005,https://www.sec.gov/edgar/browse/?CIK=0000883241,data/industries/information_technology/software_infrastructure/SNPS_insider_trades.csv
AMGN,Amgen Inc.,Health Care,Biotechnology,2026-07-23,CONVICTION_BUY,88.49,2026-10-04,TAKE_PROFIT_TARGET,123.89,73,40.0,4000.0,90,"C-Suite Conviction Buy: AMGN_CFO_Conviction (Chief Financial Officer) open-market purchase of $511,950.00",0000031462-26-99999CFO,https://www.sec.gov/edgar/browse/?CIK=0000031462,data/industries/health_care/biotechnology/AMGN_insider_trades.csv
AMD,Advanced Micro Devices Inc.,Information Technology,Semiconductors,2026-08-02,CONVICTION_BUY,228.73,2026-10-31,HOLDING_PERIOD_EXIT,269.9,90,18.0,1800.0,90,"C-Suite Conviction Buy: AMD_CFO_Conviction (Chief Financial Officer) open-market purchase of $690,350.00",0000002488-26-99999CFO,https://www.sec.gov/edgar/browse/?CIK=0000002488,data/industries/information_technology/semiconductors/AMD_insider_trades.csv
AMGN,Amgen Inc.,Health Care,Biotechnology,2026-08-03,CONVICTION_BUY,175.77,2026-11-01,HOLDING_PERIOD_EXIT,200.66,90,14.16,1416.0,90,"C-Suite Conviction Buy: AMGN_CFO_Conviction (Chief Financial Officer) open-market purchase of $511,950.00",0000031462-26-99999CFO,https://www.sec.gov/edgar/browse/?CIK=0000031462,data/industries/health_care/biotechnology/AMGN_insider_trades.csv
JPM,JPMorgan Chase & Co.,Financials,Banks - Diversified,2026-08-03,CONVICTION_BUY,195.76,2026-11-01,HOLDING_PERIOD_EXIT,255.43,90,30.48,3048.0,90,"C-Suite Conviction Buy: JPM_CFO_Conviction (Chief Financial Officer) open-market purchase of $879,700.00",0000019617-26-99999CFO,https://www.sec.gov/edgar/browse/?CIK=0000019617,data/industries/financials/banks_diversified/JPM_insider_trades.csv
SYK,Stryker Corporation,Health Care,Medical Devices,2026-08-04,CONVICTION_BUY,247.54,2026-11-02,HOLDING_PERIOD_EXIT,220.56,90,-10.9,-1090.0,70,"C-Suite Conviction Buy: Insider_SYK_2026_8 (Chief Financial Officer) open-market purchase of $229,493.00",0000310764-26-000008,https://www.sec.gov/edgar/browse/?CIK=0000310764,data/industries/health_care/medical_devices/SYK_insider_trades.csv
TSLA,Tesla Inc.,Consumer Discretionary,Automotive,2026-08-05,CONVICTION_BUY,206.05,2026-11-03,HOLDING_PERIOD_EXIT,222.37,90,7.92,792.0,80,"C-Suite Conviction Buy: Insider_TSLA_2026_5 (Chief Financial Officer) open-market purchase of $385,110.00",0001318605-26-000005,https://www.sec.gov/edgar/browse/?CIK=0001318605,data/industries/consumer_discretionary/automotive/TSLA_insider_trades.csv
