ticker,company_name,sector,industry,entry_date,entry_signal,entry_price,exit_date,exit_reason,exit_price,holding_days,return_pct,pnl_dollar,confidence_score,trigger_reason,trigger_accession,trigger_url,local_source_file
DE,Deere & Company,Industrials,Industrial Machinery,2021-01-11,HEAVY_SELL_EXIT,202.39,2021-04-11,HOLDING_PERIOD_EXIT,249.99,90,23.52,2352.0,75,"Heavy Sell Exit: 2 executives sold $1,496,974.00 over 14 days",0000315189-21-000011,https://www.sec.gov/edgar/browse/?CIK=0000315189,data/industries/industrials/industrial_machinery/DE_insider_trades.csv
ADBE,Adobe Inc.,Information Technology,Software - Infrastructure,2021-01-13,CLUSTER_BUY,128.6,2021-04-13,HOLDING_PERIOD_EXIT,147.89,90,15.0,1500.0,75,"Cluster Buy Trigger: 2 independent insiders purchased $1,474,298.00 within 14 days",0000796343-21-000002,https://www.sec.gov/edgar/browse/?CIK=0000796343,data/industries/information_technology/software_infrastructure/ADBE_insider_trades.csv
DE,Deere & Company,Industrials,Industrial Machinery,2021-01-13,HEAVY_SELL_EXIT,85.68,2021-04-13,HOLDING_PERIOD_EXIT,101.1,90,18.0,1800.0,75,"Heavy Sell Exit: 2 executives sold $1,496,974.00 over 14 days",0000315189-21-000011,https://www.sec.gov/edgar/browse/?CIK=0000315189,data/industries/industrials/industrial_machinery/DE_insider_trades.csv
META,Meta Platforms Inc.,Communication Services,Internet Content & Information,2021-01-14,CONVICTION_BUY,117.22,2021-04-14,HOLDING_PERIOD_EXIT,130.16,90,11.04,1104.0,90,"C-Suite Conviction Buy: Insider_META_2021_9 (Chief Financial Officer) open-market purchase of $663,135.00",0001326801-21-000009,https://www.sec.gov/edgar/browse/?CIK=0001326801,data/industries/communication_services/internet_content_information/META_insider_trades.csv
UNH,UnitedHealth Group Incorporated,Health Care,Health Care Plans,2021-01-15,CONVICTION_BUY,256.75,2021-04-15,HOLDING_PERIOD_EXIT,230.56,90,-10.2,-1020.0,70,"C-Suite Conviction Buy: Insider_UNH_2021_1 (Chief Financial Officer) open-market purchase of $225,424.00",0000731766-21-000001,https://www.sec.gov/edgar/browse/?CIK=0000731766,data/industries/health_care/health_care_plans/UNH_insider_trades.csv
UNH,UnitedHealth Group Incorporated,Health Care,Health Care Plans,2021-01-16,CONVICTION_BUY,187.08,2021-04-16,HOLDING_PERIOD_EXIT,209.98,90,12.24,1224.0,70,"C-Suite Conviction Buy: Insider_UNH_2021_1 (Chief Financial Officer) open-market purchase of $225,424.00",0000731766-21-000001,https://www.sec.gov/edgar/browse/?CIK=0000731766,data/industries/health_care/health_care_plans/UNH_insider_trades.csv
DE,Deere & Company,Industrials,Industrial Machinery,2021-01-17,HEAVY_SELL_EXIT,258.04,2021-04-12,TAKE_PROFIT_TARGET,361.26,85,40.0,4000.0,75,"Heavy Sell Exit: 2 executives sold $1,496,974.00 over 14 days",0000315189-21-000011,https://www.sec.gov/edgar/browse/?CIK=0000315189,data/industries/industrials/industrial_machinery/DE_insider_trades.csv
WMT,Walmart Inc.,Consumer Staples,Discount Stores,2021-01-21,HEAVY_SELL_EXIT,133.59,2021-04-21,HOLDING_PERIOD_EXIT,118.49,90,-11.3,-1130.0,75,"Heavy Sell Exit: 2 executives sold $1,018,884.00 over 14 days",0000104169-21-000007,https://www.sec.gov/edgar/browse/?CIK=0000104169,data/industries/consumer_staples/discount_stores/WMT_insider_trades.csv
SCHW,The Charles Schwab Corporation,Financials,Capital Markets,2021-01-22,CONVICTION_BUY,199.71,2021-04-22,HOLDING_PERIOD_EXIT,251.95,90,26.16,2616.0,90,"C-Suite Conviction Buy: Insider_SCHW_2021_3 (Chief Executive Officer) open-market purchase of $858,636.00",0000316709-21-000003,https://www.sec.gov/edgar/browse/?CIK=0000316709,data/industries/financials/capital_markets/SCHW_insider_trades.csv
BA,The Boeing Company,Industrials,Aerospace & Defense,2021-01-22,CONVICTION_BUY,245.57,2021-02-21,STOP_LOSS_EXIT,216.1,30,-12.0,-1200.0,90,"C-Suite Conviction Buy: Insider_BA_2021_6 (Chief Financial Officer) open-market purchase of $608,385.00",0000012927-21-000006,https://www.sec.gov/edgar/browse/?CIK=0000012927,data/industries/industrials/aerospace_defense/BA_insider_trades.csv
CAT,Caterpillar Inc.,Industrials,Industrial Machinery,2021-01-22,HEAVY_SELL_EXIT,190.24,2021-04-22,HOLDING_PERIOD_EXIT,233.16,90,22.56,2256.0,80,"Heavy Sell Exit: 2 executives sold $1,629,710.00 over 14 days",0000018230-21-000006,https://www.sec.gov/edgar/browse/?CIK=0000018230,data/industries/industrials/industrial_machinery/CAT_insider_trades.csv
PLD,Prologis Inc.,Real Estate,REIT - Industrial,2021-01-23,HEAVY_SELL_EXIT,106.91,2021-04-23,HOLDING_PERIOD_EXIT,126.28,90,18.12,1812.0,75,"Heavy Sell Exit: 2 executives sold $1,182,821.00 over 14 days",0001045609-21-000009,https://www.sec.gov/edgar/browse/?CIK=0001045609,data/industries/real_estate/reit_industrial/PLD_insider_trades.csv
CMCSA,Comcast Corporation,Communication Services,Entertainment,2021-01-24,CLUSTER_BUY,123.4,2021-04-24,HOLDING_PERIOD_EXIT,151.68,90,22.92,2292.0,75,"Cluster Buy Trigger: 2 independent insiders purchased $1,131,079.00 within 14 days",0001166691-21-000004,https://www.sec.gov/edgar/browse/?CIK=0001166691,data/industries/communication_services/entertainment/CMCSA_insider_trades.csv
DUK,Duke Energy Corporation,Utilities,Utilities - Regulated Electric,2021-01-26,CONVICTION_BUY,244.87,2021-04-26,HOLDING_PERIOD_EXIT,271.61,90,10.92,1092.0,95,"C-Suite Conviction Buy: Insider_DUK_2021_6 (Chief Financial Officer) open-market purchase of $1,594,612.00",0001326160-21-000006,https://www.sec.gov/edgar/browse/?CIK=0001326160,data/industries/utilities/utilities_regulated_electric/DUK_insider_trades.csv
CAT,Caterpillar Inc.,Industrials,Industrial Machinery,2021-01-27,HEAVY_SELL_EXIT,232.75,2021-04-27,HOLDING_PERIOD_EXIT,284.7,90,22.32,2232.0,75,"Heavy Sell Exit: 2 executives sold $1,324,936.00 over 14 days",0000018230-21-000010,https://www.sec.gov/edgar/browse/?CIK=0000018230,data/industries/industrials/industrial_machinery/CAT_insider_trades.csv
SLB,Schlumberger Limited,Energy,Oil & Gas Equipment,2021-02-06,HEAVY_SELL_EXIT,198.75,2021-05-07,HOLDING_PERIOD_EXIT,236.91,90,19.2,1920.0,85,"Heavy Sell Exit: 2 executives sold $2,108,301.00 over 14 days",0000087347-21-000007,https://www.sec.gov/edgar/browse/?CIK=0000087347,data/industries/energy/oil_gas_equipment/SLB_insider_trades.csv
CSCO,Cisco Systems Inc.,Information Technology,Communication Equipment,2021-02-10,CONVICTION_BUY,236.95,2021-05-08,TAKE_PROFIT_TARGET,331.73,87,40.0,4000.0,80,"C-Suite Conviction Buy: Insider_CSCO_2021_12 (Chief Financial Officer) open-market purchase of $262,400.00",0000023217-21-000012,https://www.sec.gov/edgar/browse/?CIK=0000023217,data/industries/information_technology/communication_equipment/CSCO_insider_trades.csv
TSLA,Tesla Inc.,Consumer Discretionary,Automotive,2021-02-11,CONVICTION_BUY,256.44,2021-05-12,HOLDING_PERIOD_EXIT,227.21,90,-11.4,-1140.0,95,"C-Suite Conviction Buy: Insider_TSLA_2021_3 (Chief Financial Officer) open-market purchase of $1,988,000.00",0001318605-21-000003,https://www.sec.gov/edgar/browse/?CIK=0001318605,data/industries/consumer_discretionary/automotive/TSLA_insider_trades.csv
RTX,RTX Corporation,Industrials,Aerospace & Defense,2021-02-16,CONVICTION_BUY,195.44,2021-05-17,HOLDING_PERIOD_EXIT,248.68,90,27.24,2724.0,80,"C-Suite Conviction Buy: Insider_RTX_2021_11 (Chief Executive Officer) open-market purchase of $273,930.00",0000101829-21-000011,https://www.sec.gov/edgar/browse/?CIK=0000101829,data/industries/industrials/aerospace_defense/RTX_insider_trades.csv
AMD,Advanced Micro Devices Inc.,Information Technology,Semiconductors,2021-02-17,CONVICTION_BUY,182.01,2021-05-18,HOLDING_PERIOD_EXIT,227.22,90,24.84,2484.0,70,"C-Suite Conviction Buy: Insider_AMD_2021_1 (Chief Financial Officer) open-market purchase of $175,593.00",0000002488-21-000001,https://www.sec.gov/edgar/browse/?CIK=0000002488,data/industries/information_technology/semiconductors/AMD_insider_trades.csv
AMD,Advanced Micro Devices Inc.,Information Technology,Semiconductors,2021-02-17,CLUSTER_BUY,182.01,2021-05-18,HOLDING_PERIOD_EXIT,227.22,90,24.84,2484.0,75,"Cluster Buy Trigger: 2 independent insiders purchased $541,665.00 within 14 days",0000002488-21-000002,https://www.sec.gov/edgar/browse/?CIK=0000002488,data/industries/information_technology/semiconductors/AMD_insider_trades.csv
SNPS,Synopsys Inc.,Information Technology,Software - Infrastructure,2021-02-22,CLUSTER_BUY,127.52,2021-05-23,HOLDING_PERIOD_EXIT,169.75,90,33.12,3312.0,75,"Cluster Buy Trigger: 2 independent insiders purchased $161,238.00 within 14 days",0000883241-21-000006,https://www.sec.gov/edgar/browse/?CIK=0000883241,data/industries/information_technology/software_infrastructure/SNPS_insider_trades.csv
UPS,United Parcel Service Inc.,Industrials,Integrated Freight & Logistics,2021-03-01,CONVICTION_BUY,175.38,2021-05-30,HOLDING_PERIOD_EXIT,228.84,90,30.48,3048.0,90,"C-Suite Conviction Buy: Insider_UPS_2021_4 (Chief Financial Officer) open-market purchase of $939,948.00",0001090727-21-000004,https://www.sec.gov/edgar/browse/?CIK=0001090727,data/industries/industrials/integrated_freight_logistics/UPS_insider_trades.csv
TSLA,Tesla Inc.,Consumer Discretionary,Automotive,2021-03-07,CONVICTION_BUY,202.46,2021-06-05,HOLDING_PERIOD_EXIT,251.78,90,24.36,2436.0,80,"C-Suite Conviction Buy: Insider_TSLA_2021_2 (Chief Financial Officer) open-market purchase of $278,320.00",0001318605-21-000002,https://www.sec.gov/edgar/browse/?CIK=0001318605,data/industries/consumer_discretionary/automotive/TSLA_insider_trades.csv
ACN,Accenture plc,Information Technology,IT Services,2021-03-10,CLUSTER_BUY,137.53,2021-06-08,HOLDING_PERIOD_EXIT,177.96,90,29.4,2940.0,75,"Cluster Buy Trigger: 2 independent insiders purchased $1,124,491.00 within 14 days",0001467373-21-000004,https://www.sec.gov/edgar/browse/?CIK=0001467373,data/industries/information_technology/it_services/ACN_insider_trades.csv
RTX,RTX Corporation,Industrials,Aerospace & Defense,2021-03-10,CONVICTION_BUY,155.29,2021-06-08,HOLDING_PERIOD_EXIT,170.2,90,9.6,960.0,90,"C-Suite Conviction Buy: Insider_RTX_2021_10 (Chief Financial Officer) open-market purchase of $587,424.00",0000101829-21-000010,https://www.sec.gov/edgar/browse/?CIK=0000101829,data/industries/industrials/aerospace_defense/RTX_insider_trades.csv
INTC,Intel Corporation,Information Technology,Semiconductors,2021-03-11,CLUSTER_BUY,124.56,2021-05-29,TAKE_PROFIT_TARGET,174.38,79,40.0,4000.0,75,"Cluster Buy Trigger: 2 independent insiders purchased $1,774,291.00 within 14 days",0000050863-21-000005,https://www.sec.gov/edgar/browse/?CIK=0000050863,data/industries/information_technology/semiconductors/INTC_insider_trades.csv
C,Citigroup Inc.,Financials,Banks - Diversified,2021-03-13,HEAVY_SELL_EXIT,162.78,2021-05-26,TAKE_PROFIT_TARGET,227.89,74,40.0,4000.0,85,"Heavy Sell Exit: 2 executives sold $2,324,519.00 over 14 days",0000831001-21-000009,https://www.sec.gov/edgar/browse/?CIK=0000831001,data/industries/financials/banks_diversified/C_insider_trades.csv
C,Citigroup Inc.,Financials,Banks - Diversified,2021-03-15,HEAVY_SELL_EXIT,135.68,2021-06-12,TAKE_PROFIT_TARGET,189.95,89,40.0,4000.0,85,"Heavy Sell Exit: 2 executives sold $2,324,519.00 over 14 days",0000831001-21-000009,https://www.sec.gov/edgar/browse/?CIK=0000831001,data/industries/financials/banks_diversified/C_insider_trades.csv
LMT,Lockheed Martin Corporation,Industrials,Aerospace & Defense,2021-03-16,CONVICTION_BUY,161.59,2021-06-10,TAKE_PROFIT_TARGET,226.23,86,40.0,4000.0,80,"C-Suite Conviction Buy: Insider_LMT_2021_1 (Chief Executive Officer) open-market purchase of $255,229.00",0000936468-21-000001,https://www.sec.gov/edgar/browse/?CIK=0000936468,data/industries/industrials/aerospace_defense/LMT_insider_trades.csv
LMT,Lockheed Martin Corporation,Industrials,Aerospace & Defense,2021-03-16,CLUSTER_BUY,161.59,2021-06-10,TAKE_PROFIT_TARGET,226.23,86,40.0,4000.0,75,"Cluster Buy Trigger: 2 independent insiders purchased $324,181.00 within 14 days",0000936468-21-000012,https://www.sec.gov/edgar/browse/?CIK=0000936468,data/industries/industrials/aerospace_defense/LMT_insider_trades.csv
SBUX,Starbucks Corporation,Consumer Discretionary,Restaurants,2021-03-17,CONVICTION_BUY,241.28,2021-06-15,HOLDING_PERIOD_EXIT,213.77,90,-11.4,-1140.0,95,"C-Suite Conviction Buy: Insider_SBUX_2021_9 (Chief Financial Officer) open-market purchase of $1,298,299.00",0000829224-21-000009,https://www.sec.gov/edgar/browse/?CIK=0000829224,data/industries/consumer_discretionary/restaurants/SBUX_insider_trades.csv
RTX,RTX Corporation,Industrials,Aerospace & Defense,2021-03-17,CONVICTION_BUY,116.11,2021-06-15,HOLDING_PERIOD_EXIT,138.26,90,19.08,1908.0,90,"C-Suite Conviction Buy: Insider_RTX_2021_10 (Chief Financial Officer) open-market purchase of $587,424.00",0000101829-21-000010,https://www.sec.gov/edgar/browse/?CIK=0000101829,data/industries/industrials/aerospace_defense/RTX_insider_trades.csv
RTX,RTX Corporation,Industrials,Aerospace & Defense,2021-03-17,CLUSTER_BUY,116.11,2021-06-15,HOLDING_PERIOD_EXIT,138.26,90,19.08,1908.0,75,"Cluster Buy Trigger: 2 independent insiders purchased $2,092,166.00 within 14 days",0000101829-21-000010,https://www.sec.gov/edgar/browse/?CIK=0000101829,data/industries/industrials/aerospace_defense/RTX_insider_trades.csv
BA,The Boeing Company,Industrials,Aerospace & Defense,2021-03-20,CONVICTION_BUY,267.54,2021-04-19,STOP_LOSS_EXIT,235.44,30,-12.0,-1200.0,90,"C-Suite Conviction Buy: Insider_BA_2021_7 (Chief Financial Officer) open-market purchase of $713,440.00",0000012927-21-000007,https://www.sec.gov/edgar/browse/?CIK=0000012927,data/industries/industrials/aerospace_defense/BA_insider_trades.csv
BA,The Boeing Company,Industrials,Aerospace & Defense,2021-03-20,CLUSTER_BUY,267.54,2021-04-19,STOP_LOSS_EXIT,235.44,30,-12.0,-1200.0,75,"Cluster Buy Trigger: 2 independent insiders purchased $1,095,160.00 within 14 days",0000012927-21-000003,https://www.sec.gov/edgar/browse/?CIK=0000012927,data/industries/industrials/aerospace_defense/BA_insider_trades.csv
COST,Costco Wholesale Corporation,Consumer Staples,Discount Stores,2021-03-23,HEAVY_SELL_EXIT,214.58,2021-06-21,HOLDING_PERIOD_EXIT,190.76,90,-11.1,-1110.0,75,"Heavy Sell Exit: 2 executives sold $1,098,864.00 over 14 days",0000909832-21-000006,https://www.sec.gov/edgar/browse/?CIK=0000909832,data/industries/consumer_staples/discount_stores/COST_insider_trades.csv
GILD,Gilead Sciences Inc.,Health Care,Biotechnology,2021-03-27,CONVICTION_BUY,99.07,2021-06-23,TAKE_PROFIT_TARGET,138.7,88,40.0,4000.0,95,"C-Suite Conviction Buy: Insider_GILD_2021_1 (Chief Financial Officer) open-market purchase of $1,197,747.00",0000882095-21-000001,https://www.sec.gov/edgar/browse/?CIK=0000882095,data/industries/health_care/biotechnology/GILD_insider_trades.csv
JPM,JPMorgan Chase & Co.,Financials,Banks - Diversified,2021-03-31,CLUSTER_BUY,216.29,2021-06-29,HOLDING_PERIOD_EXIT,257.82,90,19.2,1920.0,75,"Cluster Buy Trigger: 2 independent insiders purchased $2,128,546.00 within 14 days",0000019617-21-000003,https://www.sec.gov/edgar/browse/?CIK=0000019617,data/industries/financials/banks_diversified/JPM_insider_trades.csv
VZ,Verizon Communications Inc.,Communication Services,Telecom Services,2021-04-02,CONVICTION_BUY,197.35,2021-07-01,HOLDING_PERIOD_EXIT,224.82,90,13.92,1392.0,80,"C-Suite Conviction Buy: Insider_VZ_2021_7 (Chief Financial Officer) open-market purchase of $445,536.00",0000732712-21-000007,https://www.sec.gov/edgar/browse/?CIK=0000732712,data/industries/communication_services/telecom_services/VZ_insider_trades.csv
RTX,RTX Corporation,Industrials,Aerospace & Defense,2021-04-03,CONVICTION_BUY,129.38,2021-07-02,HOLDING_PERIOD_EXIT,171.14,90,32.28,3228.0,90,"C-Suite Conviction Buy: Insider_RTX_2021_1 (Chief Executive Officer) open-market purchase of $892,255.00",0000101829-21-000001,https://www.sec.gov/edgar/browse/?CIK=0000101829,data/industries/industrials/aerospace_defense/RTX_insider_trades.csv
MDT,Medtronic plc,Health Care,Medical Devices,2021-04-04,CONVICTION_BUY,197.67,2021-06-14,TAKE_PROFIT_TARGET,276.74,71,40.0,4000.0,90,"C-Suite Conviction Buy: Insider_MDT_2021_2 (Chief Financial Officer) open-market purchase of $966,570.00",0000143899-21-000002,https://www.sec.gov/edgar/browse/?CIK=0000143899,data/industries/health_care/medical_devices/MDT_insider_trades.csv
JPM,JPMorgan Chase & Co.,Financials,Banks - Diversified,2021-04-07,CONVICTION_BUY,130.41,2021-06-30,TAKE_PROFIT_TARGET,182.57,84,40.0,4000.0,95,"C-Suite Conviction Buy: Insider_JPM_2021_4 (Chief Executive Officer) open-market purchase of $1,129,028.00",0000019617-21-000004,https://www.sec.gov/edgar/browse/?CIK=0000019617,data/industries/financials/banks_diversified/JPM_insider_trades.csv
JPM,JPMorgan Chase & Co.,Financials,Banks - Diversified,2021-04-07,CLUSTER_BUY,130.41,2021-06-30,TAKE_PROFIT_TARGET,182.57,84,40.0,4000.0,75,"Cluster Buy Trigger: 2 independent insiders purchased $2,752,006.00 within 14 days",0000019617-21-000005,https://www.sec.gov/edgar/browse/?CIK=0000019617,data/industries/financials/banks_diversified/JPM_insider_trades.csv
HD,The Home Depot Inc.,Consumer Discretionary,Home Improvement Retail,2021-04-10,CONVICTION_BUY,103.82,2021-07-09,HOLDING_PERIOD_EXIT,114.91,90,10.68,1068.0,70,"C-Suite Conviction Buy: Insider_HD_2021_5 (Chief Financial Officer) open-market purchase of $113,260.00",0000354950-21-000005,https://www.sec.gov/edgar/browse/?CIK=0000354950,data/industries/consumer_discretionary/home_improvement_retail/HD_insider_trades.csv
PANW,Palo Alto Networks Inc.,Information Technology,Software - Infrastructure,2021-04-11,CLUSTER_BUY,273.18,2021-07-10,HOLDING_PERIOD_EXIT,245.04,90,-10.3,-1030.0,75,"Cluster Buy Trigger: 2 independent insiders purchased $982,777.00 within 14 days",0001326801-21-000007,https://www.sec.gov/edgar/browse/?CIK=0001326801,data/industries/information_technology/software_infrastructure/PANW_insider_trades.csv
TMUS,T-Mobile US Inc.,Communication Services,Telecom Services,2021-04-13,HEAVY_SELL_EXIT,167.03,2021-07-12,HOLDING_PERIOD_EXIT,222.75,90,33.36,3336.0,90,"Heavy Sell Exit: 2 executives sold $2,615,184.00 over 14 days",0001283699-21-000002,https://www.sec.gov/edgar/browse/?CIK=0001283699,data/industries/communication_services/telecom_services/TMUS_insider_trades.csv
RTX,RTX Corporation,Industrials,Aerospace & Defense,2021-04-14,CONVICTION_BUY,230.86,2021-07-13,HOLDING_PERIOD_EXIT,254.68,90,10.32,1032.0,90,"C-Suite Conviction Buy: Insider_RTX_2021_1 (Chief Executive Officer) open-market purchase of $892,255.00",0000101829-21-000001,https://www.sec.gov/edgar/browse/?CIK=0000101829,data/industries/industrials/aerospace_defense/RTX_insider_trades.csv
RTX,RTX Corporation,Industrials,Aerospace & Defense,2021-04-14,CLUSTER_BUY,230.86,2021-07-13,HOLDING_PERIOD_EXIT,254.68,90,10.32,1032.0,75,"Cluster Buy Trigger: 2 independent insiders purchased $1,292,620.00 within 14 days",0000101829-21-000001,https://www.sec.gov/edgar/browse/?CIK=0000101829,data/industries/industrials/aerospace_defense/RTX_insider_trades.csv
LMT,Lockheed Martin Corporation,Industrials,Aerospace & Defense,2021-04-14,CONVICTION_BUY,145.31,2021-07-13,HOLDING_PERIOD_EXIT,173.73,90,19.56,1956.0,90,"C-Suite Conviction Buy: Insider_LMT_2021_13 (Chief Financial Officer) open-market purchase of $788,568.00",0000936468-21-000013,https://www.sec.gov/edgar/browse/?CIK=0000936468,data/industries/industrials/aerospace_defense/LMT_insider_trades.csv
CVX,Chevron Corporation,Energy,Oil & Gas Integrated,2021-04-14,CONVICTION_BUY,111.98,2021-07-13,HOLDING_PERIOD_EXIT,131.87,90,17.76,1776.0,80,"C-Suite Conviction Buy: Insider_CVX_2021_5 (Chief Executive Officer) open-market purchase of $275,448.00",0000093410-21-000005,https://www.sec.gov/edgar/browse/?CIK=0000093410,data/industries/energy/oil_gas_integrated/CVX_insider_trades.csv
JPM,JPMorgan Chase & Co.,Financials,Banks - Diversified,2021-04-17,CONVICTION_BUY,277.3,2021-07-16,HOLDING_PERIOD_EXIT,338.2,90,21.96,2196.0,95,"C-Suite Conviction Buy: Insider_JPM_2021_4 (Chief Executive Officer) open-market purchase of $1,129,028.00",0000019617-21-000004,https://www.sec.gov/edgar/browse/?CIK=0000019617,data/industries/financials/banks_diversified/JPM_insider_trades.csv
TMUS,T-Mobile US Inc.,Communication Services,Telecom Services,2021-04-17,HEAVY_SELL_EXIT,150.7,2021-07-16,HOLDING_PERIOD_EXIT,190.85,90,26.64,2664.0,90,"Heavy Sell Exit: 3 executives sold $2,809,004.00 over 14 days",0001283699-21-000002,https://www.sec.gov/edgar/browse/?CIK=0001283699,data/industries/communication_services/telecom_services/TMUS_insider_trades.csv
CVX,Chevron Corporation,Energy,Oil & Gas Integrated,2021-04-17,CONVICTION_BUY,102.98,2021-07-16,HOLDING_PERIOD_EXIT,140.92,90,36.84,3684.0,80,"C-Suite Conviction Buy: Insider_CVX_2021_5 (Chief Executive Officer) open-market purchase of $275,448.00",0000093410-21-000005,https://www.sec.gov/edgar/browse/?CIK=0000093410,data/industries/energy/oil_gas_integrated/CVX_insider_trades.csv
RTX,RTX Corporation,Industrials,Aerospace & Defense,2021-04-21,CLUSTER_BUY,142.9,2021-07-20,HOLDING_PERIOD_EXIT,174.97,90,22.44,2244.0,75,"Cluster Buy Trigger: 2 independent insiders purchased $926,429.00 within 14 days",0000101829-21-000006,https://www.sec.gov/edgar/browse/?CIK=0000101829,data/industries/industrials/aerospace_defense/RTX_insider_trades.csv
MRNA,Moderna Inc.,Health Care,Biotechnology,2021-04-27,CONVICTION_BUY,196.22,2021-07-26,HOLDING_PERIOD_EXIT,267.8,90,36.48,3648.0,95,"C-Suite Conviction Buy: Insider_MRNA_2021_14 (Chief Executive Officer) open-market purchase of $1,894,656.00",0001682852-21-000014,https://www.sec.gov/edgar/browse/?CIK=0001682852,data/industries/health_care/biotechnology/MRNA_insider_trades.csv
CAT,Caterpillar Inc.,Industrials,Industrial Machinery,2021-04-28,HEAVY_SELL_EXIT,232.68,2021-07-27,HOLDING_PERIOD_EXIT,270.37,90,16.2,1620.0,80,"Heavy Sell Exit: 2 executives sold $1,629,304.00 over 14 days",0000018230-21-000009,https://www.sec.gov/edgar/browse/?CIK=0000018230,data/industries/industrials/industrial_machinery/CAT_insider_trades.csv
AMD,Advanced Micro Devices Inc.,Information Technology,Semiconductors,2021-05-08,HEAVY_SELL_EXIT,117.24,2021-07-14,TAKE_PROFIT_TARGET,164.14,67,40.0,4000.0,75,"Heavy Sell Exit: 2 executives sold $1,190,590.00 over 14 days",0000002488-21-000009,https://www.sec.gov/edgar/browse/?CIK=0000002488,data/industries/information_technology/semiconductors/AMD_insider_trades.csv
MRNA,Moderna Inc.,Health Care,Biotechnology,2021-05-08,CONVICTION_BUY,161.52,2021-08-06,HOLDING_PERIOD_EXIT,189.24,90,17.16,1716.0,95,"C-Suite Conviction Buy: Insider_MRNA_2021_14 (Chief Executive Officer) open-market purchase of $1,894,656.00",0001682852-21-000014,https://www.sec.gov/edgar/browse/?CIK=0001682852,data/industries/health_care/biotechnology/MRNA_insider_trades.csv
DIS,The Walt Disney Company,Communication Services,Entertainment,2021-05-15,HEAVY_SELL_EXIT,220.52,2021-08-13,HOLDING_PERIOD_EXIT,249.89,90,13.32,1332.0,85,"Heavy Sell Exit: 2 executives sold $2,316,822.00 over 14 days",0001744489-21-000003,https://www.sec.gov/edgar/browse/?CIK=0001744489,data/industries/communication_services/entertainment/DIS_insider_trades.csv
GS,The Goldman Sachs Group Inc.,Financials,Capital Markets,2021-05-16,HEAVY_SELL_EXIT,143.61,2021-07-28,TAKE_PROFIT_TARGET,201.05,73,40.0,4000.0,75,"Heavy Sell Exit: 2 executives sold $1,383,876.00 over 14 days",0000886982-21-000002,https://www.sec.gov/edgar/browse/?CIK=0000886982,data/industries/financials/capital_markets/GS_insider_trades.csv
SBUX,Starbucks Corporation,Consumer Discretionary,Restaurants,2021-05-16,HEAVY_SELL_EXIT,95.3,2021-08-14,HOLDING_PERIOD_EXIT,106.28,90,11.52,1152.0,80,"Heavy Sell Exit: 2 executives sold $1,603,366.00 over 14 days",0000829224-21-000006,https://www.sec.gov/edgar/browse/?CIK=0000829224,data/industries/consumer_discretionary/restaurants/SBUX_insider_trades.csv
AXP,American Express Company,Financials,Credit Services,2021-05-17,HEAVY_SELL_EXIT,207.39,2021-08-15,HOLDING_PERIOD_EXIT,227.8,90,9.84,984.0,75,"Heavy Sell Exit: 2 executives sold $1,048,701.00 over 14 days",0000004962-21-000003,https://www.sec.gov/edgar/browse/?CIK=0000004962,data/industries/financials/credit_services/AXP_insider_trades.csv
WMT,Walmart Inc.,Consumer Staples,Discount Stores,2021-05-20,HEAVY_SELL_EXIT,206.17,2021-08-18,HOLDING_PERIOD_EXIT,239.82,90,16.32,1632.0,90,"Heavy Sell Exit: 2 executives sold $2,950,802.00 over 14 days",0000104169-21-000004,https://www.sec.gov/edgar/browse/?CIK=0000104169,data/industries/consumer_staples/discount_stores/WMT_insider_trades.csv
BA,The Boeing Company,Industrials,Aerospace & Defense,2021-05-22,CONVICTION_BUY,99.8,2021-08-20,HOLDING_PERIOD_EXIT,117.88,90,18.12,1812.0,95,"C-Suite Conviction Buy: Insider_BA_2021_1 (Chief Financial Officer) open-market purchase of $1,064,750.00",0000012927-21-000001,https://www.sec.gov/edgar/browse/?CIK=0000012927,data/industries/industrials/aerospace_defense/BA_insider_trades.csv
BAC,Bank of America Corporation,Financials,Banks - Diversified,2021-05-29,HEAVY_SELL_EXIT,260.34,2021-08-10,TAKE_PROFIT_TARGET,364.48,73,40.0,4000.0,80,"Heavy Sell Exit: 2 executives sold $1,872,255.00 over 14 days",0000070858-21-000013,https://www.sec.gov/edgar/browse/?CIK=0000070858,data/industries/financials/banks_diversified/BAC_insider_trades.csv
CL,Colgate-Palmolive Company,Consumer Staples,Household & Personal Products,2021-05-31,HEAVY_SELL_EXIT,83.65,2021-08-29,HOLDING_PERIOD_EXIT,113.26,90,35.4,3540.0,85,"Heavy Sell Exit: 2 executives sold $2,072,838.00 over 14 days",0000021665-21-000001,https://www.sec.gov/edgar/browse/?CIK=0000021665,data/industries/consumer_staples/household_personal_products/CL_insider_trades.csv
MU,Micron Technology Inc.,Information Technology,Semiconductors,2021-06-01,HEAVY_SELL_EXIT,120.88,2021-08-15,TAKE_PROFIT_TARGET,169.23,75,40.0,4000.0,80,"Heavy Sell Exit: 2 executives sold $1,563,151.00 over 14 days",0000072333-21-000006,https://www.sec.gov/edgar/browse/?CIK=0000072333,data/industries/information_technology/semiconductors/MU_insider_trades.csv
WMT,Walmart Inc.,Consumer Staples,Discount Stores,2021-06-01,HEAVY_SELL_EXIT,272.01,2021-08-30,HOLDING_PERIOD_EXIT,327.17,90,20.28,2028.0,90,"Heavy Sell Exit: 2 executives sold $3,386,754.00 over 14 days",0000104169-21-000011,https://www.sec.gov/edgar/browse/?CIK=0000104169,data/industries/consumer_staples/discount_stores/WMT_insider_trades.csv
META,Meta Platforms Inc.,Communication Services,Internet Content & Information,2021-06-04,HEAVY_SELL_EXIT,87.22,2021-09-02,HOLDING_PERIOD_EXIT,116.21,90,33.24,3324.0,75,"Heavy Sell Exit: 2 executives sold $1,329,820.00 over 14 days",0001326801-21-000002,https://www.sec.gov/edgar/browse/?CIK=0001326801,data/industries/communication_services/internet_content_information/META_insider_trades.csv
META,Meta Platforms Inc.,Communication Services,Internet Content & Information,2021-06-08,HEAVY_SELL_EXIT,91.98,2021-09-06,HOLDING_PERIOD_EXIT,81.95,90,-10.9,-1090.0,75,"Heavy Sell Exit: 2 executives sold $1,329,820.00 over 14 days",0001326801-21-000002,https://www.sec.gov/edgar/browse/?CIK=0001326801,data/industries/communication_services/internet_content_information/META_insider_trades.csv
PG,The Procter & Gamble Company,Consumer Staples,Household & Personal Products,2021-06-08,CONVICTION_BUY,155.07,2021-09-06,HOLDING_PERIOD_EXIT,210.34,90,35.64,3564.0,90,"C-Suite Conviction Buy: Insider_PG_2021_3 (Chief Financial Officer) open-market purchase of $704,592.00",0000080424-21-000003,https://www.sec.gov/edgar/browse/?CIK=0000080424,data/industries/consumer_staples/household_personal_products/PG_insider_trades.csv
PFE,Pfizer Inc.,Health Care,Pharmaceuticals,2021-06-09,CONVICTION_BUY,226.31,2021-09-07,HOLDING_PERIOD_EXIT,272.48,90,20.4,2040.0,90,"C-Suite Conviction Buy: Insider_PFE_2021_9 (Chief Financial Officer) open-market purchase of $725,369.00",0000078003-21-000009,https://www.sec.gov/edgar/browse/?CIK=0000078003,data/industries/health_care/pharmaceuticals/PFE_insider_trades.csv
NVDA,NVIDIA Corporation,Information Technology,Semiconductors,2021-06-15,CONVICTION_BUY,212.08,2021-09-13,HOLDING_PERIOD_EXIT,234.73,90,10.68,1068.0,95,"C-Suite Conviction Buy: NVDA_CFO_Conviction (Chief Financial Officer) open-market purchase of $1,166,350.00",0001045810-21-99999CFO,https://www.sec.gov/edgar/browse/?CIK=0001045810,data/industries/information_technology/semiconductors/NVDA_insider_trades.csv
NVDA,NVIDIA Corporation,Information Technology,Semiconductors,2021-06-15,CLUSTER_BUY,212.08,2021-09-13,HOLDING_PERIOD_EXIT,234.73,90,10.68,1068.0,75,"Cluster Buy Trigger: 2 independent insiders purchased $2,386,150.00 within 14 days",0001045810-21-99999CFO,https://www.sec.gov/edgar/browse/?CIK=0001045810,data/industries/information_technology/semiconductors/NVDA_insider_trades.csv
AMD,Advanced Micro Devices Inc.,Information Technology,Semiconductors,2021-06-15,CONVICTION_BUY,254.24,2021-09-13,HOLDING_PERIOD_EXIT,328.07,90,29.04,2904.0,95,"C-Suite Conviction Buy: AMD_CFO_Conviction (Chief Financial Officer) open-market purchase of $1,044,700.00",0000002488-21-99999CFO,https://www.sec.gov/edgar/browse/?CIK=0000002488,data/industries/information_technology/semiconductors/AMD_insider_trades.csv
AMD,Advanced Micro Devices Inc.,Information Technology,Semiconductors,2021-06-15,CLUSTER_BUY,254.24,2021-09-13,HOLDING_PERIOD_EXIT,328.07,90,29.04,2904.0,75,"Cluster Buy Trigger: 2 independent insiders purchased $1,812,000.00 within 14 days",0000002488-21-99999CFO,https://www.sec.gov/edgar/browse/?CIK=0000002488,data/industries/information_technology/semiconductors/AMD_insider_trades.csv
MSFT,Microsoft Corporation,Information Technology,Software - Infrastructure,2021-06-15,CONVICTION_BUY,183.02,2021-09-13,HOLDING_PERIOD_EXIT,244.08,90,33.36,3336.0,95,"C-Suite Conviction Buy: MSFT_CFO_Conviction (Chief Financial Officer) open-market purchase of $1,121,600.00",0000789019-21-99999CFO,https://www.sec.gov/edgar/browse/?CIK=0000789019,data/industries/information_technology/software_infrastructure/MSFT_insider_trades.csv
MSFT,Microsoft Corporation,Information Technology,Software - Infrastructure,2021-06-15,CLUSTER_BUY,183.02,2021-09-13,HOLDING_PERIOD_EXIT,244.08,90,33.36,3336.0,75,"Cluster Buy Trigger: 2 independent insiders purchased $2,023,150.00 within 14 days",0000789019-21-99999CFO,https://www.sec.gov/edgar/browse/?CIK=0000789019,data/industries/information_technology/software_infrastructure/MSFT_insider_trades.csv
AAPL,Apple Inc.,Information Technology,Consumer Electronics,2021-06-15,CONVICTION_BUY,186.57,2021-09-13,HOLDING_PERIOD_EXIT,207.39,90,11.16,1116.0,90,"C-Suite Conviction Buy: AAPL_CFO_Conviction (Chief Financial Officer) open-market purchase of $780,550.00",0000320193-21-99999CFO,https://www.sec.gov/edgar/browse/?CIK=0000320193,data/industries/information_technology/consumer_electronics/AAPL_insider_trades.csv
AAPL,Apple Inc.,Information Technology,Consumer Electronics,2021-06-15,CLUSTER_BUY,186.57,2021-09-13,HOLDING_PERIOD_EXIT,207.39,90,11.16,1116.0,75,"Cluster Buy Trigger: 2 independent insiders purchased $1,512,750.00 within 14 days",0000320193-21-99999CFO,https://www.sec.gov/edgar/browse/?CIK=0000320193,data/industries/information_technology/consumer_electronics/AAPL_insider_trades.csv
AMGN,Amgen Inc.,Health Care,Biotechnology,2021-06-15,CONVICTION_BUY,203.28,2021-09-13,HOLDING_PERIOD_EXIT,221.09,90,8.76,876.0,90,"C-Suite Conviction Buy: AMGN_CFO_Conviction (Chief Financial Officer) open-market purchase of $533,350.00",0000031462-21-99999CFO,https://www.sec.gov/edgar/browse/?CIK=0000031462,data/industries/health_care/biotechnology/AMGN_insider_trades.csv
AMGN,Amgen Inc.,Health Care,Biotechnology,2021-06-15,CLUSTER_BUY,203.28,2021-09-13,HOLDING_PERIOD_EXIT,221.09,90,8.76,876.0,75,"Cluster Buy Trigger: 2 independent insiders purchased $1,566,000.00 within 14 days",0000031462-21-99999CFO,https://www.sec.gov/edgar/browse/?CIK=0000031462,data/industries/health_care/biotechnology/AMGN_insider_trades.csv
JPM,JPMorgan Chase & Co.,Financials,Banks - Diversified,2021-06-15,CONVICTION_BUY,255.83,2021-09-13,HOLDING_PERIOD_EXIT,285.3,90,11.52,1152.0,95,"C-Suite Conviction Buy: JPM_CFO_Conviction (Chief Financial Officer) open-market purchase of $1,018,150.00",0000019617-21-99999CFO,https://www.sec.gov/edgar/browse/?CIK=0000019617,data/industries/financials/banks_diversified/JPM_insider_trades.csv
JPM,JPMorgan Chase & Co.,Financials,Banks - Diversified,2021-06-15,CLUSTER_BUY,255.83,2021-09-13,HOLDING_PERIOD_EXIT,285.3,90,11.52,1152.0,75,"Cluster Buy Trigger: 2 independent insiders purchased $1,767,150.00 within 14 days",0000019617-21-99999CFO,https://www.sec.gov/edgar/browse/?CIK=0000019617,data/industries/financials/banks_diversified/JPM_insider_trades.csv
V,Visa Inc.,Financials,Credit Services,2021-06-15,CONVICTION_BUY,134.83,2021-09-13,HOLDING_PERIOD_EXIT,182.24,90,35.16,3516.0,90,"C-Suite Conviction Buy: V_CFO_Conviction (Chief Financial Officer) open-market purchase of $828,350.00",0001403161-21-99999CFO,https://www.sec.gov/edgar/browse/?CIK=0001403161,data/industries/financials/credit_services/V_insider_trades.csv
V,Visa Inc.,Financials,Credit Services,2021-06-15,CLUSTER_BUY,134.83,2021-09-13,HOLDING_PERIOD_EXIT,182.24,90,35.16,3516.0,75,"Cluster Buy Trigger: 2 independent insiders purchased $1,508,300.00 within 14 days",0001403161-21-99999CFO,https://www.sec.gov/edgar/browse/?CIK=0001403161,data/industries/financials/credit_services/V_insider_trades.csv
TSLA,Tesla Inc.,Consumer Discretionary,Automotive,2021-06-15,CONVICTION_BUY,96.63,2021-08-22,TAKE_PROFIT_TARGET,135.28,68,40.0,4000.0,90,"C-Suite Conviction Buy: TSLA_CFO_Conviction (Chief Financial Officer) open-market purchase of $571,250.00",0001318605-21-99999CFO,https://www.sec.gov/edgar/browse/?CIK=0001318605,data/industries/consumer_discretionary/automotive/TSLA_insider_trades.csv
TSLA,Tesla Inc.,Consumer Discretionary,Automotive,2021-06-15,CLUSTER_BUY,96.63,2021-08-22,TAKE_PROFIT_TARGET,135.28,68,40.0,4000.0,75,"Cluster Buy Trigger: 2 independent insiders purchased $1,271,950.00 within 14 days",0001318605-21-99999CFO,https://www.sec.gov/edgar/browse/?CIK=0001318605,data/industries/consumer_discretionary/automotive/TSLA_insider_trades.csv
F,Ford Motor Company,Consumer Discretionary,Automotive,2021-06-15,CONVICTION_BUY,279.7,2021-09-13,HOLDING_PERIOD_EXIT,311.59,90,11.4,1140.0,70,"C-Suite Conviction Buy: Insider_F_2021_4 (Chief Financial Officer) open-market purchase of $203,010.00",0000037996-21-000004,https://www.sec.gov/edgar/browse/?CIK=0000037996,data/industries/consumer_discretionary/automotive/F_insider_trades.csv
GE,General Electric Company,Industrials,Aerospace & Defense,2021-06-18,CONVICTION_BUY,239.88,2021-09-16,HOLDING_PERIOD_EXIT,213.73,90,-10.9,-1090.0,70,"C-Suite Conviction Buy: Insider_GE_2021_5 (Chief Financial Officer) open-market purchase of $162,405.00",0000040545-21-000005,https://www.sec.gov/edgar/browse/?CIK=0000040545,data/industries/industrials/aerospace_defense/GE_insider_trades.csv
VZ,Verizon Communications Inc.,Communication Services,Telecom Services,2021-06-30,HEAVY_SELL_EXIT,231.37,2021-09-28,HOLDING_PERIOD_EXIT,262.74,90,13.56,1356.0,80,"Heavy Sell Exit: 2 executives sold $1,734,552.00 over 14 days",0000732712-21-000006,https://www.sec.gov/edgar/browse/?CIK=0000732712,data/industries/communication_services/telecom_services/VZ_insider_trades.csv
RTX,RTX Corporation,Industrials,Aerospace & Defense,2021-07-03,CONVICTION_BUY,209.81,2021-10-01,HOLDING_PERIOD_EXIT,248.08,90,18.24,1824.0,80,"C-Suite Conviction Buy: Insider_RTX_2021_8 (Chief Executive Officer) open-market purchase of $371,165.00",0000101829-21-000008,https://www.sec.gov/edgar/browse/?CIK=0000101829,data/industries/industrials/aerospace_defense/RTX_insider_trades.csv
CSCO,Cisco Systems Inc.,Information Technology,Communication Equipment,2021-07-04,HEAVY_SELL_EXIT,181.53,2021-10-02,HOLDING_PERIOD_EXIT,220.09,90,21.24,2124.0,75,"Heavy Sell Exit: 2 executives sold $1,134,325.00 over 14 days",0000023217-21-000006,https://www.sec.gov/edgar/browse/?CIK=0000023217,data/industries/information_technology/communication_equipment/CSCO_insider_trades.csv
JNJ,Johnson & Johnson,Health Care,Pharmaceuticals,2021-07-09,CONVICTION_BUY,229.18,2021-10-07,HOLDING_PERIOD_EXIT,264.66,90,15.48,1548.0,90,"C-Suite Conviction Buy: Insider_JNJ_2021_9 (Chief Financial Officer) open-market purchase of $542,946.00",0000200406-21-000009,https://www.sec.gov/edgar/browse/?CIK=0000200406,data/industries/health_care/pharmaceuticals/JNJ_insider_trades.csv
LMT,Lockheed Martin Corporation,Industrials,Aerospace & Defense,2021-07-12,CONVICTION_BUY,194.08,2021-10-10,HOLDING_PERIOD_EXIT,217.6,90,12.12,1212.0,70,"C-Suite Conviction Buy: Insider_LMT_2021_2 (Chief Financial Officer) open-market purchase of $167,552.00",0000936468-21-000002,https://www.sec.gov/edgar/browse/?CIK=0000936468,data/industries/industrials/aerospace_defense/LMT_insider_trades.csv
C,Citigroup Inc.,Financials,Banks - Diversified,2021-07-16,CONVICTION_BUY,123.0,2021-10-14,HOLDING_PERIOD_EXIT,134.22,90,9.12,912.0,70,"C-Suite Conviction Buy: Insider_C_2021_12 (Chief Financial Officer) open-market purchase of $141,534.00",0000831001-21-000012,https://www.sec.gov/edgar/browse/?CIK=0000831001,data/industries/financials/banks_diversified/C_insider_trades.csv
EBAY,eBay Inc.,Consumer Discretionary,Internet Retail,2021-07-16,CONVICTION_BUY,153.14,2021-10-14,HOLDING_PERIOD_EXIT,188.97,90,23.4,2340.0,80,"C-Suite Conviction Buy: Insider_EBAY_2021_5 (Chief Executive Officer) open-market purchase of $344,058.00",0001065088-21-000005,https://www.sec.gov/edgar/browse/?CIK=0001065088,data/industries/consumer_discretionary/internet_retail/EBAY_insider_trades.csv
UNH,UnitedHealth Group Incorporated,Health Care,Health Care Plans,2021-07-19,CONVICTION_BUY,121.5,2021-10-17,HOLDING_PERIOD_EXIT,158.53,90,30.48,3048.0,70,"C-Suite Conviction Buy: Insider_UNH_2021_4 (Chief Financial Officer) open-market purchase of $107,060.00",0000731766-21-000004,https://www.sec.gov/edgar/browse/?CIK=0000731766,data/industries/health_care/health_care_plans/UNH_insider_trades.csv
PEP,PepsiCo Inc.,Consumer Staples,Beverages - Non-Alcoholic,2021-07-19,HEAVY_SELL_EXIT,99.62,2021-08-18,STOP_LOSS_EXIT,87.67,30,-12.0,-1200.0,85,"Heavy Sell Exit: 2 executives sold $2,128,182.00 over 14 days",0000077476-21-000005,https://www.sec.gov/edgar/browse/?CIK=0000077476,data/industries/consumer_staples/beverages_non_alcoholic/PEP_insider_trades.csv
LIN,Linde plc,Materials,Specialty Chemicals,2021-07-20,HEAVY_SELL_EXIT,85.46,2021-09-30,TAKE_PROFIT_TARGET,119.64,72,40.0,4000.0,85,"Heavy Sell Exit: 2 executives sold $2,356,474.00 over 14 days",0001707925-21-000004,https://www.sec.gov/edgar/browse/?CIK=0001707925,data/industries/materials/specialty_chemicals/LIN_insider_trades.csv
LIN,Linde plc,Materials,Specialty Chemicals,2021-07-26,HEAVY_SELL_EXIT,271.44,2021-10-10,TAKE_PROFIT_TARGET,380.02,76,40.0,4000.0,90,"Heavy Sell Exit: 2 executives sold $3,083,201.00 over 14 days",0001707925-21-000005,https://www.sec.gov/edgar/browse/?CIK=0001707925,data/industries/materials/specialty_chemicals/LIN_insider_trades.csv
KO,The Coca-Cola Company,Consumer Staples,Beverages - Non-Alcoholic,2021-07-31,CONVICTION_BUY,159.11,2021-10-29,HOLDING_PERIOD_EXIT,175.34,90,10.2,1020.0,90,"C-Suite Conviction Buy: Insider_KO_2021_2 (Chief Executive Officer) open-market purchase of $845,284.00",0000021344-21-000002,https://www.sec.gov/edgar/browse/?CIK=0000021344,data/industries/consumer_staples/beverages_non_alcoholic/KO_insider_trades.csv
BA,The Boeing Company,Industrials,Aerospace & Defense,2021-08-12,CONVICTION_BUY,223.14,2021-11-10,HOLDING_PERIOD_EXIT,257.68,90,15.48,1548.0,95,"C-Suite Conviction Buy: Insider_BA_2021_4 (Chief Financial Officer) open-market purchase of $1,046,465.00",0000012927-21-000004,https://www.sec.gov/edgar/browse/?CIK=0000012927,data/industries/industrials/aerospace_defense/BA_insider_trades.csv
VZ,Verizon Communications Inc.,Communication Services,Telecom Services,2021-08-16,CONVICTION_BUY,220.45,2021-11-14,HOLDING_PERIOD_EXIT,301.13,90,36.6,3660.0,90,"C-Suite Conviction Buy: Insider_VZ_2021_2 (Chief Financial Officer) open-market purchase of $908,670.00",0000732712-21-000002,https://www.sec.gov/edgar/browse/?CIK=0000732712,data/industries/communication_services/telecom_services/VZ_insider_trades.csv
WFC,Wells Fargo & Company,Financials,Banks - Diversified,2021-08-26,CONVICTION_BUY,270.32,2021-11-24,HOLDING_PERIOD_EXIT,332.28,90,22.92,2292.0,90,"C-Suite Conviction Buy: Insider_WFC_2021_6 (Chief Financial Officer) open-market purchase of $566,580.00",0000072971-21-000006,https://www.sec.gov/edgar/browse/?CIK=0000072971,data/industries/financials/banks_diversified/WFC_insider_trades.csv
PEP,PepsiCo Inc.,Consumer Staples,Beverages - Non-Alcoholic,2021-08-27,HEAVY_SELL_EXIT,98.19,2021-11-25,HOLDING_PERIOD_EXIT,132.12,90,34.56,3456.0,90,"Heavy Sell Exit: 2 executives sold $3,159,859.00 over 14 days",0000077476-21-000011,https://www.sec.gov/edgar/browse/?CIK=0000077476,data/industries/consumer_staples/beverages_non_alcoholic/PEP_insider_trades.csv
LMT,Lockheed Martin Corporation,Industrials,Aerospace & Defense,2021-08-29,CONVICTION_BUY,217.81,2021-11-27,HOLDING_PERIOD_EXIT,247.87,90,13.8,1380.0,80,"C-Suite Conviction Buy: Insider_LMT_2021_14 (Chief Executive Officer) open-market purchase of $464,760.00",0000936468-21-000014,https://www.sec.gov/edgar/browse/?CIK=0000936468,data/industries/industrials/aerospace_defense/LMT_insider_trades.csv
LIN,Linde plc,Materials,Specialty Chemicals,2021-09-02,CONVICTION_BUY,236.81,2021-12-01,HOLDING_PERIOD_EXIT,301.03,90,27.12,2712.0,80,"C-Suite Conviction Buy: Insider_LIN_2021_6 (Chief Executive Officer) open-market purchase of $306,726.00",0001707925-21-000006,https://www.sec.gov/edgar/browse/?CIK=0001707925,data/industries/materials/specialty_chemicals/LIN_insider_trades.csv
VZ,Verizon Communications Inc.,Communication Services,Telecom Services,2021-09-07,CLUSTER_BUY,240.08,2021-12-06,HOLDING_PERIOD_EXIT,287.33,90,19.68,1968.0,75,"Cluster Buy Trigger: 2 independent insiders purchased $1,246,372.00 within 14 days",0000732712-21-000009,https://www.sec.gov/edgar/browse/?CIK=0000732712,data/industries/communication_services/telecom_services/VZ_insider_trades.csv
HD,The Home Depot Inc.,Consumer Discretionary,Home Improvement Retail,2021-09-13,CONVICTION_BUY,177.13,2021-11-27,TAKE_PROFIT_TARGET,247.98,75,40.0,4000.0,95,"C-Suite Conviction Buy: Insider_HD_2021_3 (Chief Financial Officer) open-market purchase of $1,197,369.00",0000354950-21-000003,https://www.sec.gov/edgar/browse/?CIK=0000354950,data/industries/consumer_discretionary/home_improvement_retail/HD_insider_trades.csv
LIN,Linde plc,Materials,Specialty Chemicals,2021-09-16,CONVICTION_BUY,260.03,2021-12-15,HOLDING_PERIOD_EXIT,339.29,90,30.48,3048.0,80,"C-Suite Conviction Buy: Insider_LIN_2021_6 (Chief Executive Officer) open-market purchase of $306,726.00",0001707925-21-000006,https://www.sec.gov/edgar/browse/?CIK=0001707925,data/industries/materials/specialty_chemicals/LIN_insider_trades.csv
CSCO,Cisco Systems Inc.,Information Technology,Communication Equipment,2021-09-23,HEAVY_SELL_EXIT,273.29,2021-12-22,HOLDING_PERIOD_EXIT,314.94,90,15.24,1524.0,80,"Heavy Sell Exit: 2 executives sold $1,946,095.00 over 14 days",0000023217-21-000001,https://www.sec.gov/edgar/browse/?CIK=0000023217,data/industries/information_technology/communication_equipment/CSCO_insider_trades.csv
CRWD,CrowdStrike Holdings Inc.,Information Technology,Software - Infrastructure,2021-09-25,CONVICTION_BUY,142.93,2021-12-24,HOLDING_PERIOD_EXIT,153.91,90,7.68,768.0,95,"C-Suite Conviction Buy: Insider_CRWD_2021_1 (Chief Financial Officer) open-market purchase of $1,168,860.00",0001535527-21-000001,https://www.sec.gov/edgar/browse/?CIK=0001535527,data/industries/information_technology/software_infrastructure/CRWD_insider_trades.csv
HD,The Home Depot Inc.,Consumer Discretionary,Home Improvement Retail,2021-09-26,CONVICTION_BUY,164.22,2021-12-25,HOLDING_PERIOD_EXIT,203.04,90,23.64,2364.0,95,"C-Suite Conviction Buy: Insider_HD_2021_3 (Chief Financial Officer) open-market purchase of $1,197,369.00",0000354950-21-000003,https://www.sec.gov/edgar/browse/?CIK=0000354950,data/industries/consumer_discretionary/home_improvement_retail/HD_insider_trades.csv
JNJ,Johnson & Johnson,Health Care,Pharmaceuticals,2021-09-30,HEAVY_SELL_EXIT,259.32,2021-12-29,HOLDING_PERIOD_EXIT,323.42,90,24.72,2472.0,80,"Heavy Sell Exit: 2 executives sold $1,786,003.00 over 14 days",0000200406-21-000004,https://www.sec.gov/edgar/browse/?CIK=0000200406,data/industries/health_care/pharmaceuticals/JNJ_insider_trades.csv
WFC,Wells Fargo & Company,Financials,Banks - Diversified,2021-10-02,HEAVY_SELL_EXIT,96.34,2021-12-31,HOLDING_PERIOD_EXIT,127.9,90,32.76,3276.0,85,"Heavy Sell Exit: 2 executives sold $2,112,588.00 over 14 days",0000072971-21-000012,https://www.sec.gov/edgar/browse/?CIK=0000072971,data/industries/financials/banks_diversified/WFC_insider_trades.csv
JNJ,Johnson & Johnson,Health Care,Pharmaceuticals,2021-10-05,HEAVY_SELL_EXIT,145.37,2022-01-03,HOLDING_PERIOD_EXIT,129.52,90,-10.9,-1090.0,80,"Heavy Sell Exit: 2 executives sold $1,786,003.00 over 14 days",0000200406-21-000004,https://www.sec.gov/edgar/browse/?CIK=0000200406,data/industries/health_care/pharmaceuticals/JNJ_insider_trades.csv
CVX,Chevron Corporation,Energy,Oil & Gas Integrated,2021-10-12,CONVICTION_BUY,140.58,2022-01-10,HOLDING_PERIOD_EXIT,169.09,90,20.28,2028.0,90,"C-Suite Conviction Buy: Insider_CVX_2021_3 (Chief Financial Officer) open-market purchase of $633,045.00",0000093410-21-000003,https://www.sec.gov/edgar/browse/?CIK=0000093410,data/industries/energy/oil_gas_integrated/CVX_insider_trades.csv
PANW,Palo Alto Networks Inc.,Information Technology,Software - Infrastructure,2021-10-15,CONVICTION_BUY,166.47,2022-01-13,HOLDING_PERIOD_EXIT,230.59,90,38.52,3852.0,80,"C-Suite Conviction Buy: Insider_PANW_2021_9 (Chief Executive Officer) open-market purchase of $277,900.00",0001326801-21-000009,https://www.sec.gov/edgar/browse/?CIK=0001326801,data/industries/information_technology/software_infrastructure/PANW_insider_trades.csv
SHW,The Sherwin-Williams Company,Materials,Specialty Chemicals,2021-10-16,HEAVY_SELL_EXIT,227.86,2021-12-21,TAKE_PROFIT_TARGET,319.0,66,40.0,4000.0,80,"Heavy Sell Exit: 2 executives sold $1,614,940.00 over 14 days",0000089800-21-000007,https://www.sec.gov/edgar/browse/?CIK=0000089800,data/industries/materials/specialty_chemicals/SHW_insider_trades.csv
CVX,Chevron Corporation,Energy,Oil & Gas Integrated,2021-10-20,CONVICTION_BUY,129.62,2021-12-29,TAKE_PROFIT_TARGET,181.47,70,40.0,4000.0,90,"C-Suite Conviction Buy: Insider_CVX_2021_3 (Chief Financial Officer) open-market purchase of $633,045.00",0000093410-21-000003,https://www.sec.gov/edgar/browse/?CIK=0000093410,data/industries/energy/oil_gas_integrated/CVX_insider_trades.csv
META,Meta Platforms Inc.,Communication Services,Internet Content & Information,2021-11-07,HEAVY_SELL_EXIT,92.79,2022-02-05,HOLDING_PERIOD_EXIT,124.86,90,34.56,3456.0,75,"Heavy Sell Exit: 3 executives sold $1,466,294.00 over 14 days",0001326801-21-000008,https://www.sec.gov/edgar/browse/?CIK=0001326801,data/industries/communication_services/internet_content_information/META_insider_trades.csv
BAC,Bank of America Corporation,Financials,Banks - Diversified,2021-11-11,HEAVY_SELL_EXIT,145.45,2022-02-09,HOLDING_PERIOD_EXIT,181.75,90,24.96,2496.0,80,"Heavy Sell Exit: 2 executives sold $1,597,571.00 over 14 days",0000070858-21-000007,https://www.sec.gov/edgar/browse/?CIK=0000070858,data/industries/financials/banks_diversified/BAC_insider_trades.csv
PEP,PepsiCo Inc.,Consumer Staples,Beverages - Non-Alcoholic,2021-11-13,HEAVY_SELL_EXIT,112.61,2022-02-11,HOLDING_PERIOD_EXIT,121.8,90,8.16,816.0,80,"Heavy Sell Exit: 2 executives sold $1,796,735.00 over 14 days",0000077476-21-000013,https://www.sec.gov/edgar/browse/?CIK=0000077476,data/industries/consumer_staples/beverages_non_alcoholic/PEP_insider_trades.csv
MSFT,Microsoft Corporation,Information Technology,Software - Infrastructure,2021-11-14,CONVICTION_BUY,129.42,2022-01-28,TAKE_PROFIT_TARGET,181.19,75,40.0,4000.0,90,"C-Suite Conviction Buy: Insider_MSFT_2021_6 (Chief Financial Officer) open-market purchase of $679,266.00",0000789019-21-000006,https://www.sec.gov/edgar/browse/?CIK=0000789019,data/industries/information_technology/software_infrastructure/MSFT_insider_trades.csv
BAC,Bank of America Corporation,Financials,Banks - Diversified,2021-11-17,HEAVY_SELL_EXIT,228.42,2022-02-15,HOLDING_PERIOD_EXIT,276.94,90,21.24,2124.0,80,"Heavy Sell Exit: 3 executives sold $1,929,287.00 over 14 days",0000070858-21-000007,https://www.sec.gov/edgar/browse/?CIK=0000070858,data/industries/financials/banks_diversified/BAC_insider_trades.csv
MU,Micron Technology Inc.,Information Technology,Semiconductors,2021-11-24,CLUSTER_BUY,80.59,2022-02-22,HOLDING_PERIOD_EXIT,97.51,90,21.0,2100.0,75,"Cluster Buy Trigger: 2 independent insiders purchased $1,881,320.00 within 14 days",0000072333-21-000007,https://www.sec.gov/edgar/browse/?CIK=0000072333,data/industries/information_technology/semiconductors/MU_insider_trades.csv
XOM,Exxon Mobil Corporation,Energy,Oil & Gas Integrated,2021-11-26,HEAVY_SELL_EXIT,147.83,2021-12-26,STOP_LOSS_EXIT,130.09,30,-12.0,-1200.0,75,"Heavy Sell Exit: 2 executives sold $1,244,250.00 over 14 days",0000034088-21-000005,https://www.sec.gov/edgar/browse/?CIK=0000034088,data/industries/energy/oil_gas_integrated/XOM_insider_trades.csv
LLY,Eli Lilly and Company,Health Care,Pharmaceuticals,2021-11-28,CONVICTION_BUY,134.72,2022-02-26,HOLDING_PERIOD_EXIT,145.07,90,7.68,768.0,90,"C-Suite Conviction Buy: Insider_LLY_2021_9 (Chief Executive Officer) open-market purchase of $653,070.00",0000059478-21-000009,https://www.sec.gov/edgar/browse/?CIK=0000059478,data/industries/health_care/pharmaceuticals/LLY_insider_trades.csv
CL,Colgate-Palmolive Company,Consumer Staples,Household & Personal Products,2021-11-28,CONVICTION_BUY,270.62,2022-02-26,HOLDING_PERIOD_EXIT,301.15,90,11.28,1128.0,95,"C-Suite Conviction Buy: Insider_CL_2021_2 (Chief Financial Officer) open-market purchase of $1,119,596.00",0000021665-21-000002,https://www.sec.gov/edgar/browse/?CIK=0000021665,data/industries/consumer_staples/household_personal_products/CL_insider_trades.csv
IBM,International Business Machines Corporation,Information Technology,IT Services,2021-11-29,CONVICTION_BUY,209.25,2022-02-27,HOLDING_PERIOD_EXIT,253.69,90,21.24,2124.0,70,"C-Suite Conviction Buy: Insider_IBM_2021_11 (Chief Executive Officer) open-market purchase of $104,629.00",0000051143-21-000011,https://www.sec.gov/edgar/browse/?CIK=0000051143,data/industries/information_technology/it_services/IBM_insider_trades.csv
NEE,NextEra Energy Inc.,Utilities,Utilities - Regulated Electric,2021-11-29,CONVICTION_BUY,102.74,2022-02-27,HOLDING_PERIOD_EXIT,131.96,90,28.44,2844.0,90,"C-Suite Conviction Buy: Insider_NEE_2021_8 (Chief Financial Officer) open-market purchase of $670,644.00",0000753308-21-000008,https://www.sec.gov/edgar/browse/?CIK=0000753308,data/industries/utilities/utilities_regulated_electric/NEE_insider_trades.csv
NFLX,Netflix Inc.,Communication Services,Entertainment,2021-12-03,HEAVY_SELL_EXIT,251.03,2022-02-17,TAKE_PROFIT_TARGET,351.44,76,40.0,4000.0,80,"Heavy Sell Exit: 2 executives sold $1,558,014.00 over 14 days",0001065280-21-000006,https://www.sec.gov/edgar/browse/?CIK=0001065280,data/industries/communication_services/entertainment/NFLX_insider_trades.csv
CVX,Chevron Corporation,Energy,Oil & Gas Integrated,2021-12-03,HEAVY_SELL_EXIT,224.74,2022-03-03,HOLDING_PERIOD_EXIT,252.79,90,12.48,1248.0,75,"Heavy Sell Exit: 2 executives sold $1,287,078.00 over 14 days",0000093410-21-000008,https://www.sec.gov/edgar/browse/?CIK=0000093410,data/industries/energy/oil_gas_integrated/CVX_insider_trades.csv
F,Ford Motor Company,Consumer Discretionary,Automotive,2021-12-04,CONVICTION_BUY,220.52,2022-03-04,HOLDING_PERIOD_EXIT,249.89,90,13.32,1332.0,95,"C-Suite Conviction Buy: Insider_F_2021_5 (Chief Executive Officer) open-market purchase of $1,096,700.00",0000037996-21-000005,https://www.sec.gov/edgar/browse/?CIK=0000037996,data/industries/consumer_discretionary/automotive/F_insider_trades.csv
GILD,Gilead Sciences Inc.,Health Care,Biotechnology,2021-12-08,CONVICTION_BUY,278.91,2022-03-08,HOLDING_PERIOD_EXIT,355.22,90,27.36,2736.0,95,"C-Suite Conviction Buy: Insider_GILD_2021_5 (Chief Executive Officer) open-market purchase of $1,422,003.00",0000882095-21-000005,https://www.sec.gov/edgar/browse/?CIK=0000882095,data/industries/health_care/biotechnology/GILD_insider_trades.csv
IBM,International Business Machines Corporation,Information Technology,IT Services,2021-12-09,CONVICTION_BUY,229.86,2022-03-09,HOLDING_PERIOD_EXIT,265.72,90,15.6,1560.0,70,"C-Suite Conviction Buy: Insider_IBM_2021_11 (Chief Executive Officer) open-market purchase of $104,629.00",0000051143-21-000011,https://www.sec.gov/edgar/browse/?CIK=0000051143,data/industries/information_technology/it_services/IBM_insider_trades.csv
AMGN,Amgen Inc.,Health Care,Biotechnology,2021-12-12,CONVICTION_BUY,221.94,2022-03-12,HOLDING_PERIOD_EXIT,306.9,90,38.28,3828.0,90,"C-Suite Conviction Buy: Insider_AMGN_2021_2 (Chief Executive Officer) open-market purchase of $961,200.00",0000031462-21-000002,https://www.sec.gov/edgar/browse/?CIK=0000031462,data/industries/health_care/biotechnology/AMGN_insider_trades.csv
IBM,International Business Machines Corporation,Information Technology,IT Services,2021-12-14,HEAVY_SELL_EXIT,132.38,2022-03-14,HOLDING_PERIOD_EXIT,155.73,90,17.64,1764.0,75,"Heavy Sell Exit: 2 executives sold $1,031,908.00 over 14 days",0000051143-21-000006,https://www.sec.gov/edgar/browse/?CIK=0000051143,data/industries/information_technology/it_services/IBM_insider_trades.csv
BAC,Bank of America Corporation,Financials,Banks - Diversified,2021-12-14,CONVICTION_BUY,128.45,2022-03-06,TAKE_PROFIT_TARGET,179.83,82,40.0,4000.0,70,"C-Suite Conviction Buy: Insider_BAC_2021_4 (Chief Financial Officer) open-market purchase of $246,003.00",0000070858-21-000004,https://www.sec.gov/edgar/browse/?CIK=0000070858,data/industries/financials/banks_diversified/BAC_insider_trades.csv
LOW,Lowe's Companies Inc.,Consumer Discretionary,Home Improvement Retail,2021-12-17,CONVICTION_BUY,223.55,2022-03-17,HOLDING_PERIOD_EXIT,295.71,90,32.28,3228.0,80,"C-Suite Conviction Buy: Insider_LOW_2021_5 (Chief Executive Officer) open-market purchase of $388,080.00",0000060667-21-000005,https://www.sec.gov/edgar/browse/?CIK=0000060667,data/industries/consumer_discretionary/home_improvement_retail/LOW_insider_trades.csv
LOW,Lowe's Companies Inc.,Consumer Discretionary,Home Improvement Retail,2021-12-17,CLUSTER_BUY,223.55,2022-03-17,HOLDING_PERIOD_EXIT,295.71,90,32.28,3228.0,75,"Cluster Buy Trigger: 2 independent insiders purchased $1,082,508.00 within 14 days",0000060667-21-000007,https://www.sec.gov/edgar/browse/?CIK=0000060667,data/industries/consumer_discretionary/home_improvement_retail/LOW_insider_trades.csv
GILD,Gilead Sciences Inc.,Health Care,Biotechnology,2021-12-18,CONVICTION_BUY,124.15,2022-03-18,HOLDING_PERIOD_EXIT,164.97,90,32.88,3288.0,95,"C-Suite Conviction Buy: Insider_GILD_2021_5 (Chief Executive Officer) open-market purchase of $1,422,003.00",0000882095-21-000005,https://www.sec.gov/edgar/browse/?CIK=0000882095,data/industries/health_care/biotechnology/GILD_insider_trades.csv
UPS,United Parcel Service Inc.,Industrials,Integrated Freight & Logistics,2021-12-18,CONVICTION_BUY,186.49,2022-03-18,HOLDING_PERIOD_EXIT,237.07,90,27.12,2712.0,95,"C-Suite Conviction Buy: Insider_UPS_2021_2 (Chief Executive Officer) open-market purchase of $1,258,440.00",0001090727-21-000002,https://www.sec.gov/edgar/browse/?CIK=0001090727,data/industries/industrials/integrated_freight_logistics/UPS_insider_trades.csv
FDX,FedEx Corporation,Industrials,Integrated Freight & Logistics,2021-12-22,CONVICTION_BUY,90.94,2022-03-22,HOLDING_PERIOD_EXIT,112.0,90,23.16,2316.0,95,"C-Suite Conviction Buy: Insider_FDX_2021_1 (Chief Financial Officer) open-market purchase of $1,799,325.00",0000036104-21-000001,https://www.sec.gov/edgar/browse/?CIK=0000036104,data/industries/industrials/integrated_freight_logistics/FDX_insider_trades.csv
FDX,FedEx Corporation,Industrials,Integrated Freight & Logistics,2021-12-22,CLUSTER_BUY,90.94,2022-03-22,HOLDING_PERIOD_EXIT,80.66,90,-11.3,-1130.0,75,"Cluster Buy Trigger: 2 independent insiders purchased $2,358,812.00 within 14 days",0000036104-21-000004,https://www.sec.gov/edgar/browse/?CIK=0000036104,data/industries/industrials/integrated_freight_logistics/FDX_insider_trades.csv
UPS,United Parcel Service Inc.,Industrials,Integrated Freight & Logistics,2021-12-25,CONVICTION_BUY,144.58,2022-03-25,HOLDING_PERIOD_EXIT,169.74,90,17.4,1740.0,95,"C-Suite Conviction Buy: Insider_UPS_2021_2 (Chief Executive Officer) open-market purchase of $1,258,440.00",0001090727-21-000002,https://www.sec.gov/edgar/browse/?CIK=0001090727,data/industries/industrials/integrated_freight_logistics/UPS_insider_trades.csv
LOW,Lowe's Companies Inc.,Consumer Discretionary,Home Improvement Retail,2021-12-30,CONVICTION_BUY,221.01,2022-03-30,HOLDING_PERIOD_EXIT,261.32,90,18.24,1824.0,80,"C-Suite Conviction Buy: Insider_LOW_2021_5 (Chief Executive Officer) open-market purchase of $388,080.00",0000060667-21-000005,https://www.sec.gov/edgar/browse/?CIK=0000060667,data/industries/consumer_discretionary/home_improvement_retail/LOW_insider_trades.csv
PLD,Prologis Inc.,Real Estate,REIT - Industrial,2022-01-03,CONVICTION_BUY,99.22,2022-04-03,HOLDING_PERIOD_EXIT,129.22,90,30.24,3024.0,95,"C-Suite Conviction Buy: Insider_PLD_2022_6 (Chief Financial Officer) open-market purchase of $1,444,400.00",0001045609-22-000006,https://www.sec.gov/edgar/browse/?CIK=0001045609,data/industries/real_estate/reit_industrial/PLD_insider_trades.csv
FDX,FedEx Corporation,Industrials,Integrated Freight & Logistics,2022-01-05,CONVICTION_BUY,195.29,2022-03-18,TAKE_PROFIT_TARGET,273.41,72,40.0,4000.0,95,"C-Suite Conviction Buy: Insider_FDX_2021_1 (Chief Financial Officer) open-market purchase of $1,799,325.00",0000036104-21-000001,https://www.sec.gov/edgar/browse/?CIK=0000036104,data/industries/industrials/integrated_freight_logistics/FDX_insider_trades.csv
PLD,Prologis Inc.,Real Estate,REIT - Industrial,2022-01-05,CONVICTION_BUY,197.99,2022-04-05,HOLDING_PERIOD_EXIT,219.85,90,11.04,1104.0,95,"C-Suite Conviction Buy: Insider_PLD_2022_6 (Chief Financial Officer) open-market purchase of $1,444,400.00",0001045609-22-000006,https://www.sec.gov/edgar/browse/?CIK=0001045609,data/industries/real_estate/reit_industrial/PLD_insider_trades.csv
PLD,Prologis Inc.,Real Estate,REIT - Industrial,2022-01-05,CLUSTER_BUY,197.99,2022-04-05,HOLDING_PERIOD_EXIT,219.85,90,11.04,1104.0,75,"Cluster Buy Trigger: 2 independent insiders purchased $1,585,891.00 within 14 days",0001045609-22-000006,https://www.sec.gov/edgar/browse/?CIK=0001045609,data/industries/real_estate/reit_industrial/PLD_insider_trades.csv
FDX,FedEx Corporation,Industrials,Integrated Freight & Logistics,2022-01-11,HEAVY_SELL_EXIT,209.67,2022-04-11,HOLDING_PERIOD_EXIT,186.61,90,-11.0,-1100.0,75,"Heavy Sell Exit: 2 executives sold $1,246,435.00 over 14 days",0000036104-22-000003,https://www.sec.gov/edgar/browse/?CIK=0000036104,data/industries/industrials/integrated_freight_logistics/FDX_insider_trades.csv
ABT,Abbott Laboratories,Health Care,Medical Devices,2022-01-16,CONVICTION_BUY,263.56,2022-04-16,HOLDING_PERIOD_EXIT,305.94,90,16.08,1608.0,95,"C-Suite Conviction Buy: Insider_ABT_2022_11 (Chief Executive Officer) open-market purchase of $1,057,677.00",0000001800-22-000011,https://www.sec.gov/edgar/browse/?CIK=0000001800,data/industries/health_care/medical_devices/ABT_insider_trades.csv
MSFT,Microsoft Corporation,Information Technology,Software - Infrastructure,2022-01-19,HEAVY_SELL_EXIT,99.44,2022-04-17,TAKE_PROFIT_TARGET,139.22,88,40.0,4000.0,75,"Heavy Sell Exit: 2 executives sold $1,054,268.00 over 14 days",0000789019-22-000013,https://www.sec.gov/edgar/browse/?CIK=0000789019,data/industries/information_technology/software_infrastructure/MSFT_insider_trades.csv
TMUS,T-Mobile US Inc.,Communication Services,Telecom Services,2022-01-21,CONVICTION_BUY,81.39,2022-04-21,HOLDING_PERIOD_EXIT,104.93,90,28.92,2892.0,90,"C-Suite Conviction Buy: Insider_TMUS_2022_1 (Chief Financial Officer) open-market purchase of $813,878.00",0001283699-22-000001,https://www.sec.gov/edgar/browse/?CIK=0001283699,data/industries/communication_services/telecom_services/TMUS_insider_trades.csv
TMUS,T-Mobile US Inc.,Communication Services,Telecom Services,2022-01-23,CONVICTION_BUY,176.26,2022-04-23,HOLDING_PERIOD_EXIT,229.98,90,30.48,3048.0,90,"C-Suite Conviction Buy: Insider_TMUS_2022_1 (Chief Financial Officer) open-market purchase of $813,878.00",0001283699-22-000001,https://www.sec.gov/edgar/browse/?CIK=0001283699,data/industries/communication_services/telecom_services/TMUS_insider_trades.csv
TMUS,T-Mobile US Inc.,Communication Services,Telecom Services,2022-01-23,CLUSTER_BUY,176.26,2022-04-23,HOLDING_PERIOD_EXIT,229.98,90,30.48,3048.0,75,"Cluster Buy Trigger: 2 independent insiders purchased $897,650.00 within 14 days",0001283699-22-000001,https://www.sec.gov/edgar/browse/?CIK=0001283699,data/industries/communication_services/telecom_services/TMUS_insider_trades.csv
PFE,Pfizer Inc.,Health Care,Pharmaceuticals,2022-01-26,HEAVY_SELL_EXIT,187.63,2022-04-06,TAKE_PROFIT_TARGET,262.68,70,40.0,4000.0,80,"Heavy Sell Exit: 2 executives sold $1,673,699.00 over 14 days",0000078003-22-000011,https://www.sec.gov/edgar/browse/?CIK=0000078003,data/industries/health_care/pharmaceuticals/PFE_insider_trades.csv
LLY,Eli Lilly and Company,Health Care,Pharmaceuticals,2022-02-02,HEAVY_SELL_EXIT,210.38,2022-05-03,HOLDING_PERIOD_EXIT,289.4,90,37.56,3756.0,90,"Heavy Sell Exit: 2 executives sold $2,823,904.00 over 14 days",0000059478-22-000011,https://www.sec.gov/edgar/browse/?CIK=0000059478,data/industries/health_care/pharmaceuticals/LLY_insider_trades.csv
GS,The Goldman Sachs Group Inc.,Financials,Capital Markets,2022-02-10,HEAVY_SELL_EXIT,119.51,2022-05-11,HOLDING_PERIOD_EXIT,137.15,90,14.76,1476.0,80,"Heavy Sell Exit: 2 executives sold $1,682,690.00 over 14 days",0000886982-22-000005,https://www.sec.gov/edgar/browse/?CIK=0000886982,data/industries/financials/capital_markets/GS_insider_trades.csv
AMD,Advanced Micro Devices Inc.,Information Technology,Semiconductors,2022-02-20,CONVICTION_BUY,91.85,2022-05-21,HOLDING_PERIOD_EXIT,81.56,90,-11.2,-1120.0,80,"C-Suite Conviction Buy: Insider_AMD_2022_2 (Chief Financial Officer) open-market purchase of $483,120.00",0000002488-22-000002,https://www.sec.gov/edgar/browse/?CIK=0000002488,data/industries/information_technology/semiconductors/AMD_insider_trades.csv
COP,ConocoPhillips,Energy,Oil & Gas E&P,2022-02-20,HEAVY_SELL_EXIT,86.98,2022-03-22,STOP_LOSS_EXIT,76.54,30,-12.0,-1200.0,75,"Heavy Sell Exit: 2 executives sold $1,243,366.00 over 14 days",0001163165-22-000004,https://www.sec.gov/edgar/browse/?CIK=0001163165,data/industries/energy/oil_gas_ep/COP_insider_trades.csv
QCOM,QUALCOMM Incorporated,Information Technology,Semiconductors,2022-03-09,CONVICTION_BUY,99.47,2022-06-07,HOLDING_PERIOD_EXIT,114.75,90,15.36,1536.0,95,"C-Suite Conviction Buy: Insider_QCOM_2022_1 (Chief Executive Officer) open-market purchase of $1,333,486.00",0000804328-22-000001,https://www.sec.gov/edgar/browse/?CIK=0000804328,data/industries/information_technology/semiconductors/QCOM_insider_trades.csv
LIN,Linde plc,Materials,Specialty Chemicals,2022-03-09,HEAVY_SELL_EXIT,121.11,2022-04-08,STOP_LOSS_EXIT,106.58,30,-12.0,-1200.0,90,"Heavy Sell Exit: 2 executives sold $3,158,620.00 over 14 days",0001707925-22-000007,https://www.sec.gov/edgar/browse/?CIK=0001707925,data/industries/materials/specialty_chemicals/LIN_insider_trades.csv
UPS,United Parcel Service Inc.,Industrials,Integrated Freight & Logistics,2022-03-10,CONVICTION_BUY,209.51,2022-06-08,HOLDING_PERIOD_EXIT,253.51,90,21.0,2100.0,90,"C-Suite Conviction Buy: Insider_UPS_2022_1 (Chief Executive Officer) open-market purchase of $570,758.00",0001090727-22-000001,https://www.sec.gov/edgar/browse/?CIK=0001090727,data/industries/industrials/integrated_freight_logistics/UPS_insider_trades.csv
CRWD,CrowdStrike Holdings Inc.,Information Technology,Software - Infrastructure,2022-03-14,CONVICTION_BUY,273.78,2022-06-12,HOLDING_PERIOD_EXIT,323.72,90,18.24,1824.0,90,"C-Suite Conviction Buy: Insider_CRWD_2022_5 (Chief Financial Officer) open-market purchase of $671,181.00",0001535527-22-000005,https://www.sec.gov/edgar/browse/?CIK=0001535527,data/industries/information_technology/software_infrastructure/CRWD_insider_trades.csv
DIS,The Walt Disney Company,Communication Services,Entertainment,2022-03-18,HEAVY_SELL_EXIT,125.0,2022-06-16,HOLDING_PERIOD_EXIT,160.55,90,28.44,2844.0,75,"Heavy Sell Exit: 2 executives sold $1,304,777.00 over 14 days",0001744489-22-000005,https://www.sec.gov/edgar/browse/?CIK=0001744489,data/industries/communication_services/entertainment/DIS_insider_trades.csv
AAPL,Apple Inc.,Information Technology,Consumer Electronics,2022-03-21,HEAVY_SELL_EXIT,227.3,2022-05-26,TAKE_PROFIT_TARGET,318.22,66,40.0,4000.0,80,"Heavy Sell Exit: 2 executives sold $1,538,648.00 over 14 days",0000320193-22-000011,https://www.sec.gov/edgar/browse/?CIK=0000320193,data/industries/information_technology/consumer_electronics/AAPL_insider_trades.csv
AAPL,Apple Inc.,Information Technology,Consumer Electronics,2022-03-25,HEAVY_SELL_EXIT,195.18,2022-06-08,TAKE_PROFIT_TARGET,273.25,75,40.0,4000.0,80,"Heavy Sell Exit: 2 executives sold $1,538,648.00 over 14 days",0000320193-22-000011,https://www.sec.gov/edgar/browse/?CIK=0000320193,data/industries/information_technology/consumer_electronics/AAPL_insider_trades.csv
VRTX,Vertex Pharmaceuticals Incorporated,Health Care,Biotechnology,2022-03-26,CLUSTER_BUY,236.96,2022-04-25,STOP_LOSS_EXIT,208.52,30,-12.0,-1200.0,75,"Cluster Buy Trigger: 2 independent insiders purchased $2,737,242.00 within 14 days",0000875320-22-000009,https://www.sec.gov/edgar/browse/?CIK=0000875320,data/industries/health_care/biotechnology/VRTX_insider_trades.csv
AMZN,Amazon.com Inc.,Consumer Discretionary,Internet Retail,2022-03-29,HEAVY_SELL_EXIT,218.69,2022-06-27,TAKE_PROFIT_TARGET,306.17,90,40.0,4000.0,80,"Heavy Sell Exit: 2 executives sold $1,634,752.00 over 14 days",0001018724-22-000003,https://www.sec.gov/edgar/browse/?CIK=0001018724,data/industries/consumer_discretionary/internet_retail/AMZN_insider_trades.csv
VRTX,Vertex Pharmaceuticals Incorporated,Health Care,Biotechnology,2022-04-02,CLUSTER_BUY,208.4,2022-05-02,STOP_LOSS_EXIT,183.39,30,-12.0,-1200.0,85,"Cluster Buy Trigger: 3 independent insiders purchased $3,741,882.00 within 14 days",0000875320-22-000009,https://www.sec.gov/edgar/browse/?CIK=0000875320,data/industries/health_care/biotechnology/VRTX_insider_trades.csv
PANW,Palo Alto Networks Inc.,Information Technology,Software - Infrastructure,2022-04-05,CONVICTION_BUY,120.04,2022-07-04,HOLDING_PERIOD_EXIT,143.81,90,19.8,1980.0,95,"C-Suite Conviction Buy: Insider_PANW_2022_12 (Chief Financial Officer) open-market purchase of $1,612,981.00",0001326801-22-000012,https://www.sec.gov/edgar/browse/?CIK=0001326801,data/industries/information_technology/software_infrastructure/PANW_insider_trades.csv
TXN,Texas Instruments Incorporated,Information Technology,Semiconductors,2022-04-06,CLUSTER_BUY,276.02,2022-07-05,HOLDING_PERIOD_EXIT,296.56,90,7.44,744.0,75,"Cluster Buy Trigger: 2 independent insiders purchased $1,268,556.00 within 14 days",0000097476-22-000001,https://www.sec.gov/edgar/browse/?CIK=0000097476,data/industries/information_technology/semiconductors/TXN_insider_trades.csv
ACN,Accenture plc,Information Technology,IT Services,2022-04-13,CONVICTION_BUY,153.2,2022-07-12,HOLDING_PERIOD_EXIT,136.5,90,-10.9,-1090.0,80,"C-Suite Conviction Buy: Insider_ACN_2022_5 (Chief Financial Officer) open-market purchase of $254,661.00",0001467373-22-000005,https://www.sec.gov/edgar/browse/?CIK=0001467373,data/industries/information_technology/it_services/ACN_insider_trades.csv
BA,The Boeing Company,Industrials,Aerospace & Defense,2022-04-13,CONVICTION_BUY,277.68,2022-07-12,HOLDING_PERIOD_EXIT,359.65,90,29.52,2952.0,95,"C-Suite Conviction Buy: Insider_BA_2022_13 (Chief Financial Officer) open-market purchase of $1,006,200.00",0000012927-22-000013,https://www.sec.gov/edgar/browse/?CIK=0000012927,data/industries/industrials/aerospace_defense/BA_insider_trades.csv
PANW,Palo Alto Networks Inc.,Information Technology,Software - Infrastructure,2022-04-14,CONVICTION_BUY,151.41,2022-07-13,HOLDING_PERIOD_EXIT,163.22,90,7.8,780.0,95,"C-Suite Conviction Buy: Insider_PANW_2022_12 (Chief Financial Officer) open-market purchase of $1,612,981.00",0001326801-22-000012,https://www.sec.gov/edgar/browse/?CIK=0001326801,data/industries/information_technology/software_infrastructure/PANW_insider_trades.csv
AMGN,Amgen Inc.,Health Care,Biotechnology,2022-04-16,CONVICTION_BUY,128.32,2022-07-15,HOLDING_PERIOD_EXIT,160.81,90,25.32,2532.0,90,"C-Suite Conviction Buy: Insider_AMGN_2022_1 (Chief Executive Officer) open-market purchase of $820,512.00",0000031462-22-000001,https://www.sec.gov/edgar/browse/?CIK=0000031462,data/industries/health_care/biotechnology/AMGN_insider_trades.csv
SYK,Stryker Corporation,Health Care,Medical Devices,2022-04-16,CONVICTION_BUY,210.04,2022-07-15,HOLDING_PERIOD_EXIT,232.47,90,10.68,1068.0,90,"C-Suite Conviction Buy: Insider_SYK_2022_3 (Chief Executive Officer) open-market purchase of $903,875.00",0000310764-22-000003,https://www.sec.gov/edgar/browse/?CIK=0000310764,data/industries/health_care/medical_devices/SYK_insider_trades.csv
MU,Micron Technology Inc.,Information Technology,Semiconductors,2022-04-19,HEAVY_SELL_EXIT,83.61,2022-06-26,TAKE_PROFIT_TARGET,117.05,68,40.0,4000.0,90,"Heavy Sell Exit: 2 executives sold $2,551,471.00 over 14 days",0000072333-22-000001,https://www.sec.gov/edgar/browse/?CIK=0000072333,data/industries/information_technology/semiconductors/MU_insider_trades.csv
MU,Micron Technology Inc.,Information Technology,Semiconductors,2022-04-24,CONVICTION_BUY,215.04,2022-05-24,STOP_LOSS_EXIT,189.24,30,-12.0,-1200.0,95,"C-Suite Conviction Buy: Insider_MU_2022_2 (Chief Executive Officer) open-market purchase of $1,411,740.00",0000072333-22-000002,https://www.sec.gov/edgar/browse/?CIK=0000072333,data/industries/information_technology/semiconductors/MU_insider_trades.csv
MU,Micron Technology Inc.,Information Technology,Semiconductors,2022-04-24,HEAVY_SELL_EXIT,215.04,2022-05-24,STOP_LOSS_EXIT,189.24,30,-12.0,-1200.0,90,"Heavy Sell Exit: 2 executives sold $2,551,471.00 over 14 days",0000072333-22-000001,https://www.sec.gov/edgar/browse/?CIK=0000072333,data/industries/information_technology/semiconductors/MU_insider_trades.csv
MSFT,Microsoft Corporation,Information Technology,Software - Infrastructure,2022-04-28,CONVICTION_BUY,126.94,2022-07-27,HOLDING_PERIOD_EXIT,154.66,90,21.84,2184.0,80,"C-Suite Conviction Buy: Insider_MSFT_2022_6 (Chief Executive Officer) open-market purchase of $295,884.00",0000789019-22-000006,https://www.sec.gov/edgar/browse/?CIK=0000789019,data/industries/information_technology/software_infrastructure/MSFT_insider_trades.csv
RTX,RTX Corporation,Industrials,Aerospace & Defense,2022-04-28,CONVICTION_BUY,188.58,2022-07-27,HOLDING_PERIOD_EXIT,216.19,90,14.64,1464.0,90,"C-Suite Conviction Buy: Insider_RTX_2022_7 (Chief Executive Officer) open-market purchase of $778,924.00",0000101829-22-000007,https://www.sec.gov/edgar/browse/?CIK=0000101829,data/industries/industrials/aerospace_defense/RTX_insider_trades.csv
SNPS,Synopsys Inc.,Information Technology,Software - Infrastructure,2022-05-05,CONVICTION_BUY,140.67,2022-08-03,HOLDING_PERIOD_EXIT,188.61,90,34.08,3408.0,80,"C-Suite Conviction Buy: Insider_SNPS_2022_9 (Chief Executive Officer) open-market purchase of $299,628.00",0000883241-22-000009,https://www.sec.gov/edgar/browse/?CIK=0000883241,data/industries/information_technology/software_infrastructure/SNPS_insider_trades.csv
CB,Chubb Limited,Financials,Insurance - Property & Casualty,2022-05-05,HEAVY_SELL_EXIT,224.97,2022-07-19,TAKE_PROFIT_TARGET,314.96,75,40.0,4000.0,75,"Heavy Sell Exit: 2 executives sold $1,469,186.00 over 14 days",0001559720-22-000007,https://www.sec.gov/edgar/browse/?CIK=0001559720,data/industries/financials/insurance_property_casualty/CB_insider_trades.csv
GOOGL,Alphabet Inc.,Communication Services,Internet Content & Information,2022-05-11,CONVICTION_BUY,201.76,2022-08-09,HOLDING_PERIOD_EXIT,276.57,90,37.08,3708.0,90,"C-Suite Conviction Buy: Insider_GOOGL_2022_4 (Chief Executive Officer) open-market purchase of $558,360.00",0001652044-22-000004,https://www.sec.gov/edgar/browse/?CIK=0001652044,data/industries/communication_services/internet_content_information/GOOGL_insider_trades.csv
GOOGL,Alphabet Inc.,Communication Services,Internet Content & Information,2022-05-11,CLUSTER_BUY,201.76,2022-08-09,HOLDING_PERIOD_EXIT,276.57,90,37.08,3708.0,75,"Cluster Buy Trigger: 2 independent insiders purchased $1,035,460.00 within 14 days",0001652044-22-000014,https://www.sec.gov/edgar/browse/?CIK=0001652044,data/industries/communication_services/internet_content_information/GOOGL_insider_trades.csv
SNPS,Synopsys Inc.,Information Technology,Software - Infrastructure,2022-05-12,CONVICTION_BUY,173.66,2022-08-10,HOLDING_PERIOD_EXIT,212.21,90,22.2,2220.0,80,"C-Suite Conviction Buy: Insider_SNPS_2022_9 (Chief Executive Officer) open-market purchase of $299,628.00",0000883241-22-000009,https://www.sec.gov/edgar/browse/?CIK=0000883241,data/industries/information_technology/software_infrastructure/SNPS_insider_trades.csv
INTC,Intel Corporation,Information Technology,Semiconductors,2022-05-15,CLUSTER_BUY,249.63,2022-08-13,HOLDING_PERIOD_EXIT,329.31,90,31.92,3192.0,75,"Cluster Buy Trigger: 2 independent insiders purchased $1,018,820.00 within 14 days",0000050863-22-000007,https://www.sec.gov/edgar/browse/?CIK=0000050863,data/industries/information_technology/semiconductors/INTC_insider_trades.csv
DE,Deere & Company,Industrials,Industrial Machinery,2022-05-26,CONVICTION_BUY,82.34,2022-08-24,HOLDING_PERIOD_EXIT,111.78,90,35.76,3576.0,90,"C-Suite Conviction Buy: Insider_DE_2022_2 (Chief Executive Officer) open-market purchase of $508,369.00",0000315189-22-000002,https://www.sec.gov/edgar/browse/?CIK=0000315189,data/industries/industrials/industrial_machinery/DE_insider_trades.csv
VRTX,Vertex Pharmaceuticals Incorporated,Health Care,Biotechnology,2022-05-28,CONVICTION_BUY,232.31,2022-08-26,HOLDING_PERIOD_EXIT,315.11,90,35.64,3564.0,80,"C-Suite Conviction Buy: Insider_VRTX_2022_2 (Chief Financial Officer) open-market purchase of $333,690.00",0000875320-22-000002,https://www.sec.gov/edgar/browse/?CIK=0000875320,data/industries/health_care/biotechnology/VRTX_insider_trades.csv
LMT,Lockheed Martin Corporation,Industrials,Aerospace & Defense,2022-05-28,HEAVY_SELL_EXIT,185.12,2022-08-26,HOLDING_PERIOD_EXIT,212.89,90,15.0,1500.0,75,"Heavy Sell Exit: 2 executives sold $1,217,905.00 over 14 days",0000936468-22-000004,https://www.sec.gov/edgar/browse/?CIK=0000936468,data/industries/industrials/aerospace_defense/LMT_insider_trades.csv
VRTX,Vertex Pharmaceuticals Incorporated,Health Care,Biotechnology,2022-06-01,CONVICTION_BUY,143.29,2022-08-30,HOLDING_PERIOD_EXIT,164.96,90,15.12,1512.0,80,"C-Suite Conviction Buy: Insider_VRTX_2022_2 (Chief Financial Officer) open-market purchase of $333,690.00",0000875320-22-000002,https://www.sec.gov/edgar/browse/?CIK=0000875320,data/industries/health_care/biotechnology/VRTX_insider_trades.csv
VRTX,Vertex Pharmaceuticals Incorporated,Health Care,Biotechnology,2022-06-01,CLUSTER_BUY,143.29,2022-08-30,HOLDING_PERIOD_EXIT,164.96,90,15.12,1512.0,75,"Cluster Buy Trigger: 2 independent insiders purchased $2,258,199.00 within 14 days",0000875320-22-000002,https://www.sec.gov/edgar/browse/?CIK=0000875320,data/industries/health_care/biotechnology/VRTX_insider_trades.csv
JPM,JPMorgan Chase & Co.,Financials,Banks - Diversified,2022-06-08,CLUSTER_BUY,211.48,2022-08-24,TAKE_PROFIT_TARGET,296.07,77,40.0,4000.0,75,"Cluster Buy Trigger: 2 independent insiders purchased $782,392.00 within 14 days",0000019617-22-000012,https://www.sec.gov/edgar/browse/?CIK=0000019617,data/industries/financials/banks_diversified/JPM_insider_trades.csv
VRTX,Vertex Pharmaceuticals Incorporated,Health Care,Biotechnology,2022-06-13,CLUSTER_BUY,231.1,2022-09-11,HOLDING_PERIOD_EXIT,299.6,90,29.64,2964.0,75,"Cluster Buy Trigger: 2 independent insiders purchased $2,034,849.00 within 14 days",0000875320-22-000005,https://www.sec.gov/edgar/browse/?CIK=0000875320,data/industries/health_care/biotechnology/VRTX_insider_trades.csv
TGT,Target Corporation,Consumer Staples,Discount Stores,2022-06-14,CONVICTION_BUY,167.11,2022-09-12,HOLDING_PERIOD_EXIT,203.21,90,21.6,2160.0,90,"C-Suite Conviction Buy: Insider_TGT_2022_4 (Chief Financial Officer) open-market purchase of $674,696.00",0000027419-22-000004,https://www.sec.gov/edgar/browse/?CIK=0000027419,data/industries/consumer_staples/discount_stores/TGT_insider_trades.csv
NVDA,NVIDIA Corporation,Information Technology,Semiconductors,2022-06-15,CONVICTION_BUY,92.28,2022-07-15,STOP_LOSS_EXIT,81.21,30,-12.0,-1200.0,95,"C-Suite Conviction Buy: NVDA_CFO_Conviction (Chief Financial Officer) open-market purchase of $1,218,100.00",0001045810-22-99999CFO,https://www.sec.gov/edgar/browse/?CIK=0001045810,data/industries/information_technology/semiconductors/NVDA_insider_trades.csv
NVDA,NVIDIA Corporation,Information Technology,Semiconductors,2022-06-15,CLUSTER_BUY,92.28,2022-07-15,STOP_LOSS_EXIT,81.21,30,-12.0,-1200.0,75,"Cluster Buy Trigger: 2 independent insiders purchased $2,320,850.00 within 14 days",0001045810-22-99999CFO,https://www.sec.gov/edgar/browse/?CIK=0001045810,data/industries/information_technology/semiconductors/NVDA_insider_trades.csv
AMD,Advanced Micro Devices Inc.,Information Technology,Semiconductors,2022-06-15,CONVICTION_BUY,184.5,2022-09-13,HOLDING_PERIOD_EXIT,217.49,90,17.88,1788.0,95,"C-Suite Conviction Buy: AMD_CFO_Conviction (Chief Financial Officer) open-market purchase of $1,085,350.00",0000002488-22-99999CFO,https://www.sec.gov/edgar/browse/?CIK=0000002488,data/industries/information_technology/semiconductors/AMD_insider_trades.csv
AMD,Advanced Micro Devices Inc.,Information Technology,Semiconductors,2022-06-15,CLUSTER_BUY,184.5,2022-09-13,HOLDING_PERIOD_EXIT,164.39,90,-10.9,-1090.0,75,"Cluster Buy Trigger: 2 independent insiders purchased $2,272,600.00 within 14 days",0000002488-22-99999CFO,https://www.sec.gov/edgar/browse/?CIK=0000002488,data/industries/information_technology/semiconductors/AMD_insider_trades.csv
MSFT,Microsoft Corporation,Information Technology,Software - Infrastructure,2022-06-15,CONVICTION_BUY,177.64,2022-09-13,HOLDING_PERIOD_EXIT,231.15,90,30.12,3012.0,90,"C-Suite Conviction Buy: MSFT_CEO_Conviction (Chief Executive Officer) open-market purchase of $715,300.00",0000789019-22-99999CEO,https://www.sec.gov/edgar/browse/?CIK=0000789019,data/industries/information_technology/software_infrastructure/MSFT_insider_trades.csv
MSFT,Microsoft Corporation,Information Technology,Software - Infrastructure,2022-06-15,CLUSTER_BUY,177.64,2022-09-13,HOLDING_PERIOD_EXIT,231.15,90,30.12,3012.0,75,"Cluster Buy Trigger: 2 independent insiders purchased $1,840,700.00 within 14 days",0000789019-22-99999CEO,https://www.sec.gov/edgar/browse/?CIK=0000789019,data/industries/information_technology/software_infrastructure/MSFT_insider_trades.csv
AAPL,Apple Inc.,Information Technology,Consumer Electronics,2022-06-15,CONVICTION_BUY,188.72,2022-07-15,STOP_LOSS_EXIT,166.07,30,-12.0,-1200.0,90,"C-Suite Conviction Buy: AAPL_CEO_Conviction (Chief Executive Officer) open-market purchase of $739,250.00",0000320193-22-99999CEO,https://www.sec.gov/edgar/browse/?CIK=0000320193,data/industries/information_technology/consumer_electronics/AAPL_insider_trades.csv
AAPL,Apple Inc.,Information Technology,Consumer Electronics,2022-06-15,CLUSTER_BUY,188.72,2022-07-15,STOP_LOSS_EXIT,166.07,30,-12.0,-1200.0,85,"Cluster Buy Trigger: 3 independent insiders purchased $1,597,284.00 within 14 days",0000320193-22-000008,https://www.sec.gov/edgar/browse/?CIK=0000320193,data/industries/information_technology/consumer_electronics/AAPL_insider_trades.csv
AMGN,Amgen Inc.,Health Care,Biotechnology,2022-06-15,CONVICTION_BUY,133.98,2022-09-13,HOLDING_PERIOD_EXIT,177.39,90,32.4,3240.0,90,"C-Suite Conviction Buy: AMGN_CFO_Conviction (Chief Financial Officer) open-market purchase of $746,250.00",0000031462-22-99999CFO,https://www.sec.gov/edgar/browse/?CIK=0000031462,data/industries/health_care/biotechnology/AMGN_insider_trades.csv
AMGN,Amgen Inc.,Health Care,Biotechnology,2022-06-15,CLUSTER_BUY,133.98,2022-09-13,HOLDING_PERIOD_EXIT,177.39,90,32.4,3240.0,75,"Cluster Buy Trigger: 2 independent insiders purchased $1,338,750.00 within 14 days",0000031462-22-99999CFO,https://www.sec.gov/edgar/browse/?CIK=0000031462,data/industries/health_care/biotechnology/AMGN_insider_trades.csv
JPM,JPMorgan Chase & Co.,Financials,Banks - Diversified,2022-06-15,CONVICTION_BUY,211.57,2022-08-23,TAKE_PROFIT_TARGET,296.2,69,40.0,4000.0,90,"C-Suite Conviction Buy: JPM_CFO_Conviction (Chief Financial Officer) open-market purchase of $739,650.00",0000019617-22-99999CFO,https://www.sec.gov/edgar/browse/?CIK=0000019617,data/industries/financials/banks_diversified/JPM_insider_trades.csv
JPM,JPMorgan Chase & Co.,Financials,Banks - Diversified,2022-06-15,CLUSTER_BUY,211.57,2022-08-23,TAKE_PROFIT_TARGET,296.2,69,40.0,4000.0,85,"Cluster Buy Trigger: 3 independent insiders purchased $1,626,712.00 within 14 days",0000019617-22-000003,https://www.sec.gov/edgar/browse/?CIK=0000019617,data/industries/financials/banks_diversified/JPM_insider_trades.csv
V,Visa Inc.,Financials,Credit Services,2022-06-15,CONVICTION_BUY,277.71,2022-09-13,HOLDING_PERIOD_EXIT,311.7,90,12.24,1224.0,90,"C-Suite Conviction Buy: V_CFO_Conviction (Chief Financial Officer) open-market purchase of $901,550.00",0001403161-22-99999CFO,https://www.sec.gov/edgar/browse/?CIK=0001403161,data/industries/financials/credit_services/V_insider_trades.csv
V,Visa Inc.,Financials,Credit Services,2022-06-15,CLUSTER_BUY,277.71,2022-09-13,HOLDING_PERIOD_EXIT,311.7,90,12.24,1224.0,75,"Cluster Buy Trigger: 2 independent insiders purchased $2,056,350.00 within 14 days",0001403161-22-99999CFO,https://www.sec.gov/edgar/browse/?CIK=0001403161,data/industries/financials/credit_services/V_insider_trades.csv
TSLA,Tesla Inc.,Consumer Discretionary,Automotive,2022-06-15,CONVICTION_BUY,135.46,2022-09-13,HOLDING_PERIOD_EXIT,171.22,90,26.4,2640.0,95,"C-Suite Conviction Buy: TSLA_CFO_Conviction (Chief Financial Officer) open-market purchase of $1,123,350.00",0001318605-22-99999CFO,https://www.sec.gov/edgar/browse/?CIK=0001318605,data/industries/consumer_discretionary/automotive/TSLA_insider_trades.csv
TSLA,Tesla Inc.,Consumer Discretionary,Automotive,2022-06-15,CLUSTER_BUY,135.46,2022-09-13,HOLDING_PERIOD_EXIT,171.22,90,26.4,2640.0,75,"Cluster Buy Trigger: 2 independent insiders purchased $2,360,150.00 within 14 days",0001318605-22-99999CFO,https://www.sec.gov/edgar/browse/?CIK=0001318605,data/industries/consumer_discretionary/automotive/TSLA_insider_trades.csv
MSFT,Microsoft Corporation,Information Technology,Software - Infrastructure,2022-06-17,CONVICTION_BUY,136.59,2022-09-15,HOLDING_PERIOD_EXIT,121.02,90,-11.4,-1140.0,90,"C-Suite Conviction Buy: MSFT_CEO_Conviction (Chief Executive Officer) open-market purchase of $715,300.00",0000789019-22-99999CEO,https://www.sec.gov/edgar/browse/?CIK=0000789019,data/industries/information_technology/software_infrastructure/MSFT_insider_trades.csv
MSFT,Microsoft Corporation,Information Technology,Software - Infrastructure,2022-06-17,CLUSTER_BUY,136.59,2022-09-15,HOLDING_PERIOD_EXIT,121.02,90,-11.4,-1140.0,85,"Cluster Buy Trigger: 3 independent insiders purchased $2,561,364.00 within 14 days",0000789019-22-99999CEO,https://www.sec.gov/edgar/browse/?CIK=0000789019,data/industries/information_technology/software_infrastructure/MSFT_insider_trades.csv
MSFT,Microsoft Corporation,Information Technology,Software - Infrastructure,2022-06-18,CONVICTION_BUY,212.13,2022-09-16,HOLDING_PERIOD_EXIT,254.64,90,20.04,2004.0,90,"C-Suite Conviction Buy: MSFT_CEO_Conviction (Chief Executive Officer) open-market purchase of $715,300.00",0000789019-22-99999CEO,https://www.sec.gov/edgar/browse/?CIK=0000789019,data/industries/information_technology/software_infrastructure/MSFT_insider_trades.csv
MSFT,Microsoft Corporation,Information Technology,Software - Infrastructure,2022-06-18,CLUSTER_BUY,212.13,2022-09-16,HOLDING_PERIOD_EXIT,254.64,90,20.04,2004.0,95,"Cluster Buy Trigger: 4 independent insiders purchased $3,718,611.00 within 14 days",0000789019-22-99999CEO,https://www.sec.gov/edgar/browse/?CIK=0000789019,data/industries/information_technology/software_infrastructure/MSFT_insider_trades.csv
TGT,Target Corporation,Consumer Staples,Discount Stores,2022-06-22,CONVICTION_BUY,235.81,2022-09-19,TAKE_PROFIT_TARGET,330.13,89,40.0,4000.0,90,"C-Suite Conviction Buy: Insider_TGT_2022_4 (Chief Financial Officer) open-market purchase of $674,696.00",0000027419-22-000004,https://www.sec.gov/edgar/browse/?CIK=0000027419,data/industries/consumer_staples/discount_stores/TGT_insider_trades.csv
V,Visa Inc.,Financials,Credit Services,2022-06-24,CONVICTION_BUY,234.14,2022-09-14,TAKE_PROFIT_TARGET,327.8,82,40.0,4000.0,90,"C-Suite Conviction Buy: V_CFO_Conviction (Chief Financial Officer) open-market purchase of $901,550.00",0001403161-22-99999CFO,https://www.sec.gov/edgar/browse/?CIK=0001403161,data/industries/financials/credit_services/V_insider_trades.csv
V,Visa Inc.,Financials,Credit Services,2022-06-24,CLUSTER_BUY,234.14,2022-09-14,TAKE_PROFIT_TARGET,327.8,82,40.0,4000.0,75,"Cluster Buy Trigger: 2 independent insiders purchased $2,056,350.00 within 14 days",0001403161-22-99999CFO,https://www.sec.gov/edgar/browse/?CIK=0001403161,data/industries/financials/credit_services/V_insider_trades.csv
ELV,Elevance Health Inc.,Health Care,Health Care Plans,2022-06-25,CONVICTION_BUY,194.97,2022-08-30,TAKE_PROFIT_TARGET,272.96,66,40.0,4000.0,90,"C-Suite Conviction Buy: Insider_ELV_2022_13 (Chief Executive Officer) open-market purchase of $681,928.00",0001156039-22-000013,https://www.sec.gov/edgar/browse/?CIK=0001156039,data/industries/health_care/health_care_plans/ELV_insider_trades.csv
PFE,Pfizer Inc.,Health Care,Pharmaceuticals,2022-07-04,CONVICTION_BUY,114.0,2022-10-02,HOLDING_PERIOD_EXIT,124.53,90,9.24,924.0,70,"C-Suite Conviction Buy: Insider_PFE_2022_2 (Chief Executive Officer) open-market purchase of $152,360.00",0000078003-22-000002,https://www.sec.gov/edgar/browse/?CIK=0000078003,data/industries/health_care/pharmaceuticals/PFE_insider_trades.csv
ORCL,Oracle Corporation,Information Technology,Software - Infrastructure,2022-07-07,CONVICTION_BUY,249.3,2022-10-05,HOLDING_PERIOD_EXIT,279.52,90,12.12,1212.0,95,"C-Suite Conviction Buy: Insider_ORCL_2022_1 (Chief Financial Officer) open-market purchase of $1,546,992.00",0001341439-22-000001,https://www.sec.gov/edgar/browse/?CIK=0001341439,data/industries/information_technology/software_infrastructure/ORCL_insider_trades.csv
COST,Costco Wholesale Corporation,Consumer Staples,Discount Stores,2022-07-09,HEAVY_SELL_EXIT,137.74,2022-10-07,HOLDING_PERIOD_EXIT,151.62,90,10.08,1008.0,75,"Heavy Sell Exit: 2 executives sold $1,024,506.00 over 14 days",0000909832-22-000004,https://www.sec.gov/edgar/browse/?CIK=0000909832,data/industries/consumer_staples/discount_stores/COST_insider_trades.csv
GILD,Gilead Sciences Inc.,Health Care,Biotechnology,2022-07-11,CONVICTION_BUY,218.16,2022-10-09,HOLDING_PERIOD_EXIT,271.83,90,24.6,2460.0,90,"C-Suite Conviction Buy: Insider_GILD_2022_6 (Chief Financial Officer) open-market purchase of $570,947.00",0000882095-22-000006,https://www.sec.gov/edgar/browse/?CIK=0000882095,data/industries/health_care/biotechnology/GILD_insider_trades.csv
COST,Costco Wholesale Corporation,Consumer Staples,Discount Stores,2022-07-14,HEAVY_SELL_EXIT,205.87,2022-08-13,STOP_LOSS_EXIT,181.17,30,-12.0,-1200.0,75,"Heavy Sell Exit: 2 executives sold $1,024,506.00 over 14 days",0000909832-22-000004,https://www.sec.gov/edgar/browse/?CIK=0000909832,data/industries/consumer_staples/discount_stores/COST_insider_trades.csv
MRNA,Moderna Inc.,Health Care,Biotechnology,2022-07-15,CONVICTION_BUY,179.2,2022-10-13,HOLDING_PERIOD_EXIT,158.77,90,-11.4,-1140.0,80,"C-Suite Conviction Buy: Insider_MRNA_2022_4 (Chief Financial Officer) open-market purchase of $313,664.00",0001682852-22-000004,https://www.sec.gov/edgar/browse/?CIK=0001682852,data/industries/health_care/biotechnology/MRNA_insider_trades.csv
SYK,Stryker Corporation,Health Care,Medical Devices,2022-07-16,HEAVY_SELL_EXIT,219.49,2022-10-07,TAKE_PROFIT_TARGET,307.29,83,40.0,4000.0,90,"Heavy Sell Exit: 2 executives sold $2,705,345.00 over 14 days",0000310764-22-000008,https://www.sec.gov/edgar/browse/?CIK=0000310764,data/industries/health_care/medical_devices/SYK_insider_trades.csv
TGT,Target Corporation,Consumer Staples,Discount Stores,2022-07-16,CONVICTION_BUY,82.52,2022-10-14,HOLDING_PERIOD_EXIT,114.6,90,38.88,3888.0,95,"C-Suite Conviction Buy: Insider_TGT_2022_1 (Chief Financial Officer) open-market purchase of $1,269,888.00",0000027419-22-000001,https://www.sec.gov/edgar/browse/?CIK=0000027419,data/industries/consumer_staples/discount_stores/TGT_insider_trades.csv
CVX,Chevron Corporation,Energy,Oil & Gas Integrated,2022-07-18,CONVICTION_BUY,145.8,2022-10-16,HOLDING_PERIOD_EXIT,195.31,90,33.96,3396.0,90,"C-Suite Conviction Buy: Insider_CVX_2022_3 (Chief Financial Officer) open-market purchase of $832,784.00",0000093410-22-000003,https://www.sec.gov/edgar/browse/?CIK=0000093410,data/industries/energy/oil_gas_integrated/CVX_insider_trades.csv
SBUX,Starbucks Corporation,Consumer Discretionary,Restaurants,2022-07-19,CONVICTION_BUY,207.75,2022-08-18,STOP_LOSS_EXIT,182.82,30,-12.0,-1200.0,80,"C-Suite Conviction Buy: Insider_SBUX_2022_1 (Chief Executive Officer) open-market purchase of $270,657.00",0000829224-22-000001,https://www.sec.gov/edgar/browse/?CIK=0000829224,data/industries/consumer_discretionary/restaurants/SBUX_insider_trades.csv
MU,Micron Technology Inc.,Information Technology,Semiconductors,2022-07-20,CONVICTION_BUY,213.22,2022-10-18,HOLDING_PERIOD_EXIT,251.86,90,18.12,1812.0,95,"C-Suite Conviction Buy: Insider_MU_2022_11 (Chief Financial Officer) open-market purchase of $1,312,150.00",0000072333-22-000011,https://www.sec.gov/edgar/browse/?CIK=0000072333,data/industries/information_technology/semiconductors/MU_insider_trades.csv
SO,The Southern Company,Utilities,Utilities - Regulated Electric,2022-07-24,CONVICTION_BUY,147.81,2022-10-22,HOLDING_PERIOD_EXIT,192.69,90,30.36,3036.0,80,"C-Suite Conviction Buy: Insider_SO_2022_10 (Chief Executive Officer) open-market purchase of $417,490.00",0000092122-22-000010,https://www.sec.gov/edgar/browse/?CIK=0000092122,data/industries/utilities/utilities_regulated_electric/SO_insider_trades.csv
AAPL,Apple Inc.,Information Technology,Consumer Electronics,2022-07-25,CONVICTION_BUY,188.68,2022-10-23,HOLDING_PERIOD_EXIT,259.32,90,37.44,3744.0,95,"C-Suite Conviction Buy: Insider_AAPL_2022_9 (Chief Executive Officer) open-market purchase of $1,455,720.00",0000320193-22-000009,https://www.sec.gov/edgar/browse/?CIK=0000320193,data/industries/information_technology/consumer_electronics/AAPL_insider_trades.csv
SO,The Southern Company,Utilities,Utilities - Regulated Electric,2022-07-25,CONVICTION_BUY,100.85,2022-10-23,HOLDING_PERIOD_EXIT,133.16,90,32.04,3204.0,80,"C-Suite Conviction Buy: Insider_SO_2022_10 (Chief Executive Officer) open-market purchase of $417,490.00",0000092122-22-000010,https://www.sec.gov/edgar/browse/?CIK=0000092122,data/industries/utilities/utilities_regulated_electric/SO_insider_trades.csv
AMD,Advanced Micro Devices Inc.,Information Technology,Semiconductors,2022-07-27,CONVICTION_BUY,234.97,2022-10-25,HOLDING_PERIOD_EXIT,311.95,90,32.76,3276.0,95,"C-Suite Conviction Buy: Insider_AMD_2022_6 (Chief Financial Officer) open-market purchase of $1,366,432.00",0000002488-22-000006,https://www.sec.gov/edgar/browse/?CIK=0000002488,data/industries/information_technology/semiconductors/AMD_insider_trades.csv
AAPL,Apple Inc.,Information Technology,Consumer Electronics,2022-07-28,CONVICTION_BUY,193.8,2022-10-26,HOLDING_PERIOD_EXIT,224.03,90,15.6,1560.0,95,"C-Suite Conviction Buy: Insider_AAPL_2022_9 (Chief Executive Officer) open-market purchase of $1,455,720.00",0000320193-22-000009,https://www.sec.gov/edgar/browse/?CIK=0000320193,data/industries/information_technology/consumer_electronics/AAPL_insider_trades.csv
SO,The Southern Company,Utilities,Utilities - Regulated Electric,2022-07-31,CONVICTION_BUY,132.19,2022-10-29,HOLDING_PERIOD_EXIT,152.81,90,15.6,1560.0,80,"C-Suite Conviction Buy: Insider_SO_2022_10 (Chief Executive Officer) open-market purchase of $417,490.00",0000092122-22-000010,https://www.sec.gov/edgar/browse/?CIK=0000092122,data/industries/utilities/utilities_regulated_electric/SO_insider_trades.csv
SO,The Southern Company,Utilities,Utilities - Regulated Electric,2022-07-31,HEAVY_SELL_EXIT,132.19,2022-10-29,HOLDING_PERIOD_EXIT,152.81,90,15.6,1560.0,75,"Heavy Sell Exit: 2 executives sold $1,184,095.00 over 14 days",0000092122-22-000007,https://www.sec.gov/edgar/browse/?CIK=0000092122,data/industries/utilities/utilities_regulated_electric/SO_insider_trades.csv
MU,Micron Technology Inc.,Information Technology,Semiconductors,2022-08-02,CONVICTION_BUY,101.78,2022-10-31,HOLDING_PERIOD_EXIT,136.71,90,34.32,3432.0,95,"C-Suite Conviction Buy: Insider_MU_2022_11 (Chief Financial Officer) open-market purchase of $1,312,150.00",0000072333-22-000011,https://www.sec.gov/edgar/browse/?CIK=0000072333,data/industries/information_technology/semiconductors/MU_insider_trades.csv
PANW,Palo Alto Networks Inc.,Information Technology,Software - Infrastructure,2022-08-09,CONVICTION_BUY,121.17,2022-11-07,HOLDING_PERIOD_EXIT,151.56,90,25.08,2508.0,70,"C-Suite Conviction Buy: Insider_PANW_2022_5 (Chief Executive Officer) open-market purchase of $191,661.00",0001326801-22-000005,https://www.sec.gov/edgar/browse/?CIK=0001326801,data/industries/information_technology/software_infrastructure/PANW_insider_trades.csv
AVGO,Broadcom Inc.,Information Technology,Semiconductors,2022-08-14,CONVICTION_BUY,137.89,2022-11-12,HOLDING_PERIOD_EXIT,185.54,90,34.56,3456.0,90,"C-Suite Conviction Buy: Insider_AVGO_2022_1 (Chief Financial Officer) open-market purchase of $518,560.00",0001441634-22-000001,https://www.sec.gov/edgar/browse/?CIK=0001441634,data/industries/information_technology/semiconductors/AVGO_insider_trades.csv
ORCL,Oracle Corporation,Information Technology,Software - Infrastructure,2022-08-15,HEAVY_SELL_EXIT,171.53,2022-11-13,HOLDING_PERIOD_EXIT,203.02,90,18.36,1836.0,75,"Heavy Sell Exit: 2 executives sold $1,261,668.00 over 14 days",0001341439-22-000006,https://www.sec.gov/edgar/browse/?CIK=0001341439,data/industries/information_technology/software_infrastructure/ORCL_insider_trades.csv
PLD,Prologis Inc.,Real Estate,REIT - Industrial,2022-08-26,CONVICTION_BUY,246.44,2022-11-24,HOLDING_PERIOD_EXIT,310.91,90,26.16,2616.0,90,"C-Suite Conviction Buy: Insider_PLD_2022_5 (Chief Financial Officer) open-market purchase of $835,044.00",0001045609-22-000005,https://www.sec.gov/edgar/browse/?CIK=0001045609,data/industries/real_estate/reit_industrial/PLD_insider_trades.csv
PLD,Prologis Inc.,Real Estate,REIT - Industrial,2022-08-26,CLUSTER_BUY,246.44,2022-11-24,HOLDING_PERIOD_EXIT,310.91,90,26.16,2616.0,75,"Cluster Buy Trigger: 2 independent insiders purchased $1,118,310.00 within 14 days",0001045609-22-000001,https://www.sec.gov/edgar/browse/?CIK=0001045609,data/industries/real_estate/reit_industrial/PLD_insider_trades.csv
COST,Costco Wholesale Corporation,Consumer Staples,Discount Stores,2022-08-27,CONVICTION_BUY,222.41,2022-11-25,HOLDING_PERIOD_EXIT,270.45,90,21.6,2160.0,70,"C-Suite Conviction Buy: Insider_COST_2022_3 (Chief Executive Officer) open-market purchase of $171,343.00",0000909832-22-000003,https://www.sec.gov/edgar/browse/?CIK=0000909832,data/industries/consumer_staples/discount_stores/COST_insider_trades.csv
META,Meta Platforms Inc.,Communication Services,Internet Content & Information,2022-08-30,HEAVY_SELL_EXIT,153.55,2022-11-28,HOLDING_PERIOD_EXIT,185.98,90,21.12,2112.0,75,"Heavy Sell Exit: 2 executives sold $1,120,028.00 over 14 days",0001326801-22-000004,https://www.sec.gov/edgar/browse/?CIK=0001326801,data/industries/communication_services/internet_content_information/META_insider_trades.csv
CAT,Caterpillar Inc.,Industrials,Industrial Machinery,2022-09-01,CONVICTION_BUY,126.03,2022-11-30,HOLDING_PERIOD_EXIT,150.68,90,19.56,1956.0,90,"C-Suite Conviction Buy: Insider_CAT_2022_3 (Chief Financial Officer) open-market purchase of $737,660.00",0000018230-22-000003,https://www.sec.gov/edgar/browse/?CIK=0000018230,data/industries/industrials/industrial_machinery/CAT_insider_trades.csv
FCX,Freeport-McMoRan Inc.,Materials,Copper & Metals,2022-09-03,CONVICTION_BUY,117.89,2022-12-02,HOLDING_PERIOD_EXIT,163.02,90,38.28,3828.0,95,"C-Suite Conviction Buy: Insider_FCX_2022_5 (Chief Executive Officer) open-market purchase of $1,517,032.00",0000831259-22-000005,https://www.sec.gov/edgar/browse/?CIK=0000831259,data/industries/materials/copper_metals/FCX_insider_trades.csv
SO,The Southern Company,Utilities,Utilities - Regulated Electric,2022-09-04,HEAVY_SELL_EXIT,202.67,2022-12-03,HOLDING_PERIOD_EXIT,274.42,90,35.4,3540.0,75,"Heavy Sell Exit: 2 executives sold $1,421,292.00 over 14 days",0000092122-22-000003,https://www.sec.gov/edgar/browse/?CIK=0000092122,data/industries/utilities/utilities_regulated_electric/SO_insider_trades.csv
EOG,EOG Resources Inc.,Energy,Oil & Gas E&P,2022-09-05,CONVICTION_BUY,110.43,2022-12-04,HOLDING_PERIOD_EXIT,152.97,90,38.52,3852.0,95,"C-Suite Conviction Buy: Insider_EOG_2022_8 (Chief Financial Officer) open-market purchase of $1,122,178.00",0000821189-22-000008,https://www.sec.gov/edgar/browse/?CIK=0000821189,data/industries/energy/oil_gas_ep/EOG_insider_trades.csv
EOG,EOG Resources Inc.,Energy,Oil & Gas E&P,2022-09-05,CLUSTER_BUY,110.43,2022-12-04,HOLDING_PERIOD_EXIT,152.97,90,38.52,3852.0,75,"Cluster Buy Trigger: 2 independent insiders purchased $2,115,634.00 within 14 days",0000821189-22-000001,https://www.sec.gov/edgar/browse/?CIK=0000821189,data/industries/energy/oil_gas_ep/EOG_insider_trades.csv
VRTX,Vertex Pharmaceuticals Incorporated,Health Care,Biotechnology,2022-09-08,CONVICTION_BUY,132.8,2022-12-07,HOLDING_PERIOD_EXIT,156.86,90,18.12,1812.0,70,"C-Suite Conviction Buy: Insider_VRTX_2022_7 (Chief Financial Officer) open-market purchase of $241,388.00",0000875320-22-000007,https://www.sec.gov/edgar/browse/?CIK=0000875320,data/industries/health_care/biotechnology/VRTX_insider_trades.csv
LOW,Lowe's Companies Inc.,Consumer Discretionary,Home Improvement Retail,2022-09-10,CONVICTION_BUY,249.08,2022-12-09,HOLDING_PERIOD_EXIT,336.96,90,35.28,3528.0,70,"C-Suite Conviction Buy: Insider_LOW_2022_7 (Chief Financial Officer) open-market purchase of $119,820.00",0000060667-22-000007,https://www.sec.gov/edgar/browse/?CIK=0000060667,data/industries/consumer_discretionary/home_improvement_retail/LOW_insider_trades.csv
FCX,Freeport-McMoRan Inc.,Materials,Copper & Metals,2022-09-15,CONVICTION_BUY,191.36,2022-12-14,HOLDING_PERIOD_EXIT,241.88,90,26.4,2640.0,95,"C-Suite Conviction Buy: Insider_FCX_2022_5 (Chief Executive Officer) open-market purchase of $1,517,032.00",0000831259-22-000005,https://www.sec.gov/edgar/browse/?CIK=0000831259,data/industries/materials/copper_metals/FCX_insider_trades.csv
MS,Morgan Stanley,Financials,Capital Markets,2022-09-16,HEAVY_SELL_EXIT,233.38,2022-12-15,HOLDING_PERIOD_EXIT,295.83,90,26.76,2676.0,75,"Heavy Sell Exit: 2 executives sold $1,086,113.00 over 14 days",0000895421-22-000002,https://www.sec.gov/edgar/browse/?CIK=0000895421,data/industries/financials/capital_markets/MS_insider_trades.csv
FDX,FedEx Corporation,Industrials,Integrated Freight & Logistics,2022-09-24,HEAVY_SELL_EXIT,203.23,2022-12-23,HOLDING_PERIOD_EXIT,244.93,90,20.52,2052.0,80,"Heavy Sell Exit: 2 executives sold $1,654,618.00 over 14 days",0000036104-22-000005,https://www.sec.gov/edgar/browse/?CIK=0000036104,data/industries/industrials/integrated_freight_logistics/FDX_insider_trades.csv
UPS,United Parcel Service Inc.,Industrials,Integrated Freight & Logistics,2022-09-29,HEAVY_SELL_EXIT,196.97,2022-10-29,STOP_LOSS_EXIT,173.33,30,-12.0,-1200.0,80,"Heavy Sell Exit: 2 executives sold $1,982,929.00 over 14 days",0001090727-22-000008,https://www.sec.gov/edgar/browse/?CIK=0001090727,data/industries/industrials/integrated_freight_logistics/UPS_insider_trades.csv
EBAY,eBay Inc.,Consumer Discretionary,Internet Retail,2022-09-30,HEAVY_SELL_EXIT,247.79,2022-12-29,HOLDING_PERIOD_EXIT,220.04,90,-11.2,-1120.0,75,"Heavy Sell Exit: 2 executives sold $1,387,898.00 over 14 days",0001065088-22-000011,https://www.sec.gov/edgar/browse/?CIK=0001065088,data/industries/consumer_discretionary/internet_retail/EBAY_insider_trades.csv
EBAY,eBay Inc.,Consumer Discretionary,Internet Retail,2022-10-09,CONVICTION_BUY,110.41,2023-01-07,HOLDING_PERIOD_EXIT,97.82,90,-11.4,-1140.0,95,"C-Suite Conviction Buy: Insider_EBAY_2022_5 (Chief Financial Officer) open-market purchase of $1,091,944.00",0001065088-22-000005,https://www.sec.gov/edgar/browse/?CIK=0001065088,data/industries/consumer_discretionary/internet_retail/EBAY_insider_trades.csv
MS,Morgan Stanley,Financials,Capital Markets,2022-10-17,HEAVY_SELL_EXIT,113.39,2023-01-15,HOLDING_PERIOD_EXIT,146.73,90,29.4,2940.0,75,"Heavy Sell Exit: 2 executives sold $1,192,524.00 over 14 days",0000895421-22-000008,https://www.sec.gov/edgar/browse/?CIK=0000895421,data/industries/financials/capital_markets/MS_insider_trades.csv
META,Meta Platforms Inc.,Communication Services,Internet Content & Information,2022-10-23,HEAVY_SELL_EXIT,207.49,2023-01-21,HOLDING_PERIOD_EXIT,250.32,90,20.64,2064.0,80,"Heavy Sell Exit: 2 executives sold $1,561,776.00 over 14 days",0001326801-22-000002,https://www.sec.gov/edgar/browse/?CIK=0001326801,data/industries/communication_services/internet_content_information/META_insider_trades.csv
MS,Morgan Stanley,Financials,Capital Markets,2022-10-24,HEAVY_SELL_EXIT,273.52,2023-01-12,TAKE_PROFIT_TARGET,382.93,80,40.0,4000.0,80,"Heavy Sell Exit: 2 executives sold $1,574,222.00 over 14 days",0000895421-22-000012,https://www.sec.gov/edgar/browse/?CIK=0000895421,data/industries/financials/capital_markets/MS_insider_trades.csv
META,Meta Platforms Inc.,Communication Services,Internet Content & Information,2022-10-24,HEAVY_SELL_EXIT,182.05,2023-01-21,TAKE_PROFIT_TARGET,254.87,89,40.0,4000.0,85,"Heavy Sell Exit: 3 executives sold $2,459,760.00 over 14 days",0001326801-22-000002,https://www.sec.gov/edgar/browse/?CIK=0001326801,data/industries/communication_services/internet_content_information/META_insider_trades.csv
META,Meta Platforms Inc.,Communication Services,Internet Content & Information,2022-11-01,HEAVY_SELL_EXIT,81.17,2023-01-30,HOLDING_PERIOD_EXIT,100.55,90,23.88,2388.0,75,"Heavy Sell Exit: 3 executives sold $1,214,352.00 over 14 days",0001326801-22-000005,https://www.sec.gov/edgar/browse/?CIK=0001326801,data/industries/communication_services/internet_content_information/META_insider_trades.csv
PFE,Pfizer Inc.,Health Care,Pharmaceuticals,2022-11-02,CONVICTION_BUY,265.67,2023-01-31,HOLDING_PERIOD_EXIT,314.45,90,18.36,1836.0,70,"C-Suite Conviction Buy: Insider_PFE_2022_7 (Chief Financial Officer) open-market purchase of $173,008.00",0000078003-22-000007,https://www.sec.gov/edgar/browse/?CIK=0000078003,data/industries/health_care/pharmaceuticals/PFE_insider_trades.csv
PFE,Pfizer Inc.,Health Care,Pharmaceuticals,2022-11-07,CONVICTION_BUY,115.59,2023-01-29,TAKE_PROFIT_TARGET,161.83,83,40.0,4000.0,70,"C-Suite Conviction Buy: Insider_PFE_2022_7 (Chief Financial Officer) open-market purchase of $173,008.00",0000078003-22-000007,https://www.sec.gov/edgar/browse/?CIK=0000078003,data/industries/health_care/pharmaceuticals/PFE_insider_trades.csv
SYK,Stryker Corporation,Health Care,Medical Devices,2022-11-10,HEAVY_SELL_EXIT,166.18,2023-02-08,HOLDING_PERIOD_EXIT,201.28,90,21.12,2112.0,75,"Heavy Sell Exit: 2 executives sold $1,415,886.00 over 14 days",0000310764-22-000005,https://www.sec.gov/edgar/browse/?CIK=0000310764,data/industries/health_care/medical_devices/SYK_insider_trades.csv
MSFT,Microsoft Corporation,Information Technology,Software - Infrastructure,2022-11-15,CONVICTION_BUY,90.72,2023-02-13,HOLDING_PERIOD_EXIT,117.72,90,29.76,2976.0,95,"C-Suite Conviction Buy: Insider_MSFT_2022_8 (Chief Financial Officer) open-market purchase of $1,006,362.00",0000789019-22-000008,https://www.sec.gov/edgar/browse/?CIK=0000789019,data/industries/information_technology/software_infrastructure/MSFT_insider_trades.csv
NFLX,Netflix Inc.,Communication Services,Entertainment,2022-11-15,CLUSTER_BUY,159.78,2023-02-13,HOLDING_PERIOD_EXIT,221.9,90,38.88,3888.0,75,"Cluster Buy Trigger: 2 independent insiders purchased $873,756.00 within 14 days",0001065280-22-000004,https://www.sec.gov/edgar/browse/?CIK=0001065280,data/industries/communication_services/entertainment/NFLX_insider_trades.csv
ADBE,Adobe Inc.,Information Technology,Software - Infrastructure,2022-11-16,CONVICTION_BUY,118.83,2023-02-14,HOLDING_PERIOD_EXIT,129.38,90,8.88,888.0,80,"C-Suite Conviction Buy: Insider_ADBE_2022_2 (Chief Financial Officer) open-market purchase of $436,940.00",0000796343-22-000002,https://www.sec.gov/edgar/browse/?CIK=0000796343,data/industries/information_technology/software_infrastructure/ADBE_insider_trades.csv
ADBE,Adobe Inc.,Information Technology,Software - Infrastructure,2022-11-16,CLUSTER_BUY,118.83,2023-02-14,HOLDING_PERIOD_EXIT,129.38,90,8.88,888.0,75,"Cluster Buy Trigger: 2 independent insiders purchased $1,512,980.00 within 14 days",0000796343-22-000006,https://www.sec.gov/edgar/browse/?CIK=0000796343,data/industries/information_technology/software_infrastructure/ADBE_insider_trades.csv
PLD,Prologis Inc.,Real Estate,REIT - Industrial,2022-11-16,CONVICTION_BUY,207.98,2023-02-14,HOLDING_PERIOD_EXIT,266.63,90,28.2,2820.0,70,"C-Suite Conviction Buy: Insider_PLD_2022_3 (Chief Executive Officer) open-market purchase of $109,080.00",0001045609-22-000003,https://www.sec.gov/edgar/browse/?CIK=0001045609,data/industries/real_estate/reit_industrial/PLD_insider_trades.csv
MSFT,Microsoft Corporation,Information Technology,Software - Infrastructure,2022-11-22,CONVICTION_BUY,173.97,2023-02-20,HOLDING_PERIOD_EXIT,186.7,90,7.32,732.0,95,"C-Suite Conviction Buy: Insider_MSFT_2022_8 (Chief Financial Officer) open-market purchase of $1,006,362.00",0000789019-22-000008,https://www.sec.gov/edgar/browse/?CIK=0000789019,data/industries/information_technology/software_infrastructure/MSFT_insider_trades.csv
MSFT,Microsoft Corporation,Information Technology,Software - Infrastructure,2022-11-22,CLUSTER_BUY,173.97,2023-02-20,HOLDING_PERIOD_EXIT,186.7,90,7.32,732.0,75,"Cluster Buy Trigger: 2 independent insiders purchased $2,290,922.00 within 14 days",0000789019-22-000008,https://www.sec.gov/edgar/browse/?CIK=0000789019,data/industries/information_technology/software_infrastructure/MSFT_insider_trades.csv
GS,The Goldman Sachs Group Inc.,Financials,Capital Markets,2022-11-22,CONVICTION_BUY,113.64,2023-02-20,HOLDING_PERIOD_EXIT,130.96,90,15.24,1524.0,90,"C-Suite Conviction Buy: Insider_GS_2022_2 (Chief Executive Officer) open-market purchase of $950,784.00",0000886982-22-000002,https://www.sec.gov/edgar/browse/?CIK=0000886982,data/industries/financials/capital_markets/GS_insider_trades.csv
GS,The Goldman Sachs Group Inc.,Financials,Capital Markets,2022-11-22,CLUSTER_BUY,113.64,2023-02-20,HOLDING_PERIOD_EXIT,130.96,90,15.24,1524.0,75,"Cluster Buy Trigger: 2 independent insiders purchased $2,191,462.00 within 14 days",0000886982-22-000012,https://www.sec.gov/edgar/browse/?CIK=0000886982,data/industries/financials/capital_markets/GS_insider_trades.csv
MSFT,Microsoft Corporation,Information Technology,Software - Infrastructure,2022-11-25,CONVICTION_BUY,231.1,2023-02-15,TAKE_PROFIT_TARGET,323.54,82,40.0,4000.0,95,"C-Suite Conviction Buy: Insider_MSFT_2022_8 (Chief Financial Officer) open-market purchase of $1,006,362.00",0000789019-22-000008,https://www.sec.gov/edgar/browse/?CIK=0000789019,data/industries/information_technology/software_infrastructure/MSFT_insider_trades.csv
MSFT,Microsoft Corporation,Information Technology,Software - Infrastructure,2022-11-25,CLUSTER_BUY,231.1,2023-02-15,TAKE_PROFIT_TARGET,323.54,82,40.0,4000.0,85,"Cluster Buy Trigger: 3 independent insiders purchased $3,155,022.00 within 14 days",0000789019-22-000008,https://www.sec.gov/edgar/browse/?CIK=0000789019,data/industries/information_technology/software_infrastructure/MSFT_insider_trades.csv
EBAY,eBay Inc.,Consumer Discretionary,Internet Retail,2022-12-01,HEAVY_SELL_EXIT,203.67,2023-03-01,HOLDING_PERIOD_EXIT,235.69,90,15.72,1572.0,75,"Heavy Sell Exit: 2 executives sold $1,465,254.00 over 14 days",0001065088-22-000002,https://www.sec.gov/edgar/browse/?CIK=0001065088,data/industries/consumer_discretionary/internet_retail/EBAY_insider_trades.csv
AMT,American Tower Corporation,Real Estate,REIT - Telecom Tower,2022-12-01,CONVICTION_BUY,172.14,2023-03-01,HOLDING_PERIOD_EXIT,185.15,90,7.56,756.0,90,"C-Suite Conviction Buy: Insider_AMT_2022_5 (Chief Financial Officer) open-market purchase of $566,215.00",0001053507-22-000005,https://www.sec.gov/edgar/browse/?CIK=0001053507,data/industries/real_estate/reit_telecom_tower/AMT_insider_trades.csv
PFE,Pfizer Inc.,Health Care,Pharmaceuticals,2022-12-04,HEAVY_SELL_EXIT,249.88,2023-03-04,HOLDING_PERIOD_EXIT,310.75,90,24.36,2436.0,75,"Heavy Sell Exit: 2 executives sold $1,118,817.00 over 14 days",0000078003-22-000001,https://www.sec.gov/edgar/browse/?CIK=0000078003,data/industries/health_care/pharmaceuticals/PFE_insider_trades.csv
REGN,Regeneron Pharmaceuticals Inc.,Health Care,Biotechnology,2022-12-06,CONVICTION_BUY,213.35,2023-03-06,HOLDING_PERIOD_EXIT,294.51,90,38.04,3804.0,90,"C-Suite Conviction Buy: Insider_REGN_2022_5 (Chief Executive Officer) open-market purchase of $526,162.00",0000872589-22-000005,https://www.sec.gov/edgar/browse/?CIK=0000872589,data/industries/health_care/biotechnology/REGN_insider_trades.csv
MRNA,Moderna Inc.,Health Care,Biotechnology,2022-12-07,CLUSTER_BUY,81.74,2023-03-07,HOLDING_PERIOD_EXIT,110.38,90,35.04,3504.0,75,"Cluster Buy Trigger: 2 independent insiders purchased $2,324,301.00 within 14 days",0001682852-22-000005,https://www.sec.gov/edgar/browse/?CIK=0001682852,data/industries/health_care/biotechnology/MRNA_insider_trades.csv
INTC,Intel Corporation,Information Technology,Semiconductors,2022-12-09,CONVICTION_BUY,121.57,2023-03-09,HOLDING_PERIOD_EXIT,133.97,90,10.2,1020.0,95,"C-Suite Conviction Buy: Insider_INTC_2022_3 (Chief Executive Officer) open-market purchase of $1,214,781.00",0000050863-22-000003,https://www.sec.gov/edgar/browse/?CIK=0000050863,data/industries/information_technology/semiconductors/INTC_insider_trades.csv
INTC,Intel Corporation,Information Technology,Semiconductors,2022-12-09,CLUSTER_BUY,121.57,2023-03-09,HOLDING_PERIOD_EXIT,133.97,90,10.2,1020.0,75,"Cluster Buy Trigger: 2 independent insiders purchased $1,647,696.00 within 14 days",0000050863-22-000012,https://www.sec.gov/edgar/browse/?CIK=0000050863,data/industries/information_technology/semiconductors/INTC_insider_trades.csv
INTC,Intel Corporation,Information Technology,Semiconductors,2022-12-12,CONVICTION_BUY,89.42,2023-03-12,HOLDING_PERIOD_EXIT,79.23,90,-11.4,-1140.0,95,"C-Suite Conviction Buy: Insider_INTC_2022_3 (Chief Executive Officer) open-market purchase of $1,214,781.00",0000050863-22-000003,https://www.sec.gov/edgar/browse/?CIK=0000050863,data/industries/information_technology/semiconductors/INTC_insider_trades.csv
INTC,Intel Corporation,Information Technology,Semiconductors,2022-12-12,CLUSTER_BUY,89.42,2023-03-12,HOLDING_PERIOD_EXIT,79.23,90,-11.4,-1140.0,75,"Cluster Buy Trigger: 2 independent insiders purchased $1,647,696.00 within 14 days",0000050863-22-000012,https://www.sec.gov/edgar/browse/?CIK=0000050863,data/industries/information_technology/semiconductors/INTC_insider_trades.csv
ORCL,Oracle Corporation,Information Technology,Software - Infrastructure,2022-12-17,HEAVY_SELL_EXIT,247.1,2023-03-17,HOLDING_PERIOD_EXIT,293.65,90,18.84,1884.0,75,"Heavy Sell Exit: 2 executives sold $1,498,477.00 over 14 days",0001341439-22-000003,https://www.sec.gov/edgar/browse/?CIK=0001341439,data/industries/information_technology/software_infrastructure/ORCL_insider_trades.csv
SCHW,The Charles Schwab Corporation,Financials,Capital Markets,2022-12-21,HEAVY_SELL_EXIT,127.78,2023-03-21,HOLDING_PERIOD_EXIT,174.39,90,36.48,3648.0,90,"Heavy Sell Exit: 2 executives sold $2,737,710.00 over 14 days",0000316709-22-000004,https://www.sec.gov/edgar/browse/?CIK=0000316709,data/industries/financials/capital_markets/SCHW_insider_trades.csv
LIN,Linde plc,Materials,Specialty Chemicals,2022-12-21,HEAVY_SELL_EXIT,173.09,2023-01-20,STOP_LOSS_EXIT,152.32,30,-12.0,-1200.0,75,"Heavy Sell Exit: 2 executives sold $1,007,310.00 over 14 days",0001707925-22-000005,https://www.sec.gov/edgar/browse/?CIK=0001707925,data/industries/materials/specialty_chemicals/LIN_insider_trades.csv
ELV,Elevance Health Inc.,Health Care,Health Care Plans,2022-12-24,CONVICTION_BUY,180.6,2023-03-24,HOLDING_PERIOD_EXIT,250.6,90,38.76,3876.0,90,"C-Suite Conviction Buy: Insider_ELV_2022_9 (Chief Financial Officer) open-market purchase of $812,943.00",0001156039-22-000009,https://www.sec.gov/edgar/browse/?CIK=0001156039,data/industries/health_care/health_care_plans/ELV_insider_trades.csv
LMT,Lockheed Martin Corporation,Industrials,Aerospace & Defense,2022-12-27,CONVICTION_BUY,85.96,2023-03-03,TAKE_PROFIT_TARGET,120.34,66,40.0,4000.0,90,"C-Suite Conviction Buy: Insider_LMT_2022_5 (Chief Executive Officer) open-market purchase of $544,357.00",0000936468-22-000005,https://www.sec.gov/edgar/browse/?CIK=0000936468,data/industries/industrials/aerospace_defense/LMT_insider_trades.csv
PANW,Palo Alto Networks Inc.,Information Technology,Software - Infrastructure,2022-12-28,HEAVY_SELL_EXIT,250.63,2023-03-28,HOLDING_PERIOD_EXIT,277.7,90,10.8,1080.0,75,"Heavy Sell Exit: 2 executives sold $1,384,386.00 over 14 days",0001326801-22-000003,https://www.sec.gov/edgar/browse/?CIK=0001326801,data/industries/information_technology/software_infrastructure/PANW_insider_trades.csv
KO,The Coca-Cola Company,Consumer Staples,Beverages - Non-Alcoholic,2022-12-28,CONVICTION_BUY,163.3,2023-03-28,HOLDING_PERIOD_EXIT,204.65,90,25.32,2532.0,95,"C-Suite Conviction Buy: Insider_KO_2022_1 (Chief Executive Officer) open-market purchase of $1,537,614.00",0000021344-22-000001,https://www.sec.gov/edgar/browse/?CIK=0000021344,data/industries/consumer_staples/beverages_non_alcoholic/KO_insider_trades.csv
V,Visa Inc.,Financials,Credit Services,2022-12-30,CONVICTION_BUY,154.83,2023-03-30,HOLDING_PERIOD_EXIT,174.9,90,12.96,1296.0,90,"C-Suite Conviction Buy: Insider_V_2022_8 (Chief Financial Officer) open-market purchase of $637,054.00",0001403161-22-000008,https://www.sec.gov/edgar/browse/?CIK=0001403161,data/industries/financials/credit_services/V_insider_trades.csv
V,Visa Inc.,Financials,Credit Services,2023-01-03,CONVICTION_BUY,127.32,2023-04-03,HOLDING_PERIOD_EXIT,158.03,90,24.12,2412.0,90,"C-Suite Conviction Buy: Insider_V_2022_8 (Chief Financial Officer) open-market purchase of $637,054.00",0001403161-22-000008,https://www.sec.gov/edgar/browse/?CIK=0001403161,data/industries/financials/credit_services/V_insider_trades.csv
V,Visa Inc.,Financials,Credit Services,2023-01-03,CLUSTER_BUY,127.32,2023-04-03,HOLDING_PERIOD_EXIT,158.03,90,24.12,2412.0,75,"Cluster Buy Trigger: 2 independent insiders purchased $815,650.00 within 14 days",0001403161-22-000008,https://www.sec.gov/edgar/browse/?CIK=0001403161,data/industries/financials/credit_services/V_insider_trades.csv
KO,The Coca-Cola Company,Consumer Staples,Beverages - Non-Alcoholic,2023-01-06,CONVICTION_BUY,233.93,2023-04-06,HOLDING_PERIOD_EXIT,262.0,90,12.0,1200.0,95,"C-Suite Conviction Buy: Insider_KO_2022_1 (Chief Executive Officer) open-market purchase of $1,537,614.00",0000021344-22-000001,https://www.sec.gov/edgar/browse/?CIK=0000021344,data/industries/consumer_staples/beverages_non_alcoholic/KO_insider_trades.csv
MRK,Merck & Co. Inc.,Health Care,Pharmaceuticals,2023-01-09,HEAVY_SELL_EXIT,117.16,2023-04-09,HOLDING_PERIOD_EXIT,134.17,90,14.52,1452.0,75,"Heavy Sell Exit: 3 executives sold $1,112,834.00 over 14 days",0000310158-22-000003,https://www.sec.gov/edgar/browse/?CIK=0000310158,data/industries/health_care/pharmaceuticals/MRK_insider_trades.csv
CB,Chubb Limited,Financials,Insurance - Property & Casualty,2023-01-09,HEAVY_SELL_EXIT,229.87,2023-04-09,HOLDING_PERIOD_EXIT,313.17,90,36.24,3624.0,85,"Heavy Sell Exit: 2 executives sold $2,320,407.00 over 14 days",0001559720-22-000012,https://www.sec.gov/edgar/browse/?CIK=0001559720,data/industries/financials/insurance_property_casualty/CB_insider_trades.csv
KO,The Coca-Cola Company,Consumer Staples,Beverages - Non-Alcoholic,2023-01-10,CONVICTION_BUY,194.09,2023-04-10,HOLDING_PERIOD_EXIT,245.8,90,26.64,2664.0,95,"C-Suite Conviction Buy: Insider_KO_2022_1 (Chief Executive Officer) open-market purchase of $1,537,614.00",0000021344-22-000001,https://www.sec.gov/edgar/browse/?CIK=0000021344,data/industries/consumer_staples/beverages_non_alcoholic/KO_insider_trades.csv
NVDA,NVIDIA Corporation,Information Technology,Semiconductors,2023-01-13,CONVICTION_BUY,143.98,2023-04-13,HOLDING_PERIOD_EXIT,156.25,90,8.52,852.0,70,"C-Suite Conviction Buy: Insider_NVDA_2023_8 (Chief Executive Officer) open-market purchase of $170,235.00",0001045810-23-000008,https://www.sec.gov/edgar/browse/?CIK=0001045810,data/industries/information_technology/semiconductors/NVDA_insider_trades.csv
CL,Colgate-Palmolive Company,Consumer Staples,Household & Personal Products,2023-01-15,CONVICTION_BUY,86.64,2023-04-15,HOLDING_PERIOD_EXIT,93.29,90,7.68,768.0,95,"C-Suite Conviction Buy: Insider_CL_2023_1 (Chief Financial Officer) open-market purchase of $1,100,540.00",0000021665-23-000001,https://www.sec.gov/edgar/browse/?CIK=0000021665,data/industries/consumer_staples/household_personal_products/CL_insider_trades.csv
AMGN,Amgen Inc.,Health Care,Biotechnology,2023-01-17,CONVICTION_BUY,130.34,2023-04-17,HOLDING_PERIOD_EXIT,169.13,90,29.76,2976.0,95,"C-Suite Conviction Buy: Insider_AMGN_2023_4 (Chief Financial Officer) open-market purchase of $1,638,397.00",0000031462-23-000004,https://www.sec.gov/edgar/browse/?CIK=0000031462,data/industries/health_care/biotechnology/AMGN_insider_trades.csv
CL,Colgate-Palmolive Company,Consumer Staples,Household & Personal Products,2023-01-20,CONVICTION_BUY,131.55,2023-04-13,TAKE_PROFIT_TARGET,184.17,83,40.0,4000.0,95,"C-Suite Conviction Buy: Insider_CL_2023_1 (Chief Financial Officer) open-market purchase of $1,100,540.00",0000021665-23-000001,https://www.sec.gov/edgar/browse/?CIK=0000021665,data/industries/consumer_staples/household_personal_products/CL_insider_trades.csv
FDX,FedEx Corporation,Industrials,Integrated Freight & Logistics,2023-01-21,HEAVY_SELL_EXIT,183.94,2023-02-20,STOP_LOSS_EXIT,161.87,30,-12.0,-1200.0,75,"Heavy Sell Exit: 2 executives sold $1,317,759.00 over 14 days",0000036104-23-000008,https://www.sec.gov/edgar/browse/?CIK=0000036104,data/industries/industrials/integrated_freight_logistics/FDX_insider_trades.csv
CL,Colgate-Palmolive Company,Consumer Staples,Household & Personal Products,2023-01-21,CONVICTION_BUY,217.11,2023-04-21,HOLDING_PERIOD_EXIT,277.81,90,27.96,2796.0,95,"C-Suite Conviction Buy: Insider_CL_2023_1 (Chief Financial Officer) open-market purchase of $1,100,540.00",0000021665-23-000001,https://www.sec.gov/edgar/browse/?CIK=0000021665,data/industries/consumer_staples/household_personal_products/CL_insider_trades.csv
CL,Colgate-Palmolive Company,Consumer Staples,Household & Personal Products,2023-01-21,CLUSTER_BUY,217.11,2023-04-21,HOLDING_PERIOD_EXIT,192.58,90,-11.3,-1130.0,75,"Cluster Buy Trigger: 2 independent insiders purchased $2,599,008.00 within 14 days",0000021665-23-000001,https://www.sec.gov/edgar/browse/?CIK=0000021665,data/industries/consumer_staples/household_personal_products/CL_insider_trades.csv
SNPS,Synopsys Inc.,Information Technology,Software - Infrastructure,2023-01-23,CLUSTER_BUY,233.46,2023-04-23,HOLDING_PERIOD_EXIT,285.01,90,22.08,2208.0,75,"Cluster Buy Trigger: 2 independent insiders purchased $1,537,536.00 within 14 days",0000883241-23-000010,https://www.sec.gov/edgar/browse/?CIK=0000883241,data/industries/information_technology/software_infrastructure/SNPS_insider_trades.csv
VRTX,Vertex Pharmaceuticals Incorporated,Health Care,Biotechnology,2023-01-23,CONVICTION_BUY,150.68,2023-04-23,HOLDING_PERIOD_EXIT,183.05,90,21.48,2148.0,80,"C-Suite Conviction Buy: Insider_VRTX_2023_5 (Chief Financial Officer) open-market purchase of $323,680.00",0000875320-23-000005,https://www.sec.gov/edgar/browse/?CIK=0000875320,data/industries/health_care/biotechnology/VRTX_insider_trades.csv
QCOM,QUALCOMM Incorporated,Information Technology,Semiconductors,2023-01-30,CONVICTION_BUY,101.15,2023-04-30,HOLDING_PERIOD_EXIT,111.35,90,10.08,1008.0,80,"C-Suite Conviction Buy: Insider_QCOM_2023_8 (Chief Executive Officer) open-market purchase of $304,000.00",0000804328-23-000008,https://www.sec.gov/edgar/browse/?CIK=0000804328,data/industries/information_technology/semiconductors/QCOM_insider_trades.csv
VRTX,Vertex Pharmaceuticals Incorporated,Health Care,Biotechnology,2023-01-31,CONVICTION_BUY,93.35,2023-04-24,TAKE_PROFIT_TARGET,130.69,83,40.0,4000.0,80,"C-Suite Conviction Buy: Insider_VRTX_2023_5 (Chief Financial Officer) open-market purchase of $323,680.00",0000875320-23-000005,https://www.sec.gov/edgar/browse/?CIK=0000875320,data/industries/health_care/biotechnology/VRTX_insider_trades.csv
KO,The Coca-Cola Company,Consumer Staples,Beverages - Non-Alcoholic,2023-02-01,CONVICTION_BUY,228.87,2023-05-02,HOLDING_PERIOD_EXIT,291.76,90,27.48,2748.0,90,"C-Suite Conviction Buy: Insider_KO_2023_10 (Chief Financial Officer) open-market purchase of $770,364.00",0000021344-23-000010,https://www.sec.gov/edgar/browse/?CIK=0000021344,data/industries/consumer_staples/beverages_non_alcoholic/KO_insider_trades.csv
DUK,Duke Energy Corporation,Utilities,Utilities - Regulated Electric,2023-02-01,CONVICTION_BUY,239.92,2023-05-02,HOLDING_PERIOD_EXIT,258.92,90,7.92,792.0,80,"C-Suite Conviction Buy: Insider_DUK_2023_7 (Chief Financial Officer) open-market purchase of $410,280.00",0001326160-23-000007,https://www.sec.gov/edgar/browse/?CIK=0001326160,data/industries/utilities/utilities_regulated_electric/DUK_insider_trades.csv
CB,Chubb Limited,Financials,Insurance - Property & Casualty,2023-02-05,CONVICTION_BUY,160.39,2023-05-06,HOLDING_PERIOD_EXIT,187.53,90,16.92,1692.0,95,"C-Suite Conviction Buy: Insider_CB_2023_12 (Chief Executive Officer) open-market purchase of $1,030,584.00",0001559720-23-000012,https://www.sec.gov/edgar/browse/?CIK=0001559720,data/industries/financials/insurance_property_casualty/CB_insider_trades.csv
DE,Deere & Company,Industrials,Industrial Machinery,2023-02-11,CONVICTION_BUY,203.14,2023-05-12,HOLDING_PERIOD_EXIT,225.57,90,11.04,1104.0,70,"C-Suite Conviction Buy: Insider_DE_2023_8 (Chief Financial Officer) open-market purchase of $105,102.00",0000315189-23-000008,https://www.sec.gov/edgar/browse/?CIK=0000315189,data/industries/industrials/industrial_machinery/DE_insider_trades.csv
DUK,Duke Energy Corporation,Utilities,Utilities - Regulated Electric,2023-02-11,CONVICTION_BUY,162.52,2023-05-12,HOLDING_PERIOD_EXIT,209.91,90,29.16,2916.0,80,"C-Suite Conviction Buy: Insider_DUK_2023_7 (Chief Financial Officer) open-market purchase of $410,280.00",0001326160-23-000007,https://www.sec.gov/edgar/browse/?CIK=0001326160,data/industries/utilities/utilities_regulated_electric/DUK_insider_trades.csv
CB,Chubb Limited,Financials,Insurance - Property & Casualty,2023-02-17,CONVICTION_BUY,83.41,2023-05-18,HOLDING_PERIOD_EXIT,108.93,90,30.6,3060.0,95,"C-Suite Conviction Buy: Insider_CB_2023_12 (Chief Executive Officer) open-market purchase of $1,030,584.00",0001559720-23-000012,https://www.sec.gov/edgar/browse/?CIK=0001559720,data/industries/financials/insurance_property_casualty/CB_insider_trades.csv
LIN,Linde plc,Materials,Specialty Chemicals,2023-02-19,HEAVY_SELL_EXIT,132.33,2023-05-20,HOLDING_PERIOD_EXIT,149.8,90,13.2,1320.0,75,"Heavy Sell Exit: 2 executives sold $1,375,520.00 over 14 days",0001707925-23-000002,https://www.sec.gov/edgar/browse/?CIK=0001707925,data/industries/materials/specialty_chemicals/LIN_insider_trades.csv
COST,Costco Wholesale Corporation,Consumer Staples,Discount Stores,2023-02-21,HEAVY_SELL_EXIT,83.71,2023-05-22,HOLDING_PERIOD_EXIT,96.67,90,15.48,1548.0,80,"Heavy Sell Exit: 2 executives sold $1,972,405.00 over 14 days",0000909832-23-000004,https://www.sec.gov/edgar/browse/?CIK=0000909832,data/industries/consumer_staples/discount_stores/COST_insider_trades.csv
META,Meta Platforms Inc.,Communication Services,Internet Content & Information,2023-02-22,HEAVY_SELL_EXIT,90.36,2023-05-23,HOLDING_PERIOD_EXIT,122.24,90,35.28,3528.0,75,"Heavy Sell Exit: 2 executives sold $1,178,736.00 over 14 days",0001326801-23-000007,https://www.sec.gov/edgar/browse/?CIK=0001326801,data/industries/communication_services/internet_content_information/META_insider_trades.csv
VZ,Verizon Communications Inc.,Communication Services,Telecom Services,2023-02-24,HEAVY_SELL_EXIT,82.86,2023-05-25,HOLDING_PERIOD_EXIT,99.17,90,19.68,1968.0,80,"Heavy Sell Exit: 2 executives sold $1,610,842.00 over 14 days",0000732712-23-000010,https://www.sec.gov/edgar/browse/?CIK=0000732712,data/industries/communication_services/telecom_services/VZ_insider_trades.csv
DIS,The Walt Disney Company,Communication Services,Entertainment,2023-02-26,CONVICTION_BUY,188.1,2023-05-27,HOLDING_PERIOD_EXIT,221.96,90,18.0,1800.0,95,"C-Suite Conviction Buy: Insider_DIS_2023_5 (Chief Financial Officer) open-market purchase of $1,192,870.00",0001744489-23-000005,https://www.sec.gov/edgar/browse/?CIK=0001744489,data/industries/communication_services/entertainment/DIS_insider_trades.csv
DIS,The Walt Disney Company,Communication Services,Entertainment,2023-02-26,CLUSTER_BUY,188.1,2023-05-27,HOLDING_PERIOD_EXIT,167.41,90,-11.0,-1100.0,75,"Cluster Buy Trigger: 2 independent insiders purchased $1,774,789.00 within 14 days",0001744489-23-000003,https://www.sec.gov/edgar/browse/?CIK=0001744489,data/industries/communication_services/entertainment/DIS_insider_trades.csv
NVDA,NVIDIA Corporation,Information Technology,Semiconductors,2023-02-28,CLUSTER_BUY,96.32,2023-05-29,HOLDING_PERIOD_EXIT,116.32,90,20.76,2076.0,75,"Cluster Buy Trigger: 2 independent insiders purchased $666,310.00 within 14 days",0001045810-23-000001,https://www.sec.gov/edgar/browse/?CIK=0001045810,data/industries/information_technology/semiconductors/NVDA_insider_trades.csv
META,Meta Platforms Inc.,Communication Services,Internet Content & Information,2023-02-28,HEAVY_SELL_EXIT,243.09,2023-05-29,HOLDING_PERIOD_EXIT,320.98,90,32.04,3204.0,75,"Heavy Sell Exit: 2 executives sold $1,178,736.00 over 14 days",0001326801-23-000007,https://www.sec.gov/edgar/browse/?CIK=0001326801,data/industries/communication_services/internet_content_information/META_insider_trades.csv
SHW,The Sherwin-Williams Company,Materials,Specialty Chemicals,2023-03-02,CONVICTION_BUY,106.56,2023-05-31,HOLDING_PERIOD_EXIT,136.23,90,27.84,2784.0,90,"C-Suite Conviction Buy: Insider_SHW_2023_4 (Chief Executive Officer) open-market purchase of $838,464.00",0000089800-23-000004,https://www.sec.gov/edgar/browse/?CIK=0000089800,data/industries/materials/specialty_chemicals/SHW_insider_trades.csv
AMZN,Amazon.com Inc.,Consumer Discretionary,Internet Retail,2023-03-08,CONVICTION_BUY,147.55,2023-04-07,STOP_LOSS_EXIT,129.84,30,-12.0,-1200.0,90,"C-Suite Conviction Buy: Insider_AMZN_2023_4 (Chief Financial Officer) open-market purchase of $914,088.00",0001018724-23-000004,https://www.sec.gov/edgar/browse/?CIK=0001018724,data/industries/consumer_discretionary/internet_retail/AMZN_insider_trades.csv
TMUS,T-Mobile US Inc.,Communication Services,Telecom Services,2023-03-21,HEAVY_SELL_EXIT,141.15,2023-06-13,TAKE_PROFIT_TARGET,197.61,84,40.0,4000.0,75,"Heavy Sell Exit: 2 executives sold $1,360,941.00 over 14 days",0001283699-23-000006,https://www.sec.gov/edgar/browse/?CIK=0001283699,data/industries/communication_services/telecom_services/TMUS_insider_trades.csv
SYK,Stryker Corporation,Health Care,Medical Devices,2023-03-23,HEAVY_SELL_EXIT,223.45,2023-05-28,TAKE_PROFIT_TARGET,312.83,66,40.0,4000.0,75,"Heavy Sell Exit: 2 executives sold $1,119,384.00 over 14 days",0000310764-23-000005,https://www.sec.gov/edgar/browse/?CIK=0000310764,data/industries/health_care/medical_devices/SYK_insider_trades.csv
CMCSA,Comcast Corporation,Communication Services,Entertainment,2023-03-24,CLUSTER_BUY,216.1,2023-06-22,HOLDING_PERIOD_EXIT,254.74,90,17.88,1788.0,75,"Cluster Buy Trigger: 2 independent insiders purchased $1,068,690.00 within 14 days",0001166691-23-000003,https://www.sec.gov/edgar/browse/?CIK=0001166691,data/industries/communication_services/entertainment/CMCSA_insider_trades.csv
CMCSA,Comcast Corporation,Communication Services,Entertainment,2023-03-25,CLUSTER_BUY,102.48,2023-05-30,TAKE_PROFIT_TARGET,143.47,66,40.0,4000.0,75,"Cluster Buy Trigger: 2 independent insiders purchased $1,068,690.00 within 14 days",0001166691-23-000003,https://www.sec.gov/edgar/browse/?CIK=0001166691,data/industries/communication_services/entertainment/CMCSA_insider_trades.csv
SYK,Stryker Corporation,Health Care,Medical Devices,2023-03-31,CONVICTION_BUY,180.94,2023-06-29,HOLDING_PERIOD_EXIT,215.46,90,19.08,1908.0,95,"C-Suite Conviction Buy: Insider_SYK_2023_6 (Chief Executive Officer) open-market purchase of $1,606,542.00",0000310764-23-000006,https://www.sec.gov/edgar/browse/?CIK=0000310764,data/industries/health_care/medical_devices/SYK_insider_trades.csv
MSFT,Microsoft Corporation,Information Technology,Software - Infrastructure,2023-04-01,CLUSTER_BUY,177.72,2023-06-30,HOLDING_PERIOD_EXIT,200.97,90,13.08,1308.0,75,"Cluster Buy Trigger: 2 independent insiders purchased $600,763.00 within 14 days",0000789019-23-000003,https://www.sec.gov/edgar/browse/?CIK=0000789019,data/industries/information_technology/software_infrastructure/MSFT_insider_trades.csv
PFE,Pfizer Inc.,Health Care,Pharmaceuticals,2023-04-01,HEAVY_SELL_EXIT,257.38,2023-06-30,HOLDING_PERIOD_EXIT,336.14,90,30.6,3060.0,85,"Heavy Sell Exit: 2 executives sold $2,102,264.00 over 14 days",0000078003-23-000005,https://www.sec.gov/edgar/browse/?CIK=0000078003,data/industries/health_care/pharmaceuticals/PFE_insider_trades.csv
SBUX,Starbucks Corporation,Consumer Discretionary,Restaurants,2023-04-02,CONVICTION_BUY,250.2,2023-07-01,HOLDING_PERIOD_EXIT,331.26,90,32.4,3240.0,80,"C-Suite Conviction Buy: Insider_SBUX_2023_12 (Chief Executive Officer) open-market purchase of $495,495.00",0000829224-23-000012,https://www.sec.gov/edgar/browse/?CIK=0000829224,data/industries/consumer_discretionary/restaurants/SBUX_insider_trades.csv
XOM,Exxon Mobil Corporation,Energy,Oil & Gas Integrated,2023-04-02,CONVICTION_BUY,194.9,2023-07-01,HOLDING_PERIOD_EXIT,232.79,90,19.44,1944.0,95,"C-Suite Conviction Buy: Insider_XOM_2023_8 (Chief Financial Officer) open-market purchase of $1,175,559.00",0000034088-23-000008,https://www.sec.gov/edgar/browse/?CIK=0000034088,data/industries/energy/oil_gas_integrated/XOM_insider_trades.csv
MDT,Medtronic plc,Health Care,Medical Devices,2023-04-03,CONVICTION_BUY,240.97,2023-07-02,HOLDING_PERIOD_EXIT,322.8,90,33.96,3396.0,80,"C-Suite Conviction Buy: Insider_MDT_2023_8 (Chief Financial Officer) open-market purchase of $313,398.00",0000143899-23-000008,https://www.sec.gov/edgar/browse/?CIK=0000143899,data/industries/health_care/medical_devices/MDT_insider_trades.csv
SBUX,Starbucks Corporation,Consumer Discretionary,Restaurants,2023-04-03,CONVICTION_BUY,271.39,2023-07-02,HOLDING_PERIOD_EXIT,350.85,90,29.28,2928.0,80,"C-Suite Conviction Buy: Insider_SBUX_2023_12 (Chief Executive Officer) open-market purchase of $495,495.00",0000829224-23-000012,https://www.sec.gov/edgar/browse/?CIK=0000829224,data/industries/consumer_discretionary/restaurants/SBUX_insider_trades.csv
SBUX,Starbucks Corporation,Consumer Discretionary,Restaurants,2023-04-03,CLUSTER_BUY,271.39,2023-07-02,HOLDING_PERIOD_EXIT,350.85,90,29.28,2928.0,75,"Cluster Buy Trigger: 2 independent insiders purchased $1,462,422.00 within 14 days",0000829224-23-000012,https://www.sec.gov/edgar/browse/?CIK=0000829224,data/industries/consumer_discretionary/restaurants/SBUX_insider_trades.csv
ACN,Accenture plc,Information Technology,IT Services,2023-04-08,CONVICTION_BUY,211.57,2023-07-07,HOLDING_PERIOD_EXIT,288.24,90,36.24,3624.0,80,"C-Suite Conviction Buy: Insider_ACN_2023_10 (Chief Financial Officer) open-market purchase of $381,987.00",0001467373-23-000010,https://www.sec.gov/edgar/browse/?CIK=0001467373,data/industries/information_technology/it_services/ACN_insider_trades.csv
XOM,Exxon Mobil Corporation,Energy,Oil & Gas Integrated,2023-04-11,CONVICTION_BUY,277.49,2023-07-10,HOLDING_PERIOD_EXIT,331.1,90,19.32,1932.0,95,"C-Suite Conviction Buy: Insider_XOM_2023_8 (Chief Financial Officer) open-market purchase of $1,175,559.00",0000034088-23-000008,https://www.sec.gov/edgar/browse/?CIK=0000034088,data/industries/energy/oil_gas_integrated/XOM_insider_trades.csv
ACN,Accenture plc,Information Technology,IT Services,2023-04-15,CONVICTION_BUY,124.11,2023-07-14,HOLDING_PERIOD_EXIT,160.75,90,29.52,2952.0,80,"C-Suite Conviction Buy: Insider_ACN_2023_10 (Chief Financial Officer) open-market purchase of $381,987.00",0001467373-23-000010,https://www.sec.gov/edgar/browse/?CIK=0001467373,data/industries/information_technology/it_services/ACN_insider_trades.csv
ACN,Accenture plc,Information Technology,IT Services,2023-04-15,CLUSTER_BUY,124.11,2023-07-14,HOLDING_PERIOD_EXIT,160.75,90,29.52,2952.0,75,"Cluster Buy Trigger: 2 independent insiders purchased $588,552.00 within 14 days",0001467373-23-000010,https://www.sec.gov/edgar/browse/?CIK=0001467373,data/industries/information_technology/it_services/ACN_insider_trades.csv
PG,The Procter & Gamble Company,Consumer Staples,Household & Personal Products,2023-04-15,HEAVY_SELL_EXIT,122.27,2023-05-15,STOP_LOSS_EXIT,107.6,30,-12.0,-1200.0,75,"Heavy Sell Exit: 2 executives sold $1,460,490.00 over 14 days",0000080424-23-000007,https://www.sec.gov/edgar/browse/?CIK=0000080424,data/industries/consumer_staples/household_personal_products/PG_insider_trades.csv
JPM,JPMorgan Chase & Co.,Financials,Banks - Diversified,2023-04-20,CONVICTION_BUY,209.15,2023-07-19,HOLDING_PERIOD_EXIT,264.11,90,26.28,2628.0,80,"C-Suite Conviction Buy: Insider_JPM_2023_2 (Chief Financial Officer) open-market purchase of $394,750.00",0000019617-23-000002,https://www.sec.gov/edgar/browse/?CIK=0000019617,data/industries/financials/banks_diversified/JPM_insider_trades.csv
HD,The Home Depot Inc.,Consumer Discretionary,Home Improvement Retail,2023-04-24,HEAVY_SELL_EXIT,245.65,2023-07-05,TAKE_PROFIT_TARGET,343.91,72,40.0,4000.0,75,"Heavy Sell Exit: 2 executives sold $1,053,745.00 over 14 days",0000354950-23-000006,https://www.sec.gov/edgar/browse/?CIK=0000354950,data/industries/consumer_discretionary/home_improvement_retail/HD_insider_trades.csv
LLY,Eli Lilly and Company,Health Care,Pharmaceuticals,2023-04-25,CONVICTION_BUY,236.39,2023-07-24,HOLDING_PERIOD_EXIT,323.76,90,36.96,3696.0,80,"C-Suite Conviction Buy: Insider_LLY_2023_2 (Chief Executive Officer) open-market purchase of $409,560.00",0000059478-23-000002,https://www.sec.gov/edgar/browse/?CIK=0000059478,data/industries/health_care/pharmaceuticals/LLY_insider_trades.csv
EOG,EOG Resources Inc.,Energy,Oil & Gas E&P,2023-04-25,HEAVY_SELL_EXIT,120.17,2023-07-24,HOLDING_PERIOD_EXIT,143.24,90,19.2,1920.0,75,"Heavy Sell Exit: 2 executives sold $1,418,129.00 over 14 days",0000821189-23-000002,https://www.sec.gov/edgar/browse/?CIK=0000821189,data/industries/energy/oil_gas_ep/EOG_insider_trades.csv
T,AT&T Inc.,Communication Services,Telecom Services,2023-04-29,CLUSTER_BUY,187.64,2023-07-28,HOLDING_PERIOD_EXIT,260.37,90,38.76,3876.0,75,"Cluster Buy Trigger: 2 independent insiders purchased $2,136,747.00 within 14 days",0000007323-23-000002,https://www.sec.gov/edgar/browse/?CIK=0000007323,data/industries/communication_services/telecom_services/T_insider_trades.csv
JPM,JPMorgan Chase & Co.,Financials,Banks - Diversified,2023-05-02,CONVICTION_BUY,235.93,2023-07-23,TAKE_PROFIT_TARGET,330.3,82,40.0,4000.0,80,"C-Suite Conviction Buy: Insider_JPM_2023_2 (Chief Financial Officer) open-market purchase of $394,750.00",0000019617-23-000002,https://www.sec.gov/edgar/browse/?CIK=0000019617,data/industries/financials/banks_diversified/JPM_insider_trades.csv
JPM,JPMorgan Chase & Co.,Financials,Banks - Diversified,2023-05-02,CLUSTER_BUY,235.93,2023-07-23,TAKE_PROFIT_TARGET,330.3,82,40.0,4000.0,75,"Cluster Buy Trigger: 2 independent insiders purchased $1,334,542.00 within 14 days",0000019617-23-000002,https://www.sec.gov/edgar/browse/?CIK=0000019617,data/industries/financials/banks_diversified/JPM_insider_trades.csv
GS,The Goldman Sachs Group Inc.,Financials,Capital Markets,2023-05-02,HEAVY_SELL_EXIT,153.74,2023-07-31,HOLDING_PERIOD_EXIT,208.35,90,35.52,3552.0,75,"Heavy Sell Exit: 2 executives sold $1,200,942.00 over 14 days",0000886982-23-000001,https://www.sec.gov/edgar/browse/?CIK=0000886982,data/industries/financials/capital_markets/GS_insider_trades.csv
GE,General Electric Company,Industrials,Aerospace & Defense,2023-05-02,CONVICTION_BUY,162.86,2023-07-31,HOLDING_PERIOD_EXIT,222.86,90,36.84,3684.0,70,"C-Suite Conviction Buy: Insider_GE_2023_6 (Chief Executive Officer) open-market purchase of $167,692.00",0000040545-23-000006,https://www.sec.gov/edgar/browse/?CIK=0000040545,data/industries/industrials/aerospace_defense/GE_insider_trades.csv
EOG,EOG Resources Inc.,Energy,Oil & Gas E&P,2023-05-02,HEAVY_SELL_EXIT,125.35,2023-07-08,TAKE_PROFIT_TARGET,175.49,67,40.0,4000.0,80,"Heavy Sell Exit: 3 executives sold $1,508,310.00 over 14 days",0000821189-23-000002,https://www.sec.gov/edgar/browse/?CIK=0000821189,data/industries/energy/oil_gas_ep/EOG_insider_trades.csv
T,AT&T Inc.,Communication Services,Telecom Services,2023-05-03,CONVICTION_BUY,151.62,2023-08-01,HOLDING_PERIOD_EXIT,169.09,90,11.52,1152.0,80,"C-Suite Conviction Buy: Insider_T_2023_7 (Chief Executive Officer) open-market purchase of $431,613.00",0000007323-23-000007,https://www.sec.gov/edgar/browse/?CIK=0000007323,data/industries/communication_services/telecom_services/T_insider_trades.csv
T,AT&T Inc.,Communication Services,Telecom Services,2023-05-03,CLUSTER_BUY,151.62,2023-08-01,HOLDING_PERIOD_EXIT,169.09,90,11.52,1152.0,85,"Cluster Buy Trigger: 3 independent insiders purchased $2,568,360.00 within 14 days",0000007323-23-000002,https://www.sec.gov/edgar/browse/?CIK=0000007323,data/industries/communication_services/telecom_services/T_insider_trades.csv
PGR,The Progressive Corporation,Financials,Insurance - Property & Casualty,2023-05-06,CONVICTION_BUY,95.41,2023-08-04,HOLDING_PERIOD_EXIT,129.87,90,36.12,3612.0,90,"C-Suite Conviction Buy: Insider_PGR_2023_2 (Chief Financial Officer) open-market purchase of $760,794.00",0000080661-23-000002,https://www.sec.gov/edgar/browse/?CIK=0000080661,data/industries/financials/insurance_property_casualty/PGR_insider_trades.csv
WMT,Walmart Inc.,Consumer Staples,Discount Stores,2023-05-11,CONVICTION_BUY,127.68,2023-07-23,TAKE_PROFIT_TARGET,178.75,73,40.0,4000.0,95,"C-Suite Conviction Buy: Insider_WMT_2023_3 (Chief Financial Officer) open-market purchase of $2,017,250.00",0000104169-23-000003,https://www.sec.gov/edgar/browse/?CIK=0000104169,data/industries/consumer_staples/discount_stores/WMT_insider_trades.csv
BA,The Boeing Company,Industrials,Aerospace & Defense,2023-05-12,CONVICTION_BUY,210.3,2023-08-10,HOLDING_PERIOD_EXIT,236.55,90,12.48,1248.0,80,"C-Suite Conviction Buy: Insider_BA_2023_2 (Chief Financial Officer) open-market purchase of $345,808.00",0000012927-23-000002,https://www.sec.gov/edgar/browse/?CIK=0000012927,data/industries/industrials/aerospace_defense/BA_insider_trades.csv
MA,Mastercard Incorporated,Financials,Credit Services,2023-05-13,CONVICTION_BUY,194.74,2023-08-11,HOLDING_PERIOD_EXIT,262.74,90,34.92,3492.0,80,"C-Suite Conviction Buy: Insider_MA_2023_6 (Chief Executive Officer) open-market purchase of $279,213.00",0001141391-23-000006,https://www.sec.gov/edgar/browse/?CIK=0001141391,data/industries/financials/credit_services/MA_insider_trades.csv
GE,General Electric Company,Industrials,Aerospace & Defense,2023-05-13,CONVICTION_BUY,194.13,2023-08-11,HOLDING_PERIOD_EXIT,232.57,90,19.8,1980.0,70,"C-Suite Conviction Buy: Insider_GE_2023_6 (Chief Executive Officer) open-market purchase of $167,692.00",0000040545-23-000006,https://www.sec.gov/edgar/browse/?CIK=0000040545,data/industries/industrials/aerospace_defense/GE_insider_trades.csv
QCOM,QUALCOMM Incorporated,Information Technology,Semiconductors,2023-05-20,CLUSTER_BUY,258.23,2023-07-27,TAKE_PROFIT_TARGET,361.52,68,40.0,4000.0,75,"Cluster Buy Trigger: 2 independent insiders purchased $1,356,524.00 within 14 days",0000804328-23-000006,https://www.sec.gov/edgar/browse/?CIK=0000804328,data/industries/information_technology/semiconductors/QCOM_insider_trades.csv
CSCO,Cisco Systems Inc.,Information Technology,Communication Equipment,2023-05-21,CONVICTION_BUY,230.31,2023-08-01,TAKE_PROFIT_TARGET,322.43,72,40.0,4000.0,95,"C-Suite Conviction Buy: Insider_CSCO_2023_9 (Chief Executive Officer) open-market purchase of $1,068,690.00",0000023217-23-000009,https://www.sec.gov/edgar/browse/?CIK=0000023217,data/industries/information_technology/communication_equipment/CSCO_insider_trades.csv
MA,Mastercard Incorporated,Financials,Credit Services,2023-05-22,CONVICTION_BUY,204.97,2023-08-20,HOLDING_PERIOD_EXIT,237.68,90,15.96,1596.0,80,"C-Suite Conviction Buy: Insider_MA_2023_6 (Chief Executive Officer) open-market purchase of $279,213.00",0001141391-23-000006,https://www.sec.gov/edgar/browse/?CIK=0001141391,data/industries/financials/credit_services/MA_insider_trades.csv
MA,Mastercard Incorporated,Financials,Credit Services,2023-05-22,CLUSTER_BUY,204.97,2023-08-20,HOLDING_PERIOD_EXIT,237.68,90,15.96,1596.0,75,"Cluster Buy Trigger: 2 independent insiders purchased $1,096,809.00 within 14 days",0001141391-23-000006,https://www.sec.gov/edgar/browse/?CIK=0001141391,data/industries/financials/credit_services/MA_insider_trades.csv
DUK,Duke Energy Corporation,Utilities,Utilities - Regulated Electric,2023-05-24,HEAVY_SELL_EXIT,212.71,2023-08-22,HOLDING_PERIOD_EXIT,271.42,90,27.6,2760.0,80,"Heavy Sell Exit: 2 executives sold $1,721,115.00 over 14 days",0001326160-23-000005,https://www.sec.gov/edgar/browse/?CIK=0001326160,data/industries/utilities/utilities_regulated_electric/DUK_insider_trades.csv
GE,General Electric Company,Industrials,Aerospace & Defense,2023-06-01,CONVICTION_BUY,222.19,2023-08-30,HOLDING_PERIOD_EXIT,298.71,90,34.44,3444.0,95,"C-Suite Conviction Buy: Insider_GE_2023_8 (Chief Financial Officer) open-market purchase of $1,065,208.00",0000040545-23-000008,https://www.sec.gov/edgar/browse/?CIK=0000040545,data/industries/industrials/aerospace_defense/GE_insider_trades.csv
QCOM,QUALCOMM Incorporated,Information Technology,Semiconductors,2023-06-02,CLUSTER_BUY,138.73,2023-08-31,HOLDING_PERIOD_EXIT,184.84,90,33.24,3324.0,75,"Cluster Buy Trigger: 2 independent insiders purchased $1,356,524.00 within 14 days",0000804328-23-000006,https://www.sec.gov/edgar/browse/?CIK=0000804328,data/industries/information_technology/semiconductors/QCOM_insider_trades.csv
CSCO,Cisco Systems Inc.,Information Technology,Communication Equipment,2023-06-04,CONVICTION_BUY,105.81,2023-07-04,STOP_LOSS_EXIT,93.11,30,-12.0,-1200.0,95,"C-Suite Conviction Buy: Insider_CSCO_2023_9 (Chief Executive Officer) open-market purchase of $1,068,690.00",0000023217-23-000009,https://www.sec.gov/edgar/browse/?CIK=0000023217,data/industries/information_technology/communication_equipment/CSCO_insider_trades.csv
JPM,JPMorgan Chase & Co.,Financials,Banks - Diversified,2023-06-05,CONVICTION_BUY,162.9,2023-09-03,TAKE_PROFIT_TARGET,228.06,90,40.0,4000.0,70,"C-Suite Conviction Buy: Insider_JPM_2023_11 (Chief Executive Officer) open-market purchase of $157,365.00",0000019617-23-000011,https://www.sec.gov/edgar/browse/?CIK=0000019617,data/industries/financials/banks_diversified/JPM_insider_trades.csv
T,AT&T Inc.,Communication Services,Telecom Services,2023-06-08,HEAVY_SELL_EXIT,256.6,2023-09-06,HOLDING_PERIOD_EXIT,291.39,90,13.56,1356.0,75,"Heavy Sell Exit: 2 executives sold $1,166,168.00 over 14 days",0000007323-23-000005,https://www.sec.gov/edgar/browse/?CIK=0000007323,data/industries/communication_services/telecom_services/T_insider_trades.csv
GE,General Electric Company,Industrials,Aerospace & Defense,2023-06-11,CONVICTION_BUY,198.4,2023-09-09,HOLDING_PERIOD_EXIT,216.49,90,9.12,912.0,95,"C-Suite Conviction Buy: Insider_GE_2023_8 (Chief Financial Officer) open-market purchase of $1,065,208.00",0000040545-23-000008,https://www.sec.gov/edgar/browse/?CIK=0000040545,data/industries/industrials/aerospace_defense/GE_insider_trades.csv
C,Citigroup Inc.,Financials,Banks - Diversified,2023-06-14,HEAVY_SELL_EXIT,170.68,2023-09-12,HOLDING_PERIOD_EXIT,214.51,90,25.68,2568.0,75,"Heavy Sell Exit: 2 executives sold $1,450,260.00 over 14 days",0000831001-23-000002,https://www.sec.gov/edgar/browse/?CIK=0000831001,data/industries/financials/banks_diversified/C_insider_trades.csv
NVDA,NVIDIA Corporation,Information Technology,Semiconductors,2023-06-15,CONVICTION_BUY,108.18,2023-09-13,HOLDING_PERIOD_EXIT,120.64,90,11.52,1152.0,90,"C-Suite Conviction Buy: NVDA_CFO_Conviction (Chief Financial Officer) open-market purchase of $758,100.00",0001045810-23-99999CFO,https://www.sec.gov/edgar/browse/?CIK=0001045810,data/industries/information_technology/semiconductors/NVDA_insider_trades.csv
NVDA,NVIDIA Corporation,Information Technology,Semiconductors,2023-06-15,CLUSTER_BUY,108.18,2023-09-13,HOLDING_PERIOD_EXIT,120.64,90,11.52,1152.0,75,"Cluster Buy Trigger: 2 independent insiders purchased $1,560,700.00 within 14 days",0001045810-23-99999CFO,https://www.sec.gov/edgar/browse/?CIK=0001045810,data/industries/information_technology/semiconductors/NVDA_insider_trades.csv
AMD,Advanced Micro Devices Inc.,Information Technology,Semiconductors,2023-06-15,CONVICTION_BUY,89.39,2023-09-13,HOLDING_PERIOD_EXIT,102.26,90,14.4,1440.0,90,"C-Suite Conviction Buy: AMD_CFO_Conviction (Chief Financial Officer) open-market purchase of $972,650.00",0000002488-23-99999CFO,https://www.sec.gov/edgar/browse/?CIK=0000002488,data/industries/information_technology/semiconductors/AMD_insider_trades.csv
AMD,Advanced Micro Devices Inc.,Information Technology,Semiconductors,2023-06-15,CLUSTER_BUY,89.39,2023-09-13,HOLDING_PERIOD_EXIT,102.26,90,14.4,1440.0,75,"Cluster Buy Trigger: 2 independent insiders purchased $2,112,900.00 within 14 days",0000002488-23-99999CFO,https://www.sec.gov/edgar/browse/?CIK=0000002488,data/industries/information_technology/semiconductors/AMD_insider_trades.csv
MSFT,Microsoft Corporation,Information Technology,Software - Infrastructure,2023-06-15,CONVICTION_BUY,208.26,2023-09-02,TAKE_PROFIT_TARGET,291.56,79,40.0,4000.0,90,"C-Suite Conviction Buy: MSFT_CEO_Conviction (Chief Executive Officer) open-market purchase of $660,200.00",0000789019-23-99999CEO,https://www.sec.gov/edgar/browse/?CIK=0000789019,data/industries/information_technology/software_infrastructure/MSFT_insider_trades.csv
MSFT,Microsoft Corporation,Information Technology,Software - Infrastructure,2023-06-15,CLUSTER_BUY,208.26,2023-09-02,TAKE_PROFIT_TARGET,291.56,79,40.0,4000.0,85,"Cluster Buy Trigger: 3 independent insiders purchased $2,090,382.00 within 14 days",0000789019-23-000011,https://www.sec.gov/edgar/browse/?CIK=0000789019,data/industries/information_technology/software_infrastructure/MSFT_insider_trades.csv
AAPL,Apple Inc.,Information Technology,Consumer Electronics,2023-06-15,CONVICTION_BUY,245.02,2023-09-13,HOLDING_PERIOD_EXIT,324.11,90,32.28,3228.0,90,"C-Suite Conviction Buy: AAPL_CFO_Conviction (Chief Financial Officer) open-market purchase of $874,000.00",0000320193-23-99999CFO,https://www.sec.gov/edgar/browse/?CIK=0000320193,data/industries/information_technology/consumer_electronics/AAPL_insider_trades.csv
AAPL,Apple Inc.,Information Technology,Consumer Electronics,2023-06-15,CLUSTER_BUY,245.02,2023-09-13,HOLDING_PERIOD_EXIT,324.11,90,32.28,3228.0,75,"Cluster Buy Trigger: 2 independent insiders purchased $1,532,750.00 within 14 days",0000320193-23-99999CFO,https://www.sec.gov/edgar/browse/?CIK=0000320193,data/industries/information_technology/consumer_electronics/AAPL_insider_trades.csv
AMGN,Amgen Inc.,Health Care,Biotechnology,2023-06-15,CONVICTION_BUY,230.96,2023-08-26,TAKE_PROFIT_TARGET,323.34,72,40.0,4000.0,95,"C-Suite Conviction Buy: AMGN_CFO_Conviction (Chief Financial Officer) open-market purchase of $1,221,000.00",0000031462-23-99999CFO,https://www.sec.gov/edgar/browse/?CIK=0000031462,data/industries/health_care/biotechnology/AMGN_insider_trades.csv
AMGN,Amgen Inc.,Health Care,Biotechnology,2023-06-15,CLUSTER_BUY,230.96,2023-09-13,HOLDING_PERIOD_EXIT,204.86,90,-11.3,-1130.0,85,"Cluster Buy Trigger: 3 independent insiders purchased $2,193,208.00 within 14 days",0000031462-23-000003,https://www.sec.gov/edgar/browse/?CIK=0000031462,data/industries/health_care/biotechnology/AMGN_insider_trades.csv
JPM,JPMorgan Chase & Co.,Financials,Banks - Diversified,2023-06-15,CONVICTION_BUY,220.57,2023-08-28,TAKE_PROFIT_TARGET,308.8,74,40.0,4000.0,70,"C-Suite Conviction Buy: Insider_JPM_2023_11 (Chief Executive Officer) open-market purchase of $157,365.00",0000019617-23-000011,https://www.sec.gov/edgar/browse/?CIK=0000019617,data/industries/financials/banks_diversified/JPM_insider_trades.csv
JPM,JPMorgan Chase & Co.,Financials,Banks - Diversified,2023-06-15,CLUSTER_BUY,220.57,2023-08-28,TAKE_PROFIT_TARGET,308.8,74,40.0,4000.0,85,"Cluster Buy Trigger: 3 independent insiders purchased $1,665,565.00 within 14 days",0000019617-23-000011,https://www.sec.gov/edgar/browse/?CIK=0000019617,data/industries/financials/banks_diversified/JPM_insider_trades.csv
V,Visa Inc.,Financials,Credit Services,2023-06-15,CONVICTION_BUY,228.55,2023-08-24,TAKE_PROFIT_TARGET,319.97,70,40.0,4000.0,90,"C-Suite Conviction Buy: V_CFO_Conviction (Chief Financial Officer) open-market purchase of $554,450.00",0001403161-23-99999CFO,https://www.sec.gov/edgar/browse/?CIK=0001403161,data/industries/financials/credit_services/V_insider_trades.csv
V,Visa Inc.,Financials,Credit Services,2023-06-15,CLUSTER_BUY,228.55,2023-08-24,TAKE_PROFIT_TARGET,319.97,70,40.0,4000.0,75,"Cluster Buy Trigger: 2 independent insiders purchased $1,672,750.00 within 14 days",0001403161-23-99999CFO,https://www.sec.gov/edgar/browse/?CIK=0001403161,data/industries/financials/credit_services/V_insider_trades.csv
TSLA,Tesla Inc.,Consumer Discretionary,Automotive,2023-06-15,CONVICTION_BUY,247.22,2023-09-10,TAKE_PROFIT_TARGET,346.11,87,40.0,4000.0,90,"C-Suite Conviction Buy: TSLA_CFO_Conviction (Chief Financial Officer) open-market purchase of $661,950.00",0001318605-23-99999CFO,https://www.sec.gov/edgar/browse/?CIK=0001318605,data/industries/consumer_discretionary/automotive/TSLA_insider_trades.csv
TSLA,Tesla Inc.,Consumer Discretionary,Automotive,2023-06-15,CLUSTER_BUY,247.22,2023-09-10,TAKE_PROFIT_TARGET,346.11,87,40.0,4000.0,75,"Cluster Buy Trigger: 2 independent insiders purchased $1,884,550.00 within 14 days",0001318605-23-99999CFO,https://www.sec.gov/edgar/browse/?CIK=0001318605,data/industries/consumer_discretionary/automotive/TSLA_insider_trades.csv
AMZN,Amazon.com Inc.,Consumer Discretionary,Internet Retail,2023-06-15,CONVICTION_BUY,252.75,2023-08-27,TAKE_PROFIT_TARGET,353.85,73,40.0,4000.0,95,"C-Suite Conviction Buy: Insider_AMZN_2023_9 (Chief Executive Officer) open-market purchase of $1,205,050.00",0001018724-23-000009,https://www.sec.gov/edgar/browse/?CIK=0001018724,data/industries/consumer_discretionary/internet_retail/AMZN_insider_trades.csv
SCHW,The Charles Schwab Corporation,Financials,Capital Markets,2023-06-17,CLUSTER_BUY,113.36,2023-09-12,TAKE_PROFIT_TARGET,158.7,87,40.0,4000.0,75,"Cluster Buy Trigger: 2 independent insiders purchased $1,756,833.00 within 14 days",0000316709-23-000001,https://www.sec.gov/edgar/browse/?CIK=0000316709,data/industries/financials/capital_markets/SCHW_insider_trades.csv
AXP,American Express Company,Financials,Credit Services,2023-06-18,CONVICTION_BUY,263.78,2023-09-16,HOLDING_PERIOD_EXIT,302.71,90,14.76,1476.0,90,"C-Suite Conviction Buy: Insider_AXP_2023_6 (Chief Executive Officer) open-market purchase of $698,768.00",0000004962-23-000006,https://www.sec.gov/edgar/browse/?CIK=0000004962,data/industries/financials/credit_services/AXP_insider_trades.csv
AXP,American Express Company,Financials,Credit Services,2023-06-18,CLUSTER_BUY,263.78,2023-09-16,HOLDING_PERIOD_EXIT,302.71,90,14.76,1476.0,75,"Cluster Buy Trigger: 2 independent insiders purchased $2,205,359.00 within 14 days",0000004962-23-000001,https://www.sec.gov/edgar/browse/?CIK=0000004962,data/industries/financials/credit_services/AXP_insider_trades.csv
NVDA,NVIDIA Corporation,Information Technology,Semiconductors,2023-06-21,CONVICTION_BUY,133.85,2023-09-19,HOLDING_PERIOD_EXIT,159.71,90,19.32,1932.0,90,"C-Suite Conviction Buy: NVDA_CFO_Conviction (Chief Financial Officer) open-market purchase of $758,100.00",0001045810-23-99999CFO,https://www.sec.gov/edgar/browse/?CIK=0001045810,data/industries/information_technology/semiconductors/NVDA_insider_trades.csv
NVDA,NVIDIA Corporation,Information Technology,Semiconductors,2023-06-21,CLUSTER_BUY,133.85,2023-09-19,HOLDING_PERIOD_EXIT,159.71,90,19.32,1932.0,75,"Cluster Buy Trigger: 2 independent insiders purchased $1,560,700.00 within 14 days",0001045810-23-99999CFO,https://www.sec.gov/edgar/browse/?CIK=0001045810,data/industries/information_technology/semiconductors/NVDA_insider_trades.csv
C,Citigroup Inc.,Financials,Banks - Diversified,2023-06-21,HEAVY_SELL_EXIT,144.65,2023-09-19,HOLDING_PERIOD_EXIT,129.03,90,-10.8,-1080.0,75,"Heavy Sell Exit: 2 executives sold $1,450,260.00 over 14 days",0000831001-23-000002,https://www.sec.gov/edgar/browse/?CIK=0000831001,data/industries/financials/banks_diversified/C_insider_trades.csv
ORCL,Oracle Corporation,Information Technology,Software - Infrastructure,2023-06-23,CONVICTION_BUY,169.28,2023-09-21,HOLDING_PERIOD_EXIT,195.08,90,15.24,1524.0,95,"C-Suite Conviction Buy: Insider_ORCL_2023_8 (Chief Financial Officer) open-market purchase of $1,187,160.00",0001341439-23-000008,https://www.sec.gov/edgar/browse/?CIK=0001341439,data/industries/information_technology/software_infrastructure/ORCL_insider_trades.csv
AMD,Advanced Micro Devices Inc.,Information Technology,Semiconductors,2023-06-27,CONVICTION_BUY,82.48,2023-09-25,HOLDING_PERIOD_EXIT,89.61,90,8.64,864.0,90,"C-Suite Conviction Buy: AMD_CFO_Conviction (Chief Financial Officer) open-market purchase of $972,650.00",0000002488-23-99999CFO,https://www.sec.gov/edgar/browse/?CIK=0000002488,data/industries/information_technology/semiconductors/AMD_insider_trades.csv
AMD,Advanced Micro Devices Inc.,Information Technology,Semiconductors,2023-06-27,CLUSTER_BUY,82.48,2023-09-25,HOLDING_PERIOD_EXIT,89.61,90,8.64,864.0,75,"Cluster Buy Trigger: 2 independent insiders purchased $2,112,900.00 within 14 days",0000002488-23-99999CFO,https://www.sec.gov/edgar/browse/?CIK=0000002488,data/industries/information_technology/semiconductors/AMD_insider_trades.csv
CMCSA,Comcast Corporation,Communication Services,Entertainment,2023-06-29,CLUSTER_BUY,104.21,2023-09-27,HOLDING_PERIOD_EXIT,119.84,90,15.0,1500.0,75,"Cluster Buy Trigger: 2 independent insiders purchased $1,033,079.00 within 14 days",0001166691-23-000009,https://www.sec.gov/edgar/browse/?CIK=0001166691,data/industries/communication_services/entertainment/CMCSA_insider_trades.csv
ORCL,Oracle Corporation,Information Technology,Software - Infrastructure,2023-07-01,CONVICTION_BUY,240.37,2023-09-29,HOLDING_PERIOD_EXIT,315.94,90,31.44,3144.0,95,"C-Suite Conviction Buy: Insider_ORCL_2023_8 (Chief Financial Officer) open-market purchase of $1,187,160.00",0001341439-23-000008,https://www.sec.gov/edgar/browse/?CIK=0001341439,data/industries/information_technology/software_infrastructure/ORCL_insider_trades.csv
ORCL,Oracle Corporation,Information Technology,Software - Infrastructure,2023-07-01,CLUSTER_BUY,240.37,2023-09-29,HOLDING_PERIOD_EXIT,315.94,90,31.44,3144.0,75,"Cluster Buy Trigger: 2 independent insiders purchased $1,716,360.00 within 14 days",0001341439-23-000008,https://www.sec.gov/edgar/browse/?CIK=0001341439,data/industries/information_technology/software_infrastructure/ORCL_insider_trades.csv
ABT,Abbott Laboratories,Health Care,Medical Devices,2023-07-01,HEAVY_SELL_EXIT,158.22,2023-09-29,HOLDING_PERIOD_EXIT,211.57,90,33.72,3372.0,80,"Heavy Sell Exit: 2 executives sold $1,530,367.00 over 14 days",0000001800-23-000005,https://www.sec.gov/edgar/browse/?CIK=0000001800,data/industries/health_care/medical_devices/ABT_insider_trades.csv
MCD,McDonald's Corporation,Consumer Discretionary,Restaurants,2023-07-04,HEAVY_SELL_EXIT,98.09,2023-09-09,TAKE_PROFIT_TARGET,137.33,67,40.0,4000.0,75,"Heavy Sell Exit: 2 executives sold $1,243,754.00 over 14 days",0000063908-23-000006,https://www.sec.gov/edgar/browse/?CIK=0000063908,data/industries/consumer_discretionary/restaurants/MCD_insider_trades.csv
LMT,Lockheed Martin Corporation,Industrials,Aerospace & Defense,2023-07-04,CLUSTER_BUY,267.76,2023-10-02,HOLDING_PERIOD_EXIT,311.78,90,16.44,1644.0,75,"Cluster Buy Trigger: 2 independent insiders purchased $1,933,825.00 within 14 days",0000936468-23-000009,https://www.sec.gov/edgar/browse/?CIK=0000936468,data/industries/industrials/aerospace_defense/LMT_insider_trades.csv
MCD,McDonald's Corporation,Consumer Discretionary,Restaurants,2023-07-05,HEAVY_SELL_EXIT,244.06,2023-10-03,HOLDING_PERIOD_EXIT,326.65,90,33.84,3384.0,75,"Heavy Sell Exit: 3 executives sold $1,364,472.00 over 14 days",0000063908-23-000006,https://www.sec.gov/edgar/browse/?CIK=0000063908,data/industries/consumer_discretionary/restaurants/MCD_insider_trades.csv
CL,Colgate-Palmolive Company,Consumer Staples,Household & Personal Products,2023-07-05,CONVICTION_BUY,139.78,2023-10-03,HOLDING_PERIOD_EXIT,163.77,90,17.16,1716.0,80,"C-Suite Conviction Buy: Insider_CL_2023_8 (Chief Executive Officer) open-market purchase of $312,590.00",0000021665-23-000008,https://www.sec.gov/edgar/browse/?CIK=0000021665,data/industries/consumer_staples/household_personal_products/CL_insider_trades.csv
BA,The Boeing Company,Industrials,Aerospace & Defense,2023-07-09,CONVICTION_BUY,105.02,2023-10-07,HOLDING_PERIOD_EXIT,142.58,90,35.76,3576.0,70,"C-Suite Conviction Buy: Insider_BA_2023_3 (Chief Executive Officer) open-market purchase of $182,182.00",0000012927-23-000003,https://www.sec.gov/edgar/browse/?CIK=0000012927,data/industries/industrials/aerospace_defense/BA_insider_trades.csv
VRTX,Vertex Pharmaceuticals Incorporated,Health Care,Biotechnology,2023-07-10,CONVICTION_BUY,219.0,2023-10-08,HOLDING_PERIOD_EXIT,238.71,90,9.0,900.0,95,"C-Suite Conviction Buy: Insider_VRTX_2023_6 (Chief Financial Officer) open-market purchase of $1,112,064.00",0000875320-23-000006,https://www.sec.gov/edgar/browse/?CIK=0000875320,data/industries/health_care/biotechnology/VRTX_insider_trades.csv
LMT,Lockheed Martin Corporation,Industrials,Aerospace & Defense,2023-07-13,CLUSTER_BUY,249.98,2023-10-11,HOLDING_PERIOD_EXIT,329.77,90,31.92,3192.0,75,"Cluster Buy Trigger: 2 independent insiders purchased $1,249,505.00 within 14 days",0000936468-23-000003,https://www.sec.gov/edgar/browse/?CIK=0000936468,data/industries/industrials/aerospace_defense/LMT_insider_trades.csv
LMT,Lockheed Martin Corporation,Industrials,Aerospace & Defense,2023-07-16,CLUSTER_BUY,127.9,2023-10-14,HOLDING_PERIOD_EXIT,166.88,90,30.48,3048.0,85,"Cluster Buy Trigger: 3 independent insiders purchased $1,750,415.00 within 14 days",0000936468-23-000003,https://www.sec.gov/edgar/browse/?CIK=0000936468,data/industries/industrials/aerospace_defense/LMT_insider_trades.csv
VRTX,Vertex Pharmaceuticals Incorporated,Health Care,Biotechnology,2023-07-17,CONVICTION_BUY,184.4,2023-10-15,HOLDING_PERIOD_EXIT,214.72,90,16.44,1644.0,95,"C-Suite Conviction Buy: Insider_VRTX_2023_6 (Chief Financial Officer) open-market purchase of $1,112,064.00",0000875320-23-000006,https://www.sec.gov/edgar/browse/?CIK=0000875320,data/industries/health_care/biotechnology/VRTX_insider_trades.csv
VRTX,Vertex Pharmaceuticals Incorporated,Health Care,Biotechnology,2023-07-17,CLUSTER_BUY,184.4,2023-10-15,HOLDING_PERIOD_EXIT,214.72,90,16.44,1644.0,75,"Cluster Buy Trigger: 2 independent insiders purchased $2,438,809.00 within 14 days",0000875320-23-000006,https://www.sec.gov/edgar/browse/?CIK=0000875320,data/industries/health_care/biotechnology/VRTX_insider_trades.csv
EBAY,eBay Inc.,Consumer Discretionary,Internet Retail,2023-07-18,CONVICTION_BUY,112.44,2023-10-16,HOLDING_PERIOD_EXIT,139.02,90,23.64,2364.0,95,"C-Suite Conviction Buy: Insider_EBAY_2023_1 (Chief Financial Officer) open-market purchase of $1,228,512.00",0001065088-23-000001,https://www.sec.gov/edgar/browse/?CIK=0001065088,data/industries/consumer_discretionary/internet_retail/EBAY_insider_trades.csv
VZ,Verizon Communications Inc.,Communication Services,Telecom Services,2023-07-27,CONVICTION_BUY,213.97,2023-10-25,HOLDING_PERIOD_EXIT,264.55,90,23.64,2364.0,80,"C-Suite Conviction Buy: Insider_VZ_2023_11 (Chief Executive Officer) open-market purchase of $484,092.00",0000732712-23-000011,https://www.sec.gov/edgar/browse/?CIK=0000732712,data/industries/communication_services/telecom_services/VZ_insider_trades.csv
WMT,Walmart Inc.,Consumer Staples,Discount Stores,2023-07-28,CLUSTER_BUY,241.49,2023-10-26,HOLDING_PERIOD_EXIT,311.33,90,28.92,2892.0,75,"Cluster Buy Trigger: 2 independent insiders purchased $635,944.00 within 14 days",0000104169-23-000009,https://www.sec.gov/edgar/browse/?CIK=0000104169,data/industries/consumer_staples/discount_stores/WMT_insider_trades.csv
NFLX,Netflix Inc.,Communication Services,Entertainment,2023-07-29,CONVICTION_BUY,212.49,2023-10-20,TAKE_PROFIT_TARGET,297.49,83,40.0,4000.0,70,"C-Suite Conviction Buy: Insider_NFLX_2023_12 (Chief Executive Officer) open-market purchase of $120,868.00",0001065280-23-000012,https://www.sec.gov/edgar/browse/?CIK=0001065280,data/industries/communication_services/entertainment/NFLX_insider_trades.csv
TSLA,Tesla Inc.,Consumer Discretionary,Automotive,2023-08-03,CONVICTION_BUY,230.69,2023-11-01,HOLDING_PERIOD_EXIT,288.27,90,24.96,2496.0,95,"C-Suite Conviction Buy: Insider_TSLA_2023_5 (Chief Financial Officer) open-market purchase of $1,245,708.00",0001318605-23-000005,https://www.sec.gov/edgar/browse/?CIK=0001318605,data/industries/consumer_discretionary/automotive/TSLA_insider_trades.csv
VZ,Verizon Communications Inc.,Communication Services,Telecom Services,2023-08-03,CONVICTION_BUY,120.59,2023-11-01,HOLDING_PERIOD_EXIT,164.44,90,36.36,3636.0,80,"C-Suite Conviction Buy: Insider_VZ_2023_11 (Chief Executive Officer) open-market purchase of $484,092.00",0000732712-23-000011,https://www.sec.gov/edgar/browse/?CIK=0000732712,data/industries/communication_services/telecom_services/VZ_insider_trades.csv
AMD,Advanced Micro Devices Inc.,Information Technology,Semiconductors,2023-08-05,CONVICTION_BUY,246.28,2023-11-03,HOLDING_PERIOD_EXIT,342.03,90,38.88,3888.0,80,"C-Suite Conviction Buy: Insider_AMD_2023_1 (Chief Executive Officer) open-market purchase of $274,631.00",0000002488-23-000001,https://www.sec.gov/edgar/browse/?CIK=0000002488,data/industries/information_technology/semiconductors/AMD_insider_trades.csv
MCD,McDonald's Corporation,Consumer Discretionary,Restaurants,2023-08-05,CONVICTION_BUY,271.59,2023-11-03,HOLDING_PERIOD_EXIT,240.9,90,-11.3,-1130.0,80,"C-Suite Conviction Buy: Insider_MCD_2023_1 (Chief Financial Officer) open-market purchase of $304,788.00",0000063908-23-000001,https://www.sec.gov/edgar/browse/?CIK=0000063908,data/industries/consumer_discretionary/restaurants/MCD_insider_trades.csv
WFC,Wells Fargo & Company,Financials,Banks - Diversified,2023-08-10,CONVICTION_BUY,205.21,2023-11-08,HOLDING_PERIOD_EXIT,255.2,90,24.36,2436.0,95,"C-Suite Conviction Buy: Insider_WFC_2023_7 (Chief Executive Officer) open-market purchase of $1,334,850.00",0000072971-23-000007,https://www.sec.gov/edgar/browse/?CIK=0000072971,data/industries/financials/banks_diversified/WFC_insider_trades.csv
ORCL,Oracle Corporation,Information Technology,Software - Infrastructure,2023-08-13,CONVICTION_BUY,224.36,2023-11-11,HOLDING_PERIOD_EXIT,246.98,90,10.08,1008.0,95,"C-Suite Conviction Buy: Insider_ORCL_2023_12 (Chief Executive Officer) open-market purchase of $1,072,656.00",0001341439-23-000012,https://www.sec.gov/edgar/browse/?CIK=0001341439,data/industries/information_technology/software_infrastructure/ORCL_insider_trades.csv
ORCL,Oracle Corporation,Information Technology,Software - Infrastructure,2023-08-13,CLUSTER_BUY,224.36,2023-11-11,HOLDING_PERIOD_EXIT,246.98,90,10.08,1008.0,75,"Cluster Buy Trigger: 2 independent insiders purchased $1,517,751.00 within 14 days",0001341439-23-000005,https://www.sec.gov/edgar/browse/?CIK=0001341439,data/industries/information_technology/software_infrastructure/ORCL_insider_trades.csv
ADBE,Adobe Inc.,Information Technology,Software - Infrastructure,2023-08-16,CONVICTION_BUY,104.67,2023-11-14,HOLDING_PERIOD_EXIT,134.69,90,28.68,2868.0,90,"C-Suite Conviction Buy: Insider_ADBE_2023_5 (Chief Financial Officer) open-market purchase of $906,402.00",0000796343-23-000005,https://www.sec.gov/edgar/browse/?CIK=0000796343,data/industries/information_technology/software_infrastructure/ADBE_insider_trades.csv
MRNA,Moderna Inc.,Health Care,Biotechnology,2023-08-18,CONVICTION_BUY,145.35,2023-11-16,HOLDING_PERIOD_EXIT,159.48,90,9.72,972.0,80,"C-Suite Conviction Buy: Insider_MRNA_2023_5 (Chief Financial Officer) open-market purchase of $381,648.00",0001682852-23-000005,https://www.sec.gov/edgar/browse/?CIK=0001682852,data/industries/health_care/biotechnology/MRNA_insider_trades.csv
AMGN,Amgen Inc.,Health Care,Biotechnology,2023-08-20,CONVICTION_BUY,117.19,2023-11-18,HOLDING_PERIOD_EXIT,142.22,90,21.36,2136.0,95,"C-Suite Conviction Buy: Insider_AMGN_2023_7 (Chief Executive Officer) open-market purchase of $1,434,972.00",0000031462-23-000007,https://www.sec.gov/edgar/browse/?CIK=0000031462,data/industries/health_care/biotechnology/AMGN_insider_trades.csv
AMGN,Amgen Inc.,Health Care,Biotechnology,2023-08-22,CONVICTION_BUY,223.64,2023-11-20,HOLDING_PERIOD_EXIT,273.82,90,22.44,2244.0,95,"C-Suite Conviction Buy: Insider_AMGN_2023_7 (Chief Executive Officer) open-market purchase of $1,434,972.00",0000031462-23-000007,https://www.sec.gov/edgar/browse/?CIK=0000031462,data/industries/health_care/biotechnology/AMGN_insider_trades.csv
ADBE,Adobe Inc.,Information Technology,Software - Infrastructure,2023-08-23,CONVICTION_BUY,219.97,2023-11-21,HOLDING_PERIOD_EXIT,237.13,90,7.8,780.0,90,"C-Suite Conviction Buy: Insider_ADBE_2023_5 (Chief Financial Officer) open-market purchase of $906,402.00",0000796343-23-000005,https://www.sec.gov/edgar/browse/?CIK=0000796343,data/industries/information_technology/software_infrastructure/ADBE_insider_trades.csv
ADBE,Adobe Inc.,Information Technology,Software - Infrastructure,2023-08-23,CLUSTER_BUY,219.97,2023-11-21,HOLDING_PERIOD_EXIT,196.87,90,-10.5,-1050.0,75,"Cluster Buy Trigger: 2 independent insiders purchased $1,544,774.00 within 14 days",0000796343-23-000005,https://www.sec.gov/edgar/browse/?CIK=0000796343,data/industries/information_technology/software_infrastructure/ADBE_insider_trades.csv
JPM,JPMorgan Chase & Co.,Financials,Banks - Diversified,2023-08-23,CONVICTION_BUY,199.46,2023-11-05,TAKE_PROFIT_TARGET,279.24,74,40.0,4000.0,80,"C-Suite Conviction Buy: Insider_JPM_2023_12 (Chief Executive Officer) open-market purchase of $274,232.00",0000019617-23-000012,https://www.sec.gov/edgar/browse/?CIK=0000019617,data/industries/financials/banks_diversified/JPM_insider_trades.csv
AMGN,Amgen Inc.,Health Care,Biotechnology,2023-08-25,CONVICTION_BUY,208.3,2023-11-22,TAKE_PROFIT_TARGET,291.62,89,40.0,4000.0,95,"C-Suite Conviction Buy: Insider_AMGN_2023_7 (Chief Executive Officer) open-market purchase of $1,434,972.00",0000031462-23-000007,https://www.sec.gov/edgar/browse/?CIK=0000031462,data/industries/health_care/biotechnology/AMGN_insider_trades.csv
JPM,JPMorgan Chase & Co.,Financials,Banks - Diversified,2023-08-29,CONVICTION_BUY,226.28,2023-11-27,HOLDING_PERIOD_EXIT,256.96,90,13.56,1356.0,80,"C-Suite Conviction Buy: Insider_JPM_2023_12 (Chief Executive Officer) open-market purchase of $274,232.00",0000019617-23-000012,https://www.sec.gov/edgar/browse/?CIK=0000019617,data/industries/financials/banks_diversified/JPM_insider_trades.csv
WMT,Walmart Inc.,Consumer Staples,Discount Stores,2023-08-29,CONVICTION_BUY,239.72,2023-11-27,HOLDING_PERIOD_EXIT,283.44,90,18.24,1824.0,95,"C-Suite Conviction Buy: Insider_WMT_2023_8 (Chief Executive Officer) open-market purchase of $1,055,374.00",0000104169-23-000008,https://www.sec.gov/edgar/browse/?CIK=0000104169,data/industries/consumer_staples/discount_stores/WMT_insider_trades.csv
TSLA,Tesla Inc.,Consumer Discretionary,Automotive,2023-09-01,CONVICTION_BUY,173.58,2023-11-30,HOLDING_PERIOD_EXIT,206.49,90,18.96,1896.0,90,"C-Suite Conviction Buy: Insider_TSLA_2023_8 (Chief Executive Officer) open-market purchase of $586,228.00",0001318605-23-000008,https://www.sec.gov/edgar/browse/?CIK=0001318605,data/industries/consumer_discretionary/automotive/TSLA_insider_trades.csv
TSLA,Tesla Inc.,Consumer Discretionary,Automotive,2023-09-01,CLUSTER_BUY,173.58,2023-11-30,HOLDING_PERIOD_EXIT,206.49,90,18.96,1896.0,75,"Cluster Buy Trigger: 2 independent insiders purchased $852,221.00 within 14 days",0001318605-23-000003,https://www.sec.gov/edgar/browse/?CIK=0001318605,data/industries/consumer_discretionary/automotive/TSLA_insider_trades.csv
WMT,Walmart Inc.,Consumer Staples,Discount Stores,2023-09-01,CONVICTION_BUY,98.24,2023-10-01,STOP_LOSS_EXIT,86.45,30,-12.0,-1200.0,95,"C-Suite Conviction Buy: Insider_WMT_2023_8 (Chief Executive Officer) open-market purchase of $1,055,374.00",0000104169-23-000008,https://www.sec.gov/edgar/browse/?CIK=0000104169,data/industries/consumer_staples/discount_stores/WMT_insider_trades.csv
WMT,Walmart Inc.,Consumer Staples,Discount Stores,2023-09-01,CLUSTER_BUY,98.24,2023-10-01,STOP_LOSS_EXIT,86.45,30,-12.0,-1200.0,75,"Cluster Buy Trigger: 2 independent insiders purchased $1,994,699.00 within 14 days",0000104169-23-000008,https://www.sec.gov/edgar/browse/?CIK=0000104169,data/industries/consumer_staples/discount_stores/WMT_insider_trades.csv
ADBE,Adobe Inc.,Information Technology,Software - Infrastructure,2023-09-03,CLUSTER_BUY,106.47,2023-12-02,HOLDING_PERIOD_EXIT,126.27,90,18.6,1860.0,75,"Cluster Buy Trigger: 2 independent insiders purchased $991,052.00 within 14 days",0000796343-23-000007,https://www.sec.gov/edgar/browse/?CIK=0000796343,data/industries/information_technology/software_infrastructure/ADBE_insider_trades.csv
ADBE,Adobe Inc.,Information Technology,Software - Infrastructure,2023-09-09,CONVICTION_BUY,157.12,2023-12-08,HOLDING_PERIOD_EXIT,202.37,90,28.8,2880.0,95,"C-Suite Conviction Buy: Insider_ADBE_2023_8 (Chief Financial Officer) open-market purchase of $1,212,944.00",0000796343-23-000008,https://www.sec.gov/edgar/browse/?CIK=0000796343,data/industries/information_technology/software_infrastructure/ADBE_insider_trades.csv
ADBE,Adobe Inc.,Information Technology,Software - Infrastructure,2023-09-09,CLUSTER_BUY,157.12,2023-12-08,HOLDING_PERIOD_EXIT,202.37,90,28.8,2880.0,75,"Cluster Buy Trigger: 2 independent insiders purchased $1,565,624.00 within 14 days",0000796343-23-000006,https://www.sec.gov/edgar/browse/?CIK=0000796343,data/industries/information_technology/software_infrastructure/ADBE_insider_trades.csv
CB,Chubb Limited,Financials,Insurance - Property & Casualty,2023-09-15,CONVICTION_BUY,111.78,2023-12-14,HOLDING_PERIOD_EXIT,99.93,90,-10.6,-1060.0,70,"C-Suite Conviction Buy: Insider_CB_2023_13 (Chief Executive Officer) open-market purchase of $202,125.00",0001559720-23-000013,https://www.sec.gov/edgar/browse/?CIK=0001559720,data/industries/financials/insurance_property_casualty/CB_insider_trades.csv
WFC,Wells Fargo & Company,Financials,Banks - Diversified,2023-10-03,HEAVY_SELL_EXIT,182.32,2023-12-20,TAKE_PROFIT_TARGET,255.25,78,40.0,4000.0,80,"Heavy Sell Exit: 2 executives sold $1,957,850.00 over 14 days",0000072971-23-000009,https://www.sec.gov/edgar/browse/?CIK=0000072971,data/industries/financials/banks_diversified/WFC_insider_trades.csv
SO,The Southern Company,Utilities,Utilities - Regulated Electric,2023-10-04,HEAVY_SELL_EXIT,232.52,2024-01-02,HOLDING_PERIOD_EXIT,291.12,90,25.2,2520.0,85,"Heavy Sell Exit: 2 executives sold $2,003,157.00 over 14 days",0000092122-23-000003,https://www.sec.gov/edgar/browse/?CIK=0000092122,data/industries/utilities/utilities_regulated_electric/SO_insider_trades.csv
SHW,The Sherwin-Williams Company,Materials,Specialty Chemicals,2023-10-13,CONVICTION_BUY,226.9,2024-01-11,HOLDING_PERIOD_EXIT,247.32,90,9.0,900.0,95,"C-Suite Conviction Buy: Insider_SHW_2023_2 (Chief Executive Officer) open-market purchase of $1,389,942.00",0000089800-23-000002,https://www.sec.gov/edgar/browse/?CIK=0000089800,data/industries/materials/specialty_chemicals/SHW_insider_trades.csv
CMCSA,Comcast Corporation,Communication Services,Entertainment,2023-10-14,CONVICTION_BUY,115.03,2023-12-25,TAKE_PROFIT_TARGET,161.04,72,40.0,4000.0,80,"C-Suite Conviction Buy: Insider_CMCSA_2023_13 (Chief Financial Officer) open-market purchase of $358,329.00",0001166691-23-000013,https://www.sec.gov/edgar/browse/?CIK=0001166691,data/industries/communication_services/entertainment/CMCSA_insider_trades.csv
ABT,Abbott Laboratories,Health Care,Medical Devices,2023-11-03,CONVICTION_BUY,210.28,2024-01-08,TAKE_PROFIT_TARGET,294.39,66,40.0,4000.0,95,"C-Suite Conviction Buy: Insider_ABT_2023_4 (Chief Executive Officer) open-market purchase of $1,015,950.00",0000001800-23-000004,https://www.sec.gov/edgar/browse/?CIK=0000001800,data/industries/health_care/medical_devices/ABT_insider_trades.csv
CB,Chubb Limited,Financials,Insurance - Property & Casualty,2023-11-04,HEAVY_SELL_EXIT,131.56,2024-02-02,HOLDING_PERIOD_EXIT,145.29,90,10.44,1044.0,75,"Heavy Sell Exit: 2 executives sold $1,383,204.00 over 14 days",0001559720-23-000009,https://www.sec.gov/edgar/browse/?CIK=0001559720,data/industries/financials/insurance_property_casualty/CB_insider_trades.csv
SBUX,Starbucks Corporation,Consumer Discretionary,Restaurants,2023-11-04,HEAVY_SELL_EXIT,148.3,2024-02-02,HOLDING_PERIOD_EXIT,179.27,90,20.88,2088.0,80,"Heavy Sell Exit: 2 executives sold $1,709,360.00 over 14 days",0000829224-23-000005,https://www.sec.gov/edgar/browse/?CIK=0000829224,data/industries/consumer_discretionary/restaurants/SBUX_insider_trades.csv
IBM,International Business Machines Corporation,Information Technology,IT Services,2023-11-07,HEAVY_SELL_EXIT,233.39,2024-02-05,HOLDING_PERIOD_EXIT,292.76,90,25.44,2544.0,80,"Heavy Sell Exit: 2 executives sold $1,509,760.00 over 14 days",0000051143-23-000007,https://www.sec.gov/edgar/browse/?CIK=0000051143,data/industries/information_technology/it_services/IBM_insider_trades.csv
JPM,JPMorgan Chase & Co.,Financials,Banks - Diversified,2023-11-11,HEAVY_SELL_EXIT,118.42,2024-02-09,HOLDING_PERIOD_EXIT,130.5,90,10.2,1020.0,80,"Heavy Sell Exit: 2 executives sold $1,809,245.00 over 14 days",0000019617-23-000005,https://www.sec.gov/edgar/browse/?CIK=0000019617,data/industries/financials/banks_diversified/JPM_insider_trades.csv
FCX,Freeport-McMoRan Inc.,Materials,Copper & Metals,2023-11-11,CONVICTION_BUY,175.02,2024-02-09,HOLDING_PERIOD_EXIT,236.14,90,34.92,3492.0,70,"C-Suite Conviction Buy: Insider_FCX_2023_5 (Chief Executive Officer) open-market purchase of $139,140.00",0000831259-23-000005,https://www.sec.gov/edgar/browse/?CIK=0000831259,data/industries/materials/copper_metals/FCX_insider_trades.csv
ABT,Abbott Laboratories,Health Care,Medical Devices,2023-11-12,CONVICTION_BUY,273.33,2024-02-10,HOLDING_PERIOD_EXIT,332.04,90,21.48,2148.0,95,"C-Suite Conviction Buy: Insider_ABT_2023_4 (Chief Executive Officer) open-market purchase of $1,015,950.00",0000001800-23-000004,https://www.sec.gov/edgar/browse/?CIK=0000001800,data/industries/health_care/medical_devices/ABT_insider_trades.csv
GILD,Gilead Sciences Inc.,Health Care,Biotechnology,2023-11-15,CONVICTION_BUY,231.7,2024-02-13,HOLDING_PERIOD_EXIT,306.77,90,32.4,3240.0,80,"C-Suite Conviction Buy: Insider_GILD_2023_2 (Chief Executive Officer) open-market purchase of $256,752.00",0000882095-23-000002,https://www.sec.gov/edgar/browse/?CIK=0000882095,data/industries/health_care/biotechnology/GILD_insider_trades.csv
ORCL,Oracle Corporation,Information Technology,Software - Infrastructure,2023-11-26,HEAVY_SELL_EXIT,172.38,2024-02-24,HOLDING_PERIOD_EXIT,236.3,90,37.08,3708.0,90,"Heavy Sell Exit: 2 executives sold $2,748,672.00 over 14 days",0001341439-23-000009,https://www.sec.gov/edgar/browse/?CIK=0001341439,data/industries/information_technology/software_infrastructure/ORCL_insider_trades.csv
TGT,Target Corporation,Consumer Staples,Discount Stores,2023-11-26,CONVICTION_BUY,272.06,2024-02-21,TAKE_PROFIT_TARGET,380.88,87,40.0,4000.0,80,"C-Suite Conviction Buy: Insider_TGT_2023_2 (Chief Financial Officer) open-market purchase of $454,940.00",0000027419-23-000002,https://www.sec.gov/edgar/browse/?CIK=0000027419,data/industries/consumer_staples/discount_stores/TGT_insider_trades.csv
SO,The Southern Company,Utilities,Utilities - Regulated Electric,2023-12-02,HEAVY_SELL_EXIT,240.26,2024-02-29,TAKE_PROFIT_TARGET,336.36,89,40.0,4000.0,90,"Heavy Sell Exit: 2 executives sold $2,725,743.00 over 14 days",0000092122-23-000004,https://www.sec.gov/edgar/browse/?CIK=0000092122,data/industries/utilities/utilities_regulated_electric/SO_insider_trades.csv
TGT,Target Corporation,Consumer Staples,Discount Stores,2023-12-05,CONVICTION_BUY,134.74,2024-03-04,HOLDING_PERIOD_EXIT,186.32,90,38.28,3828.0,80,"C-Suite Conviction Buy: Insider_TGT_2023_2 (Chief Financial Officer) open-market purchase of $454,940.00",0000027419-23-000002,https://www.sec.gov/edgar/browse/?CIK=0000027419,data/industries/consumer_staples/discount_stores/TGT_insider_trades.csv
AMT,American Tower Corporation,Real Estate,REIT - Telecom Tower,2023-12-05,HEAVY_SELL_EXIT,269.1,2024-03-04,HOLDING_PERIOD_EXIT,349.83,90,30.0,3000.0,80,"Heavy Sell Exit: 2 executives sold $1,914,158.00 over 14 days",0001053507-23-000011,https://www.sec.gov/edgar/browse/?CIK=0001053507,data/industries/real_estate/reit_telecom_tower/AMT_insider_trades.csv
PLD,Prologis Inc.,Real Estate,REIT - Industrial,2023-12-06,HEAVY_SELL_EXIT,233.52,2024-03-05,HOLDING_PERIOD_EXIT,289.56,90,24.0,2400.0,75,"Heavy Sell Exit: 2 executives sold $1,188,761.00 over 14 days",0001045609-23-000002,https://www.sec.gov/edgar/browse/?CIK=0001045609,data/industries/real_estate/reit_industrial/PLD_insider_trades.csv
BAC,Bank of America Corporation,Financials,Banks - Diversified,2023-12-07,CONVICTION_BUY,182.48,2024-03-06,HOLDING_PERIOD_EXIT,245.11,90,34.32,3432.0,70,"C-Suite Conviction Buy: Insider_BAC_2023_1 (Chief Financial Officer) open-market purchase of $165,044.00",0000070858-23-000001,https://www.sec.gov/edgar/browse/?CIK=0000070858,data/industries/financials/banks_diversified/BAC_insider_trades.csv
AMT,American Tower Corporation,Real Estate,REIT - Telecom Tower,2023-12-07,HEAVY_SELL_EXIT,106.24,2024-03-06,HOLDING_PERIOD_EXIT,145.76,90,37.2,3720.0,85,"Heavy Sell Exit: 3 executives sold $2,244,998.00 over 14 days",0001053507-23-000011,https://www.sec.gov/edgar/browse/?CIK=0001053507,data/industries/real_estate/reit_telecom_tower/AMT_insider_trades.csv
MU,Micron Technology Inc.,Information Technology,Semiconductors,2023-12-08,CONVICTION_BUY,100.43,2024-02-23,TAKE_PROFIT_TARGET,140.6,77,40.0,4000.0,90,"C-Suite Conviction Buy: Insider_MU_2023_1 (Chief Financial Officer) open-market purchase of $704,613.00",0000072333-23-000001,https://www.sec.gov/edgar/browse/?CIK=0000072333,data/industries/information_technology/semiconductors/MU_insider_trades.csv
LMT,Lockheed Martin Corporation,Industrials,Aerospace & Defense,2023-12-08,CLUSTER_BUY,207.45,2024-03-07,HOLDING_PERIOD_EXIT,255.5,90,23.16,2316.0,75,"Cluster Buy Trigger: 2 independent insiders purchased $1,604,895.00 within 14 days",0000936468-23-000002,https://www.sec.gov/edgar/browse/?CIK=0000936468,data/industries/industrials/aerospace_defense/LMT_insider_trades.csv
MDT,Medtronic plc,Health Care,Medical Devices,2023-12-11,HEAVY_SELL_EXIT,252.27,2024-03-10,HOLDING_PERIOD_EXIT,285.87,90,13.32,1332.0,80,"Heavy Sell Exit: 2 executives sold $1,707,744.00 over 14 days",0000143899-23-000001,https://www.sec.gov/edgar/browse/?CIK=0000143899,data/industries/health_care/medical_devices/MDT_insider_trades.csv
MDT,Medtronic plc,Health Care,Medical Devices,2023-12-18,HEAVY_SELL_EXIT,161.93,2024-03-17,HOLDING_PERIOD_EXIT,189.72,90,17.16,1716.0,75,"Heavy Sell Exit: 2 executives sold $1,065,745.00 over 14 days",0000143899-23-000006,https://www.sec.gov/edgar/browse/?CIK=0000143899,data/industries/health_care/medical_devices/MDT_insider_trades.csv
ELV,Elevance Health Inc.,Health Care,Health Care Plans,2023-12-20,HEAVY_SELL_EXIT,230.87,2024-03-16,TAKE_PROFIT_TARGET,323.22,87,40.0,4000.0,75,"Heavy Sell Exit: 2 executives sold $1,225,125.00 over 14 days",0001156039-23-000009,https://www.sec.gov/edgar/browse/?CIK=0001156039,data/industries/health_care/health_care_plans/ELV_insider_trades.csv
UNH,UnitedHealth Group Incorporated,Health Care,Health Care Plans,2023-12-26,HEAVY_SELL_EXIT,104.8,2024-03-25,HOLDING_PERIOD_EXIT,126.05,90,20.28,2028.0,80,"Heavy Sell Exit: 2 executives sold $1,958,583.00 over 14 days",0000731766-23-000003,https://www.sec.gov/edgar/browse/?CIK=0000731766,data/industries/health_care/health_care_plans/UNH_insider_trades.csv
NEE,NextEra Energy Inc.,Utilities,Utilities - Regulated Electric,2023-12-26,HEAVY_SELL_EXIT,232.96,2024-03-25,HOLDING_PERIOD_EXIT,274.05,90,17.64,1764.0,75,"Heavy Sell Exit: 2 executives sold $1,044,552.00 over 14 days",0000753308-23-000010,https://www.sec.gov/edgar/browse/?CIK=0000753308,data/industries/utilities/utilities_regulated_electric/NEE_insider_trades.csv
NEE,NextEra Energy Inc.,Utilities,Utilities - Regulated Electric,2024-01-03,HEAVY_SELL_EXIT,134.94,2024-04-02,HOLDING_PERIOD_EXIT,157.77,90,16.92,1692.0,75,"Heavy Sell Exit: 2 executives sold $1,470,846.00 over 14 days",0000753308-23-000008,https://www.sec.gov/edgar/browse/?CIK=0000753308,data/industries/utilities/utilities_regulated_electric/NEE_insider_trades.csv
NEE,NextEra Energy Inc.,Utilities,Utilities - Regulated Electric,2024-01-07,HEAVY_SELL_EXIT,165.82,2024-03-18,TAKE_PROFIT_TARGET,232.15,71,40.0,4000.0,85,"Heavy Sell Exit: 3 executives sold $2,333,141.00 over 14 days",0000753308-23-000008,https://www.sec.gov/edgar/browse/?CIK=0000753308,data/industries/utilities/utilities_regulated_electric/NEE_insider_trades.csv
IBM,International Business Machines Corporation,Information Technology,IT Services,2024-01-09,HEAVY_SELL_EXIT,109.42,2024-04-08,HOLDING_PERIOD_EXIT,140.8,90,28.68,2868.0,75,"Heavy Sell Exit: 2 executives sold $1,155,070.00 over 14 days",0000051143-23-000008,https://www.sec.gov/edgar/browse/?CIK=0000051143,data/industries/information_technology/it_services/IBM_insider_trades.csv
NEE,NextEra Energy Inc.,Utilities,Utilities - Regulated Electric,2024-01-16,HEAVY_SELL_EXIT,223.29,2024-04-15,HOLDING_PERIOD_EXIT,296.98,90,33.0,3300.0,75,"Heavy Sell Exit: 2 executives sold $1,339,655.00 over 14 days",0000753308-24-000013,https://www.sec.gov/edgar/browse/?CIK=0000753308,data/industries/utilities/utilities_regulated_electric/NEE_insider_trades.csv
PLD,Prologis Inc.,Real Estate,REIT - Industrial,2024-01-19,HEAVY_SELL_EXIT,145.31,2024-04-18,HOLDING_PERIOD_EXIT,165.71,90,14.04,1404.0,75,"Heavy Sell Exit: 2 executives sold $1,117,850.00 over 14 days",0001045609-24-000003,https://www.sec.gov/edgar/browse/?CIK=0001045609,data/industries/real_estate/reit_industrial/PLD_insider_trades.csv
PEP,PepsiCo Inc.,Consumer Staples,Beverages - Non-Alcoholic,2024-01-20,HEAVY_SELL_EXIT,204.15,2024-04-19,HOLDING_PERIOD_EXIT,256.58,90,25.68,2568.0,75,"Heavy Sell Exit: 2 executives sold $1,071,786.00 over 14 days",0000077476-24-000002,https://www.sec.gov/edgar/browse/?CIK=0000077476,data/industries/consumer_staples/beverages_non_alcoholic/PEP_insider_trades.csv
LLY,Eli Lilly and Company,Health Care,Pharmaceuticals,2024-01-21,CONVICTION_BUY,197.52,2024-03-30,TAKE_PROFIT_TARGET,276.53,69,40.0,4000.0,80,"C-Suite Conviction Buy: Insider_LLY_2024_2 (Chief Financial Officer) open-market purchase of $473,517.00",0000059478-24-000002,https://www.sec.gov/edgar/browse/?CIK=0000059478,data/industries/health_care/pharmaceuticals/LLY_insider_trades.csv
PEP,PepsiCo Inc.,Consumer Staples,Beverages - Non-Alcoholic,2024-02-14,HEAVY_SELL_EXIT,182.01,2024-05-14,HOLDING_PERIOD_EXIT,195.99,90,7.68,768.0,75,"Heavy Sell Exit: 2 executives sold $1,044,573.00 over 14 days",0000077476-24-000011,https://www.sec.gov/edgar/browse/?CIK=0000077476,data/industries/consumer_staples/beverages_non_alcoholic/PEP_insider_trades.csv
EBAY,eBay Inc.,Consumer Discretionary,Internet Retail,2024-02-15,HEAVY_SELL_EXIT,109.95,2024-05-15,HOLDING_PERIOD_EXIT,152.43,90,38.64,3864.0,90,"Heavy Sell Exit: 2 executives sold $2,665,806.00 over 14 days",0001065088-24-000005,https://www.sec.gov/edgar/browse/?CIK=0001065088,data/industries/consumer_discretionary/internet_retail/EBAY_insider_trades.csv
MU,Micron Technology Inc.,Information Technology,Semiconductors,2024-02-19,HEAVY_SELL_EXIT,98.73,2024-05-19,HOLDING_PERIOD_EXIT,87.67,90,-11.2,-1120.0,75,"Heavy Sell Exit: 2 executives sold $1,062,568.00 over 14 days",0000072333-24-000007,https://www.sec.gov/edgar/browse/?CIK=0000072333,data/industries/information_technology/semiconductors/MU_insider_trades.csv
TGT,Target Corporation,Consumer Staples,Discount Stores,2024-02-21,HEAVY_SELL_EXIT,254.55,2024-05-21,HOLDING_PERIOD_EXIT,295.18,90,15.96,1596.0,90,"Heavy Sell Exit: 2 executives sold $2,648,380.00 over 14 days",0000027419-24-000005,https://www.sec.gov/edgar/browse/?CIK=0000027419,data/industries/consumer_staples/discount_stores/TGT_insider_trades.csv
TSLA,Tesla Inc.,Consumer Discretionary,Automotive,2024-02-29,CONVICTION_BUY,256.63,2024-05-29,TAKE_PROFIT_TARGET,359.28,90,40.0,4000.0,95,"C-Suite Conviction Buy: Insider_TSLA_2024_5 (Chief Financial Officer) open-market purchase of $1,010,136.00",0001318605-24-000005,https://www.sec.gov/edgar/browse/?CIK=0001318605,data/industries/consumer_discretionary/automotive/TSLA_insider_trades.csv
TSLA,Tesla Inc.,Consumer Discretionary,Automotive,2024-02-29,CLUSTER_BUY,256.63,2024-05-29,TAKE_PROFIT_TARGET,359.28,90,40.0,4000.0,85,"Cluster Buy Trigger: 3 independent insiders purchased $3,470,938.00 within 14 days",0001318605-24-000003,https://www.sec.gov/edgar/browse/?CIK=0001318605,data/industries/consumer_discretionary/automotive/TSLA_insider_trades.csv
CSCO,Cisco Systems Inc.,Information Technology,Communication Equipment,2024-03-01,HEAVY_SELL_EXIT,165.53,2024-05-30,HOLDING_PERIOD_EXIT,211.61,90,27.84,2784.0,85,"Heavy Sell Exit: 2 executives sold $2,084,478.00 over 14 days",0000023217-24-000007,https://www.sec.gov/edgar/browse/?CIK=0000023217,data/industries/information_technology/communication_equipment/CSCO_insider_trades.csv
IBM,International Business Machines Corporation,Information Technology,IT Services,2024-03-08,CONVICTION_BUY,277.18,2024-06-06,HOLDING_PERIOD_EXIT,331.4,90,19.56,1956.0,70,"C-Suite Conviction Buy: Insider_IBM_2024_2 (Chief Executive Officer) open-market purchase of $238,272.00",0000051143-24-000002,https://www.sec.gov/edgar/browse/?CIK=0000051143,data/industries/information_technology/it_services/IBM_insider_trades.csv
TSLA,Tesla Inc.,Consumer Discretionary,Automotive,2024-03-09,CONVICTION_BUY,153.67,2024-06-07,HOLDING_PERIOD_EXIT,169.71,90,10.44,1044.0,95,"C-Suite Conviction Buy: Insider_TSLA_2024_5 (Chief Financial Officer) open-market purchase of $1,010,136.00",0001318605-24-000005,https://www.sec.gov/edgar/browse/?CIK=0001318605,data/industries/consumer_discretionary/automotive/TSLA_insider_trades.csv
TSLA,Tesla Inc.,Consumer Discretionary,Automotive,2024-03-09,CLUSTER_BUY,153.67,2024-06-07,HOLDING_PERIOD_EXIT,169.71,90,10.44,1044.0,85,"Cluster Buy Trigger: 3 independent insiders purchased $3,470,938.00 within 14 days",0001318605-24-000003,https://www.sec.gov/edgar/browse/?CIK=0001318605,data/industries/consumer_discretionary/automotive/TSLA_insider_trades.csv
SNPS,Synopsys Inc.,Information Technology,Software - Infrastructure,2024-03-10,HEAVY_SELL_EXIT,83.95,2024-06-08,HOLDING_PERIOD_EXIT,103.29,90,23.04,2304.0,85,"Heavy Sell Exit: 2 executives sold $2,455,710.00 over 14 days",0000883241-24-000013,https://www.sec.gov/edgar/browse/?CIK=0000883241,data/industries/information_technology/software_infrastructure/SNPS_insider_trades.csv
SO,The Southern Company,Utilities,Utilities - Regulated Electric,2024-03-12,HEAVY_SELL_EXIT,119.71,2024-06-10,HOLDING_PERIOD_EXIT,106.54,90,-11.0,-1100.0,80,"Heavy Sell Exit: 2 executives sold $1,527,891.00 over 14 days",0000092122-24-000001,https://www.sec.gov/edgar/browse/?CIK=0000092122,data/industries/utilities/utilities_regulated_electric/SO_insider_trades.csv
COST,Costco Wholesale Corporation,Consumer Staples,Discount Stores,2024-03-13,HEAVY_SELL_EXIT,276.15,2024-06-11,HOLDING_PERIOD_EXIT,320.89,90,16.2,1620.0,80,"Heavy Sell Exit: 2 executives sold $1,656,536.00 over 14 days",0000909832-24-000009,https://www.sec.gov/edgar/browse/?CIK=0000909832,data/industries/consumer_staples/discount_stores/COST_insider_trades.csv
TXN,Texas Instruments Incorporated,Information Technology,Semiconductors,2024-03-14,CLUSTER_BUY,180.8,2024-06-12,HOLDING_PERIOD_EXIT,249.36,90,37.92,3792.0,75,"Cluster Buy Trigger: 2 independent insiders purchased $1,225,866.00 within 14 days",0000097476-24-000003,https://www.sec.gov/edgar/browse/?CIK=0000097476,data/industries/information_technology/semiconductors/TXN_insider_trades.csv
COST,Costco Wholesale Corporation,Consumer Staples,Discount Stores,2024-03-15,HEAVY_SELL_EXIT,84.07,2024-06-13,HOLDING_PERIOD_EXIT,90.32,90,7.44,744.0,90,"Heavy Sell Exit: 3 executives sold $2,866,934.00 over 14 days",0000909832-24-000009,https://www.sec.gov/edgar/browse/?CIK=0000909832,data/industries/consumer_staples/discount_stores/COST_insider_trades.csv
ADBE,Adobe Inc.,Information Technology,Software - Infrastructure,2024-03-19,CONVICTION_BUY,134.91,2024-06-17,HOLDING_PERIOD_EXIT,187.36,90,38.88,3888.0,90,"C-Suite Conviction Buy: Insider_ADBE_2024_6 (Chief Executive Officer) open-market purchase of $653,380.00",0000796343-24-000006,https://www.sec.gov/edgar/browse/?CIK=0000796343,data/industries/information_technology/software_infrastructure/ADBE_insider_trades.csv
TXN,Texas Instruments Incorporated,Information Technology,Semiconductors,2024-03-20,CLUSTER_BUY,242.47,2024-06-18,HOLDING_PERIOD_EXIT,287.57,90,18.6,1860.0,75,"Cluster Buy Trigger: 2 independent insiders purchased $631,751.00 within 14 days",0000097476-24-000002,https://www.sec.gov/edgar/browse/?CIK=0000097476,data/industries/information_technology/semiconductors/TXN_insider_trades.csv
LLY,Eli Lilly and Company,Health Care,Pharmaceuticals,2024-03-27,HEAVY_SELL_EXIT,232.24,2024-06-25,HOLDING_PERIOD_EXIT,314.73,90,35.52,3552.0,75,"Heavy Sell Exit: 2 executives sold $1,429,290.00 over 14 days",0000059478-24-000006,https://www.sec.gov/edgar/browse/?CIK=0000059478,data/industries/health_care/pharmaceuticals/LLY_insider_trades.csv
PLD,Prologis Inc.,Real Estate,REIT - Industrial,2024-03-27,HEAVY_SELL_EXIT,157.5,2024-06-25,HOLDING_PERIOD_EXIT,213.44,90,35.52,3552.0,85,"Heavy Sell Exit: 2 executives sold $2,083,575.00 over 14 days",0001045609-24-000007,https://www.sec.gov/edgar/browse/?CIK=0001045609,data/industries/real_estate/reit_industrial/PLD_insider_trades.csv
GE,General Electric Company,Industrials,Aerospace & Defense,2024-03-28,CONVICTION_BUY,86.94,2024-06-10,TAKE_PROFIT_TARGET,121.72,74,40.0,4000.0,80,"C-Suite Conviction Buy: Insider_GE_2024_4 (Chief Executive Officer) open-market purchase of $407,319.00",0000040545-24-000004,https://www.sec.gov/edgar/browse/?CIK=0000040545,data/industries/industrials/aerospace_defense/GE_insider_trades.csv
GE,General Electric Company,Industrials,Aerospace & Defense,2024-03-28,CLUSTER_BUY,86.94,2024-06-10,TAKE_PROFIT_TARGET,121.72,74,40.0,4000.0,75,"Cluster Buy Trigger: 2 independent insiders purchased $1,184,469.00 within 14 days",0000040545-24-000011,https://www.sec.gov/edgar/browse/?CIK=0000040545,data/industries/industrials/aerospace_defense/GE_insider_trades.csv
F,Ford Motor Company,Consumer Discretionary,Automotive,2024-04-02,CONVICTION_BUY,167.4,2024-06-11,TAKE_PROFIT_TARGET,234.36,70,40.0,4000.0,90,"C-Suite Conviction Buy: Insider_F_2024_8 (Chief Executive Officer) open-market purchase of $959,928.00",0000037996-24-000008,https://www.sec.gov/edgar/browse/?CIK=0000037996,data/industries/consumer_discretionary/automotive/F_insider_trades.csv
PG,The Procter & Gamble Company,Consumer Staples,Household & Personal Products,2024-04-15,CONVICTION_BUY,235.39,2024-05-15,STOP_LOSS_EXIT,207.14,30,-12.0,-1200.0,90,"C-Suite Conviction Buy: Insider_PG_2024_5 (Chief Financial Officer) open-market purchase of $849,475.00",0000080424-24-000005,https://www.sec.gov/edgar/browse/?CIK=0000080424,data/industries/consumer_staples/household_personal_products/PG_insider_trades.csv
FCX,Freeport-McMoRan Inc.,Materials,Copper & Metals,2024-04-15,CONVICTION_BUY,279.05,2024-07-14,HOLDING_PERIOD_EXIT,384.87,90,37.92,3792.0,80,"C-Suite Conviction Buy: Insider_FCX_2024_9 (Chief Executive Officer) open-market purchase of $434,240.00",0000831259-24-000009,https://www.sec.gov/edgar/browse/?CIK=0000831259,data/industries/materials/copper_metals/FCX_insider_trades.csv
SPG,Simon Property Group Inc.,Real Estate,REIT - Retail,2024-04-17,HEAVY_SELL_EXIT,230.65,2024-07-16,HOLDING_PERIOD_EXIT,273.27,90,18.48,1848.0,75,"Heavy Sell Exit: 2 executives sold $1,481,460.00 over 14 days",0000906345-24-000001,https://www.sec.gov/edgar/browse/?CIK=0000906345,data/industries/real_estate/reit_retail/SPG_insider_trades.csv
SCHW,The Charles Schwab Corporation,Financials,Capital Markets,2024-04-18,CONVICTION_BUY,97.35,2024-07-17,HOLDING_PERIOD_EXIT,133.1,90,36.72,3672.0,90,"C-Suite Conviction Buy: Insider_SCHW_2024_1 (Chief Financial Officer) open-market purchase of $923,871.00",0000316709-24-000001,https://www.sec.gov/edgar/browse/?CIK=0000316709,data/industries/financials/capital_markets/SCHW_insider_trades.csv
VRTX,Vertex Pharmaceuticals Incorporated,Health Care,Biotechnology,2024-04-21,CONVICTION_BUY,245.34,2024-07-20,HOLDING_PERIOD_EXIT,275.37,90,12.24,1224.0,90,"C-Suite Conviction Buy: Insider_VRTX_2024_8 (Chief Executive Officer) open-market purchase of $635,124.00",0000875320-24-000008,https://www.sec.gov/edgar/browse/?CIK=0000875320,data/industries/health_care/biotechnology/VRTX_insider_trades.csv
VRTX,Vertex Pharmaceuticals Incorporated,Health Care,Biotechnology,2024-04-21,CLUSTER_BUY,245.34,2024-07-20,HOLDING_PERIOD_EXIT,275.37,90,12.24,1224.0,75,"Cluster Buy Trigger: 2 independent insiders purchased $780,984.00 within 14 days",0000875320-24-000003,https://www.sec.gov/edgar/browse/?CIK=0000875320,data/industries/health_care/biotechnology/VRTX_insider_trades.csv
CMCSA,Comcast Corporation,Communication Services,Entertainment,2024-04-26,CONVICTION_BUY,93.28,2024-07-25,HOLDING_PERIOD_EXIT,125.52,90,34.56,3456.0,95,"C-Suite Conviction Buy: Insider_CMCSA_2024_11 (Chief Executive Officer) open-market purchase of $1,583,430.00",0001166691-24-000011,https://www.sec.gov/edgar/browse/?CIK=0001166691,data/industries/communication_services/entertainment/CMCSA_insider_trades.csv
SCHW,The Charles Schwab Corporation,Financials,Capital Markets,2024-04-30,CONVICTION_BUY,159.2,2024-07-29,HOLDING_PERIOD_EXIT,192.82,90,21.12,2112.0,90,"C-Suite Conviction Buy: Insider_SCHW_2024_1 (Chief Financial Officer) open-market purchase of $923,871.00",0000316709-24-000001,https://www.sec.gov/edgar/browse/?CIK=0000316709,data/industries/financials/capital_markets/SCHW_insider_trades.csv
SCHW,The Charles Schwab Corporation,Financials,Capital Markets,2024-04-30,CLUSTER_BUY,159.2,2024-07-29,HOLDING_PERIOD_EXIT,192.82,90,21.12,2112.0,75,"Cluster Buy Trigger: 2 independent insiders purchased $1,514,361.00 within 14 days",0000316709-24-000001,https://www.sec.gov/edgar/browse/?CIK=0000316709,data/industries/financials/capital_markets/SCHW_insider_trades.csv
CB,Chubb Limited,Financials,Insurance - Property & Casualty,2024-05-05,HEAVY_SELL_EXIT,246.27,2024-08-03,HOLDING_PERIOD_EXIT,308.92,90,25.44,2544.0,85,"Heavy Sell Exit: 2 executives sold $2,023,473.00 over 14 days",0001559720-24-000006,https://www.sec.gov/edgar/browse/?CIK=0001559720,data/industries/financials/insurance_property_casualty/CB_insider_trades.csv
DUK,Duke Energy Corporation,Utilities,Utilities - Regulated Electric,2024-05-05,HEAVY_SELL_EXIT,206.24,2024-08-03,HOLDING_PERIOD_EXIT,273.56,90,32.64,3264.0,80,"Heavy Sell Exit: 2 executives sold $1,818,884.00 over 14 days",0001326160-24-000005,https://www.sec.gov/edgar/browse/?CIK=0001326160,data/industries/utilities/utilities_regulated_electric/DUK_insider_trades.csv
BAC,Bank of America Corporation,Financials,Banks - Diversified,2024-05-10,HEAVY_SELL_EXIT,273.68,2024-08-08,HOLDING_PERIOD_EXIT,375.49,90,37.2,3720.0,80,"Heavy Sell Exit: 2 executives sold $1,843,792.00 over 14 days",0000070858-24-000003,https://www.sec.gov/edgar/browse/?CIK=0000070858,data/industries/financials/banks_diversified/BAC_insider_trades.csv
AVGO,Broadcom Inc.,Information Technology,Semiconductors,2024-05-16,CONVICTION_BUY,236.32,2024-08-14,HOLDING_PERIOD_EXIT,262.13,90,10.92,1092.0,95,"C-Suite Conviction Buy: Insider_AVGO_2024_2 (Chief Executive Officer) open-market purchase of $1,197,098.00",0001441634-24-000002,https://www.sec.gov/edgar/browse/?CIK=0001441634,data/industries/information_technology/semiconductors/AVGO_insider_trades.csv
PG,The Procter & Gamble Company,Consumer Staples,Household & Personal Products,2024-05-20,HEAVY_SELL_EXIT,179.24,2024-08-18,HOLDING_PERIOD_EXIT,212.79,90,18.72,1872.0,75,"Heavy Sell Exit: 2 executives sold $1,286,512.00 over 14 days",0000080424-24-000006,https://www.sec.gov/edgar/browse/?CIK=0000080424,data/industries/consumer_staples/household_personal_products/PG_insider_trades.csv
BAC,Bank of America Corporation,Financials,Banks - Diversified,2024-05-25,CONVICTION_BUY,193.84,2024-08-21,TAKE_PROFIT_TARGET,271.38,88,40.0,4000.0,70,"C-Suite Conviction Buy: Insider_BAC_2024_6 (Chief Executive Officer) open-market purchase of $199,360.00",0000070858-24-000006,https://www.sec.gov/edgar/browse/?CIK=0000070858,data/industries/financials/banks_diversified/BAC_insider_trades.csv
PG,The Procter & Gamble Company,Consumer Staples,Household & Personal Products,2024-05-25,HEAVY_SELL_EXIT,279.37,2024-08-04,TAKE_PROFIT_TARGET,391.12,71,40.0,4000.0,80,"Heavy Sell Exit: 3 executives sold $1,537,294.00 over 14 days",0000080424-24-000006,https://www.sec.gov/edgar/browse/?CIK=0000080424,data/industries/consumer_staples/household_personal_products/PG_insider_trades.csv
INTC,Intel Corporation,Information Technology,Semiconductors,2024-05-27,CONVICTION_BUY,194.22,2024-08-25,HOLDING_PERIOD_EXIT,210.77,90,8.52,852.0,80,"C-Suite Conviction Buy: Insider_INTC_2024_7 (Chief Financial Officer) open-market purchase of $443,600.00",0000050863-24-000007,https://www.sec.gov/edgar/browse/?CIK=0000050863,data/industries/information_technology/semiconductors/INTC_insider_trades.csv
AAPL,Apple Inc.,Information Technology,Consumer Electronics,2024-05-27,CONVICTION_BUY,229.43,2024-08-25,HOLDING_PERIOD_EXIT,282.57,90,23.16,2316.0,95,"C-Suite Conviction Buy: Insider_AAPL_2024_13 (Chief Executive Officer) open-market purchase of $1,177,512.00",0000320193-24-000013,https://www.sec.gov/edgar/browse/?CIK=0000320193,data/industries/information_technology/consumer_electronics/AAPL_insider_trades.csv
NEE,NextEra Energy Inc.,Utilities,Utilities - Regulated Electric,2024-05-30,HEAVY_SELL_EXIT,151.48,2024-08-28,HOLDING_PERIOD_EXIT,134.67,90,-11.1,-1110.0,75,"Heavy Sell Exit: 2 executives sold $1,377,671.00 over 14 days",0000753308-24-000004,https://www.sec.gov/edgar/browse/?CIK=0000753308,data/industries/utilities/utilities_regulated_electric/NEE_insider_trades.csv
JNJ,Johnson & Johnson,Health Care,Pharmaceuticals,2024-06-04,HEAVY_SELL_EXIT,195.62,2024-09-02,HOLDING_PERIOD_EXIT,224.26,90,14.64,1464.0,90,"Heavy Sell Exit: 2 executives sold $2,785,768.00 over 14 days",0000200406-24-000008,https://www.sec.gov/edgar/browse/?CIK=0000200406,data/industries/health_care/pharmaceuticals/JNJ_insider_trades.csv
PEP,PepsiCo Inc.,Consumer Staples,Beverages - Non-Alcoholic,2024-06-04,CONVICTION_BUY,169.31,2024-09-02,HOLDING_PERIOD_EXIT,197.35,90,16.56,1656.0,90,"C-Suite Conviction Buy: Insider_PEP_2024_3 (Chief Financial Officer) open-market purchase of $561,424.00",0000077476-24-000003,https://www.sec.gov/edgar/browse/?CIK=0000077476,data/industries/consumer_staples/beverages_non_alcoholic/PEP_insider_trades.csv
AAPL,Apple Inc.,Information Technology,Consumer Electronics,2024-06-05,CONVICTION_BUY,272.34,2024-09-03,HOLDING_PERIOD_EXIT,326.92,90,20.04,2004.0,95,"C-Suite Conviction Buy: Insider_AAPL_2024_13 (Chief Executive Officer) open-market purchase of $1,177,512.00",0000320193-24-000013,https://www.sec.gov/edgar/browse/?CIK=0000320193,data/industries/information_technology/consumer_electronics/AAPL_insider_trades.csv
AXP,American Express Company,Financials,Credit Services,2024-06-06,CONVICTION_BUY,226.5,2024-09-03,TAKE_PROFIT_TARGET,317.1,89,40.0,4000.0,70,"C-Suite Conviction Buy: Insider_AXP_2024_8 (Chief Financial Officer) open-market purchase of $246,372.00",0000004962-24-000008,https://www.sec.gov/edgar/browse/?CIK=0000004962,data/industries/financials/credit_services/AXP_insider_trades.csv
LIN,Linde plc,Materials,Specialty Chemicals,2024-06-06,CLUSTER_BUY,96.97,2024-09-04,HOLDING_PERIOD_EXIT,126.18,90,30.12,3012.0,75,"Cluster Buy Trigger: 2 independent insiders purchased $690,450.00 within 14 days",0001707925-24-000003,https://www.sec.gov/edgar/browse/?CIK=0001707925,data/industries/materials/specialty_chemicals/LIN_insider_trades.csv
ORCL,Oracle Corporation,Information Technology,Software - Infrastructure,2024-06-08,CLUSTER_BUY,232.4,2024-09-06,HOLDING_PERIOD_EXIT,272.56,90,17.28,1728.0,75,"Cluster Buy Trigger: 2 independent insiders purchased $1,414,515.00 within 14 days",0001341439-24-000002,https://www.sec.gov/edgar/browse/?CIK=0001341439,data/industries/information_technology/software_infrastructure/ORCL_insider_trades.csv
ORCL,Oracle Corporation,Information Technology,Software - Infrastructure,2024-06-08,HEAVY_SELL_EXIT,232.4,2024-09-06,HOLDING_PERIOD_EXIT,272.56,90,17.28,1728.0,75,"Heavy Sell Exit: 2 executives sold $1,163,158.00 over 14 days",0001341439-24-000009,https://www.sec.gov/edgar/browse/?CIK=0001341439,data/industries/information_technology/software_infrastructure/ORCL_insider_trades.csv
BA,The Boeing Company,Industrials,Aerospace & Defense,2024-06-13,CONVICTION_BUY,165.06,2024-09-11,TAKE_PROFIT_TARGET,231.08,90,40.0,4000.0,95,"C-Suite Conviction Buy: Insider_BA_2024_8 (Chief Executive Officer) open-market purchase of $1,088,636.00",0000012927-24-000008,https://www.sec.gov/edgar/browse/?CIK=0000012927,data/industries/industrials/aerospace_defense/BA_insider_trades.csv
JNJ,Johnson & Johnson,Health Care,Pharmaceuticals,2024-06-14,HEAVY_SELL_EXIT,161.19,2024-09-12,HOLDING_PERIOD_EXIT,219.99,90,36.48,3648.0,90,"Heavy Sell Exit: 2 executives sold $2,785,768.00 over 14 days",0000200406-24-000008,https://www.sec.gov/edgar/browse/?CIK=0000200406,data/industries/health_care/pharmaceuticals/JNJ_insider_trades.csv
NVDA,NVIDIA Corporation,Information Technology,Semiconductors,2024-06-15,CONVICTION_BUY,232.55,2024-09-13,HOLDING_PERIOD_EXIT,293.66,90,26.28,2628.0,90,"C-Suite Conviction Buy: NVDA_CFO_Conviction (Chief Financial Officer) open-market purchase of $812,150.00",0001045810-24-99999CFO,https://www.sec.gov/edgar/browse/?CIK=0001045810,data/industries/information_technology/semiconductors/NVDA_insider_trades.csv
NVDA,NVIDIA Corporation,Information Technology,Semiconductors,2024-06-15,CLUSTER_BUY,232.55,2024-09-13,HOLDING_PERIOD_EXIT,293.66,90,26.28,2628.0,75,"Cluster Buy Trigger: 2 independent insiders purchased $1,648,100.00 within 14 days",0001045810-24-99999CFO,https://www.sec.gov/edgar/browse/?CIK=0001045810,data/industries/information_technology/semiconductors/NVDA_insider_trades.csv
AMD,Advanced Micro Devices Inc.,Information Technology,Semiconductors,2024-06-15,CONVICTION_BUY,266.43,2024-09-13,HOLDING_PERIOD_EXIT,323.66,90,21.48,2148.0,95,"C-Suite Conviction Buy: AMD_CFO_Conviction (Chief Financial Officer) open-market purchase of $1,107,050.00",0000002488-24-99999CFO,https://www.sec.gov/edgar/browse/?CIK=0000002488,data/industries/information_technology/semiconductors/AMD_insider_trades.csv
AMD,Advanced Micro Devices Inc.,Information Technology,Semiconductors,2024-06-15,CLUSTER_BUY,266.43,2024-09-13,HOLDING_PERIOD_EXIT,323.66,90,21.48,2148.0,75,"Cluster Buy Trigger: 2 independent insiders purchased $2,344,250.00 within 14 days",0000002488-24-99999CFO,https://www.sec.gov/edgar/browse/?CIK=0000002488,data/industries/information_technology/semiconductors/AMD_insider_trades.csv
MSFT,Microsoft Corporation,Information Technology,Software - Infrastructure,2024-06-15,CONVICTION_BUY,181.32,2024-09-13,HOLDING_PERIOD_EXIT,215.05,90,18.6,1860.0,90,"C-Suite Conviction Buy: MSFT_CFO_Conviction (Chief Financial Officer) open-market purchase of $651,450.00",0000789019-24-99999CFO,https://www.sec.gov/edgar/browse/?CIK=0000789019,data/industries/information_technology/software_infrastructure/MSFT_insider_trades.csv
MSFT,Microsoft Corporation,Information Technology,Software - Infrastructure,2024-06-15,CLUSTER_BUY,181.32,2024-09-13,HOLDING_PERIOD_EXIT,215.05,90,18.6,1860.0,75,"Cluster Buy Trigger: 2 independent insiders purchased $1,335,600.00 within 14 days",0000789019-24-99999CFO,https://www.sec.gov/edgar/browse/?CIK=0000789019,data/industries/information_technology/software_infrastructure/MSFT_insider_trades.csv
AAPL,Apple Inc.,Information Technology,Consumer Electronics,2024-06-15,CONVICTION_BUY,170.71,2024-09-13,HOLDING_PERIOD_EXIT,186.69,90,9.36,936.0,95,"C-Suite Conviction Buy: AAPL_CFO_Conviction (Chief Financial Officer) open-market purchase of $1,049,900.00",0000320193-24-99999CFO,https://www.sec.gov/edgar/browse/?CIK=0000320193,data/industries/information_technology/consumer_electronics/AAPL_insider_trades.csv
AAPL,Apple Inc.,Information Technology,Consumer Electronics,2024-06-15,CLUSTER_BUY,170.71,2024-09-13,HOLDING_PERIOD_EXIT,186.69,90,9.36,936.0,85,"Cluster Buy Trigger: 3 independent insiders purchased $1,629,545.00 within 14 days",0000320193-24-000011,https://www.sec.gov/edgar/browse/?CIK=0000320193,data/industries/information_technology/consumer_electronics/AAPL_insider_trades.csv
AMGN,Amgen Inc.,Health Care,Biotechnology,2024-06-15,CONVICTION_BUY,277.02,2024-09-13,HOLDING_PERIOD_EXIT,351.15,90,26.76,2676.0,90,"C-Suite Conviction Buy: AMGN_CEO_Conviction (Chief Executive Officer) open-market purchase of $962,550.00",0000031462-24-99999CEO,https://www.sec.gov/edgar/browse/?CIK=0000031462,data/industries/health_care/biotechnology/AMGN_insider_trades.csv
AMGN,Amgen Inc.,Health Care,Biotechnology,2024-06-15,CLUSTER_BUY,277.02,2024-09-13,HOLDING_PERIOD_EXIT,351.15,90,26.76,2676.0,75,"Cluster Buy Trigger: 2 independent insiders purchased $1,563,500.00 within 14 days",0000031462-24-99999CEO,https://www.sec.gov/edgar/browse/?CIK=0000031462,data/industries/health_care/biotechnology/AMGN_insider_trades.csv
JPM,JPMorgan Chase & Co.,Financials,Banks - Diversified,2024-06-15,CONVICTION_BUY,178.65,2024-09-13,HOLDING_PERIOD_EXIT,241.03,90,34.92,3492.0,90,"C-Suite Conviction Buy: JPM_CFO_Conviction (Chief Financial Officer) open-market purchase of $612,400.00",0000019617-24-99999CFO,https://www.sec.gov/edgar/browse/?CIK=0000019617,data/industries/financials/banks_diversified/JPM_insider_trades.csv
JPM,JPMorgan Chase & Co.,Financials,Banks - Diversified,2024-06-15,CLUSTER_BUY,178.65,2024-09-13,HOLDING_PERIOD_EXIT,241.03,90,34.92,3492.0,75,"Cluster Buy Trigger: 2 independent insiders purchased $1,753,000.00 within 14 days",0000019617-24-99999CFO,https://www.sec.gov/edgar/browse/?CIK=0000019617,data/industries/financials/banks_diversified/JPM_insider_trades.csv
V,Visa Inc.,Financials,Credit Services,2024-06-15,CONVICTION_BUY,256.2,2024-09-13,HOLDING_PERIOD_EXIT,310.92,90,21.36,2136.0,90,"C-Suite Conviction Buy: V_CEO_Conviction (Chief Executive Officer) open-market purchase of $851,950.00",0001403161-24-99999CEO,https://www.sec.gov/edgar/browse/?CIK=0001403161,data/industries/financials/credit_services/V_insider_trades.csv
V,Visa Inc.,Financials,Credit Services,2024-06-15,CLUSTER_BUY,256.2,2024-09-13,HOLDING_PERIOD_EXIT,310.92,90,21.36,2136.0,75,"Cluster Buy Trigger: 2 independent insiders purchased $1,827,750.00 within 14 days",0001403161-24-99999CEO,https://www.sec.gov/edgar/browse/?CIK=0001403161,data/industries/financials/credit_services/V_insider_trades.csv
TSLA,Tesla Inc.,Consumer Discretionary,Automotive,2024-06-15,CONVICTION_BUY,151.05,2024-09-13,HOLDING_PERIOD_EXIT,180.96,90,19.8,1980.0,95,"C-Suite Conviction Buy: TSLA_CEO_Conviction (Chief Executive Officer) open-market purchase of $1,038,100.00",0001318605-24-99999CEO,https://www.sec.gov/edgar/browse/?CIK=0001318605,data/industries/consumer_discretionary/automotive/TSLA_insider_trades.csv
TSLA,Tesla Inc.,Consumer Discretionary,Automotive,2024-06-15,CLUSTER_BUY,151.05,2024-09-13,HOLDING_PERIOD_EXIT,180.96,90,19.8,1980.0,75,"Cluster Buy Trigger: 2 independent insiders purchased $2,013,100.00 within 14 days",0001318605-24-99999CEO,https://www.sec.gov/edgar/browse/?CIK=0001318605,data/industries/consumer_discretionary/automotive/TSLA_insider_trades.csv
AAPL,Apple Inc.,Information Technology,Consumer Electronics,2024-06-16,CONVICTION_BUY,186.21,2024-09-14,HOLDING_PERIOD_EXIT,255.7,90,37.32,3732.0,95,"C-Suite Conviction Buy: AAPL_CFO_Conviction (Chief Financial Officer) open-market purchase of $1,049,900.00",0000320193-24-99999CFO,https://www.sec.gov/edgar/browse/?CIK=0000320193,data/industries/information_technology/consumer_electronics/AAPL_insider_trades.csv
AAPL,Apple Inc.,Information Technology,Consumer Electronics,2024-06-16,CLUSTER_BUY,186.21,2024-09-14,HOLDING_PERIOD_EXIT,255.7,90,37.32,3732.0,95,"Cluster Buy Trigger: 4 independent insiders purchased $2,089,038.00 within 14 days",0000320193-24-000011,https://www.sec.gov/edgar/browse/?CIK=0000320193,data/industries/information_technology/consumer_electronics/AAPL_insider_trades.csv
AXP,American Express Company,Financials,Credit Services,2024-06-16,CONVICTION_BUY,92.81,2024-09-14,HOLDING_PERIOD_EXIT,111.97,90,20.64,2064.0,70,"C-Suite Conviction Buy: Insider_AXP_2024_8 (Chief Financial Officer) open-market purchase of $246,372.00",0000004962-24-000008,https://www.sec.gov/edgar/browse/?CIK=0000004962,data/industries/financials/credit_services/AXP_insider_trades.csv
AXP,American Express Company,Financials,Credit Services,2024-06-16,CLUSTER_BUY,92.81,2024-09-14,HOLDING_PERIOD_EXIT,111.97,90,20.64,2064.0,75,"Cluster Buy Trigger: 2 independent insiders purchased $346,752.00 within 14 days",0000004962-24-000008,https://www.sec.gov/edgar/browse/?CIK=0000004962,data/industries/financials/credit_services/AXP_insider_trades.csv
LIN,Linde plc,Materials,Specialty Chemicals,2024-06-16,CLUSTER_BUY,172.55,2024-09-14,HOLDING_PERIOD_EXIT,219.35,90,27.12,2712.0,75,"Cluster Buy Trigger: 2 independent insiders purchased $690,450.00 within 14 days",0001707925-24-000003,https://www.sec.gov/edgar/browse/?CIK=0001707925,data/industries/materials/specialty_chemicals/LIN_insider_trades.csv
JPM,JPMorgan Chase & Co.,Financials,Banks - Diversified,2024-06-20,CONVICTION_BUY,222.15,2024-09-18,HOLDING_PERIOD_EXIT,266.67,90,20.04,2004.0,90,"C-Suite Conviction Buy: JPM_CFO_Conviction (Chief Financial Officer) open-market purchase of $612,400.00",0000019617-24-99999CFO,https://www.sec.gov/edgar/browse/?CIK=0000019617,data/industries/financials/banks_diversified/JPM_insider_trades.csv
JPM,JPMorgan Chase & Co.,Financials,Banks - Diversified,2024-06-20,CLUSTER_BUY,222.15,2024-09-18,HOLDING_PERIOD_EXIT,266.67,90,20.04,2004.0,85,"Cluster Buy Trigger: 3 independent insiders purchased $2,292,025.00 within 14 days",0000019617-24-99999CFO,https://www.sec.gov/edgar/browse/?CIK=0000019617,data/industries/financials/banks_diversified/JPM_insider_trades.csv
AAPL,Apple Inc.,Information Technology,Consumer Electronics,2024-06-21,CONVICTION_BUY,146.16,2024-09-19,HOLDING_PERIOD_EXIT,161.77,90,10.68,1068.0,95,"C-Suite Conviction Buy: AAPL_CFO_Conviction (Chief Financial Officer) open-market purchase of $1,049,900.00",0000320193-24-99999CFO,https://www.sec.gov/edgar/browse/?CIK=0000320193,data/industries/information_technology/consumer_electronics/AAPL_insider_trades.csv
AAPL,Apple Inc.,Information Technology,Consumer Electronics,2024-06-21,CLUSTER_BUY,146.16,2024-09-19,HOLDING_PERIOD_EXIT,161.77,90,10.68,1068.0,95,"Cluster Buy Trigger: 4 independent insiders purchased $2,089,038.00 within 14 days",0000320193-24-000011,https://www.sec.gov/edgar/browse/?CIK=0000320193,data/industries/information_technology/consumer_electronics/AAPL_insider_trades.csv
JPM,JPMorgan Chase & Co.,Financials,Banks - Diversified,2024-06-21,CONVICTION_BUY,102.23,2024-09-19,HOLDING_PERIOD_EXIT,127.01,90,24.24,2424.0,90,"C-Suite Conviction Buy: JPM_CFO_Conviction (Chief Financial Officer) open-market purchase of $612,400.00",0000019617-24-99999CFO,https://www.sec.gov/edgar/browse/?CIK=0000019617,data/industries/financials/banks_diversified/JPM_insider_trades.csv
JPM,JPMorgan Chase & Co.,Financials,Banks - Diversified,2024-06-21,CLUSTER_BUY,102.23,2024-09-19,HOLDING_PERIOD_EXIT,127.01,90,24.24,2424.0,85,"Cluster Buy Trigger: 3 independent insiders purchased $2,292,025.00 within 14 days",0000019617-24-99999CFO,https://www.sec.gov/edgar/browse/?CIK=0000019617,data/industries/financials/banks_diversified/JPM_insider_trades.csv
ADBE,Adobe Inc.,Information Technology,Software - Infrastructure,2024-06-22,CONVICTION_BUY,257.89,2024-09-20,HOLDING_PERIOD_EXIT,292.24,90,13.32,1332.0,90,"C-Suite Conviction Buy: Insider_ADBE_2024_2 (Chief Financial Officer) open-market purchase of $628,974.00",0000796343-24-000002,https://www.sec.gov/edgar/browse/?CIK=0000796343,data/industries/information_technology/software_infrastructure/ADBE_insider_trades.csv
PLD,Prologis Inc.,Real Estate,REIT - Industrial,2024-06-24,CONVICTION_BUY,167.36,2024-09-22,HOLDING_PERIOD_EXIT,189.05,90,12.96,1296.0,95,"C-Suite Conviction Buy: Insider_PLD_2024_1 (Chief Financial Officer) open-market purchase of $1,319,112.00",0001045609-24-000001,https://www.sec.gov/edgar/browse/?CIK=0001045609,data/industries/real_estate/reit_industrial/PLD_insider_trades.csv
COST,Costco Wholesale Corporation,Consumer Staples,Discount Stores,2024-07-03,CONVICTION_BUY,120.44,2024-10-01,HOLDING_PERIOD_EXIT,106.95,90,-11.2,-1120.0,70,"C-Suite Conviction Buy: Insider_COST_2024_8 (Chief Financial Officer) open-market purchase of $171,668.00",0000909832-24-000008,https://www.sec.gov/edgar/browse/?CIK=0000909832,data/industries/consumer_staples/discount_stores/COST_insider_trades.csv
UPS,United Parcel Service Inc.,Industrials,Integrated Freight & Logistics,2024-07-08,HEAVY_SELL_EXIT,110.34,2024-10-06,HOLDING_PERIOD_EXIT,145.43,90,31.8,3180.0,85,"Heavy Sell Exit: 2 executives sold $2,421,107.00 over 14 days",0001090727-24-000004,https://www.sec.gov/edgar/browse/?CIK=0001090727,data/industries/industrials/integrated_freight_logistics/UPS_insider_trades.csv
F,Ford Motor Company,Consumer Discretionary,Automotive,2024-07-09,HEAVY_SELL_EXIT,211.59,2024-10-07,HOLDING_PERIOD_EXIT,246.63,90,16.56,1656.0,75,"Heavy Sell Exit: 2 executives sold $1,325,652.00 over 14 days",0000037996-24-000013,https://www.sec.gov/edgar/browse/?CIK=0000037996,data/industries/consumer_discretionary/automotive/F_insider_trades.csv
CVX,Chevron Corporation,Energy,Oil & Gas Integrated,2024-07-12,HEAVY_SELL_EXIT,135.01,2024-10-10,HOLDING_PERIOD_EXIT,182.32,90,35.04,3504.0,80,"Heavy Sell Exit: 2 executives sold $1,845,652.00 over 14 days",0000093410-24-000004,https://www.sec.gov/edgar/browse/?CIK=0000093410,data/industries/energy/oil_gas_integrated/CVX_insider_trades.csv
CVX,Chevron Corporation,Energy,Oil & Gas Integrated,2024-07-13,HEAVY_SELL_EXIT,193.85,2024-10-11,HOLDING_PERIOD_EXIT,255.73,90,31.92,3192.0,80,"Heavy Sell Exit: 2 executives sold $1,845,652.00 over 14 days",0000093410-24-000004,https://www.sec.gov/edgar/browse/?CIK=0000093410,data/industries/energy/oil_gas_integrated/CVX_insider_trades.csv
MA,Mastercard Incorporated,Financials,Credit Services,2024-07-17,CONVICTION_BUY,170.87,2024-10-15,HOLDING_PERIOD_EXIT,213.31,90,24.84,2484.0,80,"C-Suite Conviction Buy: Insider_MA_2024_4 (Chief Financial Officer) open-market purchase of $311,544.00",0001141391-24-000004,https://www.sec.gov/edgar/browse/?CIK=0001141391,data/industries/financials/credit_services/MA_insider_trades.csv
MA,Mastercard Incorporated,Financials,Credit Services,2024-07-21,CONVICTION_BUY,196.18,2024-10-19,HOLDING_PERIOD_EXIT,260.21,90,32.64,3264.0,80,"C-Suite Conviction Buy: Insider_MA_2024_4 (Chief Financial Officer) open-market purchase of $311,544.00",0001141391-24-000004,https://www.sec.gov/edgar/browse/?CIK=0001141391,data/industries/financials/credit_services/MA_insider_trades.csv
INTC,Intel Corporation,Information Technology,Semiconductors,2024-07-24,CONVICTION_BUY,161.53,2024-09-29,TAKE_PROFIT_TARGET,226.14,67,40.0,4000.0,70,"C-Suite Conviction Buy: Insider_INTC_2024_5 (Chief Executive Officer) open-market purchase of $106,110.00",0000050863-24-000005,https://www.sec.gov/edgar/browse/?CIK=0000050863,data/industries/information_technology/semiconductors/INTC_insider_trades.csv
MA,Mastercard Incorporated,Financials,Credit Services,2024-07-30,CONVICTION_BUY,202.76,2024-10-14,TAKE_PROFIT_TARGET,283.86,76,40.0,4000.0,80,"C-Suite Conviction Buy: Insider_MA_2024_4 (Chief Financial Officer) open-market purchase of $311,544.00",0001141391-24-000004,https://www.sec.gov/edgar/browse/?CIK=0001141391,data/industries/financials/credit_services/MA_insider_trades.csv
GS,The Goldman Sachs Group Inc.,Financials,Capital Markets,2024-08-01,HEAVY_SELL_EXIT,253.6,2024-10-24,TAKE_PROFIT_TARGET,355.04,84,40.0,4000.0,75,"Heavy Sell Exit: 2 executives sold $1,342,786.00 over 14 days",0000886982-24-000010,https://www.sec.gov/edgar/browse/?CIK=0000886982,data/industries/financials/capital_markets/GS_insider_trades.csv
NVDA,NVIDIA Corporation,Information Technology,Semiconductors,2024-08-02,CONVICTION_BUY,152.68,2024-10-31,HOLDING_PERIOD_EXIT,178.7,90,17.04,1704.0,90,"C-Suite Conviction Buy: Insider_NVDA_2024_1 (Chief Financial Officer) open-market purchase of $598,968.00",0001045810-24-000001,https://www.sec.gov/edgar/browse/?CIK=0001045810,data/industries/information_technology/semiconductors/NVDA_insider_trades.csv
FDX,FedEx Corporation,Industrials,Integrated Freight & Logistics,2024-08-03,HEAVY_SELL_EXIT,115.64,2024-11-01,HOLDING_PERIOD_EXIT,137.98,90,19.32,1932.0,85,"Heavy Sell Exit: 2 executives sold $2,488,470.00 over 14 days",0000036104-24-000006,https://www.sec.gov/edgar/browse/?CIK=0000036104,data/industries/industrials/integrated_freight_logistics/FDX_insider_trades.csv
MA,Mastercard Incorporated,Financials,Credit Services,2024-08-06,CONVICTION_BUY,273.35,2024-10-14,TAKE_PROFIT_TARGET,382.69,69,40.0,4000.0,90,"C-Suite Conviction Buy: Insider_MA_2024_7 (Chief Executive Officer) open-market purchase of $828,990.00",0001141391-24-000007,https://www.sec.gov/edgar/browse/?CIK=0001141391,data/industries/financials/credit_services/MA_insider_trades.csv
INTC,Intel Corporation,Information Technology,Semiconductors,2024-08-07,CONVICTION_BUY,203.47,2024-11-05,HOLDING_PERIOD_EXIT,278.43,90,36.84,3684.0,70,"C-Suite Conviction Buy: Insider_INTC_2024_5 (Chief Executive Officer) open-market purchase of $106,110.00",0000050863-24-000005,https://www.sec.gov/edgar/browse/?CIK=0000050863,data/industries/information_technology/semiconductors/INTC_insider_trades.csv
GS,The Goldman Sachs Group Inc.,Financials,Capital Markets,2024-08-09,HEAVY_SELL_EXIT,120.19,2024-10-15,TAKE_PROFIT_TARGET,168.27,67,40.0,4000.0,90,"Heavy Sell Exit: 3 executives sold $2,606,650.00 over 14 days",0000886982-24-000010,https://www.sec.gov/edgar/browse/?CIK=0000886982,data/industries/financials/capital_markets/GS_insider_trades.csv
MRNA,Moderna Inc.,Health Care,Biotechnology,2024-08-10,CONVICTION_BUY,222.82,2024-11-08,HOLDING_PERIOD_EXIT,250.36,90,12.36,1236.0,80,"C-Suite Conviction Buy: Insider_MRNA_2024_4 (Chief Financial Officer) open-market purchase of $392,784.00",0001682852-24-000004,https://www.sec.gov/edgar/browse/?CIK=0001682852,data/industries/health_care/biotechnology/MRNA_insider_trades.csv
MA,Mastercard Incorporated,Financials,Credit Services,2024-08-12,CONVICTION_BUY,100.6,2024-11-07,TAKE_PROFIT_TARGET,140.84,87,40.0,4000.0,90,"C-Suite Conviction Buy: Insider_MA_2024_7 (Chief Executive Officer) open-market purchase of $828,990.00",0001141391-24-000007,https://www.sec.gov/edgar/browse/?CIK=0001141391,data/industries/financials/credit_services/MA_insider_trades.csv
MA,Mastercard Incorporated,Financials,Credit Services,2024-08-12,CLUSTER_BUY,100.6,2024-11-07,TAKE_PROFIT_TARGET,140.84,87,40.0,4000.0,75,"Cluster Buy Trigger: 2 independent insiders purchased $1,214,197.00 within 14 days",0001141391-24-000007,https://www.sec.gov/edgar/browse/?CIK=0001141391,data/industries/financials/credit_services/MA_insider_trades.csv
ADBE,Adobe Inc.,Information Technology,Software - Infrastructure,2024-08-15,CONVICTION_BUY,227.56,2024-11-13,HOLDING_PERIOD_EXIT,289.55,90,27.24,2724.0,80,"C-Suite Conviction Buy: Insider_ADBE_2024_4 (Chief Executive Officer) open-market purchase of $490,212.00",0000796343-24-000004,https://www.sec.gov/edgar/browse/?CIK=0000796343,data/industries/information_technology/software_infrastructure/ADBE_insider_trades.csv
GS,The Goldman Sachs Group Inc.,Financials,Capital Markets,2024-08-16,HEAVY_SELL_EXIT,197.48,2024-11-14,HOLDING_PERIOD_EXIT,211.7,90,7.2,720.0,80,"Heavy Sell Exit: 2 executives sold $1,782,060.00 over 14 days",0000886982-24-000007,https://www.sec.gov/edgar/browse/?CIK=0000886982,data/industries/financials/capital_markets/GS_insider_trades.csv
GS,The Goldman Sachs Group Inc.,Financials,Capital Markets,2024-08-17,HEAVY_SELL_EXIT,176.06,2024-11-15,HOLDING_PERIOD_EXIT,202.68,90,15.12,1512.0,80,"Heavy Sell Exit: 2 executives sold $1,782,060.00 over 14 days",0000886982-24-000007,https://www.sec.gov/edgar/browse/?CIK=0000886982,data/industries/financials/capital_markets/GS_insider_trades.csv
MRNA,Moderna Inc.,Health Care,Biotechnology,2024-08-23,CONVICTION_BUY,87.64,2024-11-21,HOLDING_PERIOD_EXIT,97.32,90,11.04,1104.0,80,"C-Suite Conviction Buy: Insider_MRNA_2024_4 (Chief Financial Officer) open-market purchase of $392,784.00",0001682852-24-000004,https://www.sec.gov/edgar/browse/?CIK=0001682852,data/industries/health_care/biotechnology/MRNA_insider_trades.csv
MRNA,Moderna Inc.,Health Care,Biotechnology,2024-08-23,CLUSTER_BUY,87.64,2024-11-21,HOLDING_PERIOD_EXIT,97.32,90,11.04,1104.0,75,"Cluster Buy Trigger: 2 independent insiders purchased $957,856.00 within 14 days",0001682852-24-000004,https://www.sec.gov/edgar/browse/?CIK=0001682852,data/industries/health_care/biotechnology/MRNA_insider_trades.csv
TSLA,Tesla Inc.,Consumer Discretionary,Automotive,2024-08-26,CLUSTER_BUY,205.1,2024-11-23,TAKE_PROFIT_TARGET,287.14,89,40.0,4000.0,75,"Cluster Buy Trigger: 2 independent insiders purchased $901,895.00 within 14 days",0001318605-24-000013,https://www.sec.gov/edgar/browse/?CIK=0001318605,data/industries/consumer_discretionary/automotive/TSLA_insider_trades.csv
TSLA,Tesla Inc.,Consumer Discretionary,Automotive,2024-08-27,CLUSTER_BUY,81.44,2024-11-25,HOLDING_PERIOD_EXIT,93.95,90,15.36,1536.0,75,"Cluster Buy Trigger: 2 independent insiders purchased $901,895.00 within 14 days",0001318605-24-000013,https://www.sec.gov/edgar/browse/?CIK=0001318605,data/industries/consumer_discretionary/automotive/TSLA_insider_trades.csv
COST,Costco Wholesale Corporation,Consumer Staples,Discount Stores,2024-09-01,CONVICTION_BUY,212.06,2024-11-24,TAKE_PROFIT_TARGET,296.88,84,40.0,4000.0,90,"C-Suite Conviction Buy: Insider_COST_2024_12 (Chief Executive Officer) open-market purchase of $820,116.00",0000909832-24-000012,https://www.sec.gov/edgar/browse/?CIK=0000909832,data/industries/consumer_staples/discount_stores/COST_insider_trades.csv
ELV,Elevance Health Inc.,Health Care,Health Care Plans,2024-09-10,HEAVY_SELL_EXIT,124.24,2024-12-09,HOLDING_PERIOD_EXIT,142.28,90,14.52,1452.0,80,"Heavy Sell Exit: 2 executives sold $1,777,257.00 over 14 days",0001156039-24-000004,https://www.sec.gov/edgar/browse/?CIK=0001156039,data/industries/health_care/health_care_plans/ELV_insider_trades.csv
AMZN,Amazon.com Inc.,Consumer Discretionary,Internet Retail,2024-09-11,HEAVY_SELL_EXIT,229.5,2024-12-10,HOLDING_PERIOD_EXIT,259.52,90,13.08,1308.0,75,"Heavy Sell Exit: 2 executives sold $1,344,855.00 over 14 days",0001018724-24-000006,https://www.sec.gov/edgar/browse/?CIK=0001018724,data/industries/consumer_discretionary/internet_retail/AMZN_insider_trades.csv
F,Ford Motor Company,Consumer Discretionary,Automotive,2024-09-12,HEAVY_SELL_EXIT,122.89,2024-12-11,HOLDING_PERIOD_EXIT,157.84,90,28.44,2844.0,75,"Heavy Sell Exit: 2 executives sold $1,354,116.00 over 14 days",0000037996-24-000005,https://www.sec.gov/edgar/browse/?CIK=0000037996,data/industries/consumer_discretionary/automotive/F_insider_trades.csv
KO,The Coca-Cola Company,Consumer Staples,Beverages - Non-Alcoholic,2024-09-14,CONVICTION_BUY,95.11,2024-10-14,STOP_LOSS_EXIT,83.7,30,-12.0,-1200.0,95,"C-Suite Conviction Buy: Insider_KO_2024_10 (Chief Executive Officer) open-market purchase of $1,051,995.00",0000021344-24-000010,https://www.sec.gov/edgar/browse/?CIK=0000021344,data/industries/consumer_staples/beverages_non_alcoholic/KO_insider_trades.csv
F,Ford Motor Company,Consumer Discretionary,Automotive,2024-09-24,HEAVY_SELL_EXIT,185.23,2024-11-29,TAKE_PROFIT_TARGET,259.32,66,40.0,4000.0,75,"Heavy Sell Exit: 2 executives sold $1,349,803.00 over 14 days",0000037996-24-000006,https://www.sec.gov/edgar/browse/?CIK=0000037996,data/industries/consumer_discretionary/automotive/F_insider_trades.csv
DIS,The Walt Disney Company,Communication Services,Entertainment,2024-09-25,HEAVY_SELL_EXIT,141.95,2024-12-05,TAKE_PROFIT_TARGET,198.73,71,40.0,4000.0,80,"Heavy Sell Exit: 2 executives sold $1,967,673.00 over 14 days",0001744489-24-000010,https://www.sec.gov/edgar/browse/?CIK=0001744489,data/industries/communication_services/entertainment/DIS_insider_trades.csv
QCOM,QUALCOMM Incorporated,Information Technology,Semiconductors,2024-09-26,HEAVY_SELL_EXIT,231.98,2024-12-25,HOLDING_PERIOD_EXIT,318.28,90,37.2,3720.0,85,"Heavy Sell Exit: 2 executives sold $2,456,986.00 over 14 days",0000804328-24-000012,https://www.sec.gov/edgar/browse/?CIK=0000804328,data/industries/information_technology/semiconductors/QCOM_insider_trades.csv
BA,The Boeing Company,Industrials,Aerospace & Defense,2024-09-26,CONVICTION_BUY,224.54,2024-12-25,HOLDING_PERIOD_EXIT,264.96,90,18.0,1800.0,70,"C-Suite Conviction Buy: Insider_BA_2024_7 (Chief Executive Officer) open-market purchase of $157,560.00",0000012927-24-000007,https://www.sec.gov/edgar/browse/?CIK=0000012927,data/industries/industrials/aerospace_defense/BA_insider_trades.csv
TSLA,Tesla Inc.,Consumer Discretionary,Automotive,2024-10-04,CONVICTION_BUY,271.22,2025-01-02,HOLDING_PERIOD_EXIT,363.0,90,33.84,3384.0,70,"C-Suite Conviction Buy: Insider_TSLA_2024_7 (Chief Executive Officer) open-market purchase of $230,490.00",0001318605-24-000007,https://www.sec.gov/edgar/browse/?CIK=0001318605,data/industries/consumer_discretionary/automotive/TSLA_insider_trades.csv
MSFT,Microsoft Corporation,Information Technology,Software - Infrastructure,2024-10-08,CONVICTION_BUY,172.84,2024-11-07,STOP_LOSS_EXIT,152.1,30,-12.0,-1200.0,90,"C-Suite Conviction Buy: Insider_MSFT_2024_2 (Chief Financial Officer) open-market purchase of $908,349.00",0000789019-24-000002,https://www.sec.gov/edgar/browse/?CIK=0000789019,data/industries/information_technology/software_infrastructure/MSFT_insider_trades.csv
LOW,Lowe's Companies Inc.,Consumer Discretionary,Home Improvement Retail,2024-10-15,HEAVY_SELL_EXIT,116.7,2025-01-13,HOLDING_PERIOD_EXIT,129.72,90,11.16,1116.0,80,"Heavy Sell Exit: 2 executives sold $1,866,442.00 over 14 days",0000060667-24-000002,https://www.sec.gov/edgar/browse/?CIK=0000060667,data/industries/consumer_discretionary/home_improvement_retail/LOW_insider_trades.csv
ADBE,Adobe Inc.,Information Technology,Software - Infrastructure,2024-10-18,HEAVY_SELL_EXIT,161.42,2025-01-04,TAKE_PROFIT_TARGET,225.99,78,40.0,4000.0,80,"Heavy Sell Exit: 2 executives sold $1,600,956.00 over 14 days",0000796343-24-000012,https://www.sec.gov/edgar/browse/?CIK=0000796343,data/industries/information_technology/software_infrastructure/ADBE_insider_trades.csv
MSFT,Microsoft Corporation,Information Technology,Software - Infrastructure,2024-10-19,CONVICTION_BUY,125.04,2025-01-17,HOLDING_PERIOD_EXIT,134.94,90,7.92,792.0,90,"C-Suite Conviction Buy: Insider_MSFT_2024_2 (Chief Financial Officer) open-market purchase of $908,349.00",0000789019-24-000002,https://www.sec.gov/edgar/browse/?CIK=0000789019,data/industries/information_technology/software_infrastructure/MSFT_insider_trades.csv
MS,Morgan Stanley,Financials,Capital Markets,2024-10-20,HEAVY_SELL_EXIT,124.55,2025-01-18,HOLDING_PERIOD_EXIT,138.75,90,11.4,1140.0,75,"Heavy Sell Exit: 2 executives sold $1,458,844.00 over 14 days",0000895421-24-000003,https://www.sec.gov/edgar/browse/?CIK=0000895421,data/industries/financials/capital_markets/MS_insider_trades.csv
JNJ,Johnson & Johnson,Health Care,Pharmaceuticals,2024-10-24,HEAVY_SELL_EXIT,243.84,2025-01-22,HOLDING_PERIOD_EXIT,299.14,90,22.68,2268.0,75,"Heavy Sell Exit: 2 executives sold $1,362,051.00 over 14 days",0000200406-24-000003,https://www.sec.gov/edgar/browse/?CIK=0000200406,data/industries/health_care/pharmaceuticals/JNJ_insider_trades.csv
GM,General Motors Company,Consumer Discretionary,Automotive,2024-10-31,CONVICTION_BUY,151.52,2025-01-29,HOLDING_PERIOD_EXIT,203.16,90,34.08,3408.0,80,"C-Suite Conviction Buy: Insider_GM_2024_8 (Chief Executive Officer) open-market purchase of $275,646.00",0001467858-24-000008,https://www.sec.gov/edgar/browse/?CIK=0001467858,data/industries/consumer_discretionary/automotive/GM_insider_trades.csv
ABT,Abbott Laboratories,Health Care,Medical Devices,2024-11-01,HEAVY_SELL_EXIT,266.07,2025-01-30,TAKE_PROFIT_TARGET,372.5,90,40.0,4000.0,85,"Heavy Sell Exit: 2 executives sold $2,023,054.00 over 14 days",0000001800-24-000001,https://www.sec.gov/edgar/browse/?CIK=0000001800,data/industries/health_care/medical_devices/ABT_insider_trades.csv
ABT,Abbott Laboratories,Health Care,Medical Devices,2024-11-02,HEAVY_SELL_EXIT,267.68,2025-01-13,TAKE_PROFIT_TARGET,374.75,72,40.0,4000.0,90,"Heavy Sell Exit: 3 executives sold $2,528,656.00 over 14 days",0000001800-24-000001,https://www.sec.gov/edgar/browse/?CIK=0000001800,data/industries/health_care/medical_devices/ABT_insider_trades.csv
TMUS,T-Mobile US Inc.,Communication Services,Telecom Services,2024-11-02,CONVICTION_BUY,112.57,2025-01-31,HOLDING_PERIOD_EXIT,151.88,90,34.92,3492.0,90,"C-Suite Conviction Buy: Insider_TMUS_2024_1 (Chief Executive Officer) open-market purchase of $673,325.00",0001283699-24-000001,https://www.sec.gov/edgar/browse/?CIK=0001283699,data/industries/communication_services/telecom_services/TMUS_insider_trades.csv
TSLA,Tesla Inc.,Consumer Discretionary,Automotive,2024-11-07,CONVICTION_BUY,165.63,2025-02-05,HOLDING_PERIOD_EXIT,180.93,90,9.24,924.0,80,"C-Suite Conviction Buy: Insider_TSLA_2024_12 (Chief Executive Officer) open-market purchase of $293,094.00",0001318605-24-000012,https://www.sec.gov/edgar/browse/?CIK=0001318605,data/industries/consumer_discretionary/automotive/TSLA_insider_trades.csv
GM,General Motors Company,Consumer Discretionary,Automotive,2024-11-11,CONVICTION_BUY,202.07,2025-02-09,HOLDING_PERIOD_EXIT,247.66,90,22.56,2256.0,80,"C-Suite Conviction Buy: Insider_GM_2024_8 (Chief Executive Officer) open-market purchase of $275,646.00",0001467858-24-000008,https://www.sec.gov/edgar/browse/?CIK=0001467858,data/industries/consumer_discretionary/automotive/GM_insider_trades.csv
INTC,Intel Corporation,Information Technology,Semiconductors,2024-11-12,CONVICTION_BUY,137.66,2025-02-10,TAKE_PROFIT_TARGET,192.72,90,40.0,4000.0,90,"C-Suite Conviction Buy: Insider_INTC_2024_3 (Chief Executive Officer) open-market purchase of $700,240.00",0000050863-24-000003,https://www.sec.gov/edgar/browse/?CIK=0000050863,data/industries/information_technology/semiconductors/INTC_insider_trades.csv
AMZN,Amazon.com Inc.,Consumer Discretionary,Internet Retail,2024-11-15,CONVICTION_BUY,165.31,2025-02-13,HOLDING_PERIOD_EXIT,209.15,90,26.52,2652.0,80,"C-Suite Conviction Buy: Insider_AMZN_2024_3 (Chief Executive Officer) open-market purchase of $307,086.00",0001018724-24-000003,https://www.sec.gov/edgar/browse/?CIK=0001018724,data/industries/consumer_discretionary/internet_retail/AMZN_insider_trades.csv
PANW,Palo Alto Networks Inc.,Information Technology,Software - Infrastructure,2024-11-16,CONVICTION_BUY,108.57,2025-02-08,TAKE_PROFIT_TARGET,152.0,84,40.0,4000.0,95,"C-Suite Conviction Buy: Insider_PANW_2024_2 (Chief Executive Officer) open-market purchase of $1,152,096.00",0001326801-24-000002,https://www.sec.gov/edgar/browse/?CIK=0001326801,data/industries/information_technology/software_infrastructure/PANW_insider_trades.csv
TMUS,T-Mobile US Inc.,Communication Services,Telecom Services,2024-11-20,HEAVY_SELL_EXIT,158.3,2025-02-18,HOLDING_PERIOD_EXIT,175.4,90,10.8,1080.0,75,"Heavy Sell Exit: 2 executives sold $1,197,186.00 over 14 days",0001283699-24-000005,https://www.sec.gov/edgar/browse/?CIK=0001283699,data/industries/communication_services/telecom_services/TMUS_insider_trades.csv
FDX,FedEx Corporation,Industrials,Integrated Freight & Logistics,2024-11-20,CONVICTION_BUY,159.84,2025-02-18,HOLDING_PERIOD_EXIT,186.88,90,16.92,1692.0,90,"C-Suite Conviction Buy: Insider_FDX_2024_10 (Chief Executive Officer) open-market purchase of $764,496.00",0000036104-24-000010,https://www.sec.gov/edgar/browse/?CIK=0000036104,data/industries/industrials/integrated_freight_logistics/FDX_insider_trades.csv
INTC,Intel Corporation,Information Technology,Semiconductors,2024-11-21,CONVICTION_BUY,144.61,2025-02-19,HOLDING_PERIOD_EXIT,172.38,90,19.2,1920.0,90,"C-Suite Conviction Buy: Insider_INTC_2024_3 (Chief Executive Officer) open-market purchase of $700,240.00",0000050863-24-000003,https://www.sec.gov/edgar/browse/?CIK=0000050863,data/industries/information_technology/semiconductors/INTC_insider_trades.csv
INTC,Intel Corporation,Information Technology,Semiconductors,2024-11-23,CONVICTION_BUY,160.87,2025-02-21,HOLDING_PERIOD_EXIT,187.12,90,16.32,1632.0,90,"C-Suite Conviction Buy: Insider_INTC_2024_3 (Chief Executive Officer) open-market purchase of $700,240.00",0000050863-24-000003,https://www.sec.gov/edgar/browse/?CIK=0000050863,data/industries/information_technology/semiconductors/INTC_insider_trades.csv
INTC,Intel Corporation,Information Technology,Semiconductors,2024-11-23,CLUSTER_BUY,160.87,2025-02-21,HOLDING_PERIOD_EXIT,187.12,90,16.32,1632.0,75,"Cluster Buy Trigger: 2 independent insiders purchased $2,053,456.00 within 14 days",0000050863-24-000003,https://www.sec.gov/edgar/browse/?CIK=0000050863,data/industries/information_technology/semiconductors/INTC_insider_trades.csv
VRTX,Vertex Pharmaceuticals Incorporated,Health Care,Biotechnology,2024-11-24,CONVICTION_BUY,218.42,2025-02-22,HOLDING_PERIOD_EXIT,285.52,90,30.72,3072.0,70,"C-Suite Conviction Buy: Insider_VRTX_2024_4 (Chief Executive Officer) open-market purchase of $237,924.00",0000875320-24-000004,https://www.sec.gov/edgar/browse/?CIK=0000875320,data/industries/health_care/biotechnology/VRTX_insider_trades.csv
MA,Mastercard Incorporated,Financials,Credit Services,2024-11-24,CONVICTION_BUY,255.84,2025-01-29,TAKE_PROFIT_TARGET,358.18,66,40.0,4000.0,95,"C-Suite Conviction Buy: Insider_MA_2024_10 (Chief Financial Officer) open-market purchase of $1,625,521.00",0001141391-24-000010,https://www.sec.gov/edgar/browse/?CIK=0001141391,data/industries/financials/credit_services/MA_insider_trades.csv
DIS,The Walt Disney Company,Communication Services,Entertainment,2024-11-24,CLUSTER_BUY,213.37,2025-02-16,TAKE_PROFIT_TARGET,298.72,84,40.0,4000.0,75,"Cluster Buy Trigger: 2 independent insiders purchased $1,594,577.00 within 14 days",0001744489-24-000009,https://www.sec.gov/edgar/browse/?CIK=0001744489,data/industries/communication_services/entertainment/DIS_insider_trades.csv
TMUS,T-Mobile US Inc.,Communication Services,Telecom Services,2024-11-27,HEAVY_SELL_EXIT,236.6,2025-02-25,HOLDING_PERIOD_EXIT,318.65,90,34.68,3468.0,85,"Heavy Sell Exit: 3 executives sold $2,251,411.00 over 14 days",0001283699-24-000005,https://www.sec.gov/edgar/browse/?CIK=0001283699,data/industries/communication_services/telecom_services/TMUS_insider_trades.csv
AMZN,Amazon.com Inc.,Consumer Discretionary,Internet Retail,2024-11-29,CONVICTION_BUY,129.39,2025-02-27,HOLDING_PERIOD_EXIT,172.09,90,33.0,3300.0,80,"C-Suite Conviction Buy: Insider_AMZN_2024_3 (Chief Executive Officer) open-market purchase of $307,086.00",0001018724-24-000003,https://www.sec.gov/edgar/browse/?CIK=0001018724,data/industries/consumer_discretionary/internet_retail/AMZN_insider_trades.csv
NFLX,Netflix Inc.,Communication Services,Entertainment,2024-12-01,HEAVY_SELL_EXIT,159.09,2025-03-01,HOLDING_PERIOD_EXIT,197.46,90,24.12,2412.0,75,"Heavy Sell Exit: 2 executives sold $1,042,910.00 over 14 days",0001065280-24-000005,https://www.sec.gov/edgar/browse/?CIK=0001065280,data/industries/communication_services/entertainment/NFLX_insider_trades.csv
V,Visa Inc.,Financials,Credit Services,2024-12-03,CONVICTION_BUY,131.18,2025-03-03,HOLDING_PERIOD_EXIT,140.94,90,7.44,744.0,70,"C-Suite Conviction Buy: Insider_V_2024_2 (Chief Executive Officer) open-market purchase of $217,040.00",0001403161-24-000002,https://www.sec.gov/edgar/browse/?CIK=0001403161,data/industries/financials/credit_services/V_insider_trades.csv
F,Ford Motor Company,Consumer Discretionary,Automotive,2024-12-03,CONVICTION_BUY,109.48,2025-01-02,STOP_LOSS_EXIT,96.34,30,-12.0,-1200.0,90,"C-Suite Conviction Buy: Insider_F_2024_7 (Chief Financial Officer) open-market purchase of $879,960.00",0000037996-24-000007,https://www.sec.gov/edgar/browse/?CIK=0000037996,data/industries/consumer_discretionary/automotive/F_insider_trades.csv
F,Ford Motor Company,Consumer Discretionary,Automotive,2024-12-04,CONVICTION_BUY,268.77,2025-03-04,HOLDING_PERIOD_EXIT,358.75,90,33.48,3348.0,90,"C-Suite Conviction Buy: Insider_F_2024_7 (Chief Financial Officer) open-market purchase of $879,960.00",0000037996-24-000007,https://www.sec.gov/edgar/browse/?CIK=0000037996,data/industries/consumer_discretionary/automotive/F_insider_trades.csv
F,Ford Motor Company,Consumer Discretionary,Automotive,2024-12-04,HEAVY_SELL_EXIT,268.77,2025-03-04,HOLDING_PERIOD_EXIT,358.75,90,33.48,3348.0,75,"Heavy Sell Exit: 2 executives sold $1,324,686.00 over 14 days",0000037996-24-000011,https://www.sec.gov/edgar/browse/?CIK=0000037996,data/industries/consumer_discretionary/automotive/F_insider_trades.csv
LOW,Lowe's Companies Inc.,Consumer Discretionary,Home Improvement Retail,2024-12-05,CLUSTER_BUY,274.72,2025-03-05,HOLDING_PERIOD_EXIT,309.66,90,12.72,1272.0,75,"Cluster Buy Trigger: 2 independent insiders purchased $1,074,754.00 within 14 days",0000060667-24-000004,https://www.sec.gov/edgar/browse/?CIK=0000060667,data/industries/consumer_discretionary/home_improvement_retail/LOW_insider_trades.csv
BA,The Boeing Company,Industrials,Aerospace & Defense,2024-12-05,CONVICTION_BUY,268.2,2025-03-04,TAKE_PROFIT_TARGET,375.48,89,40.0,4000.0,95,"C-Suite Conviction Buy: Insider_BA_2024_1 (Chief Financial Officer) open-market purchase of $1,271,322.00",0000012927-24-000001,https://www.sec.gov/edgar/browse/?CIK=0000012927,data/industries/industrials/aerospace_defense/BA_insider_trades.csv
DIS,The Walt Disney Company,Communication Services,Entertainment,2024-12-06,CLUSTER_BUY,235.94,2025-03-06,HOLDING_PERIOD_EXIT,305.31,90,29.4,2940.0,75,"Cluster Buy Trigger: 2 independent insiders purchased $1,594,577.00 within 14 days",0001744489-24-000009,https://www.sec.gov/edgar/browse/?CIK=0001744489,data/industries/communication_services/entertainment/DIS_insider_trades.csv
WFC,Wells Fargo & Company,Financials,Banks - Diversified,2024-12-09,CONVICTION_BUY,123.57,2025-03-09,HOLDING_PERIOD_EXIT,137.51,90,11.28,1128.0,80,"C-Suite Conviction Buy: Insider_WFC_2024_10 (Chief Financial Officer) open-market purchase of $362,280.00",0000072971-24-000010,https://www.sec.gov/edgar/browse/?CIK=0000072971,data/industries/financials/banks_diversified/WFC_insider_trades.csv
V,Visa Inc.,Financials,Credit Services,2024-12-09,CONVICTION_BUY,145.59,2025-03-09,HOLDING_PERIOD_EXIT,184.55,90,26.76,2676.0,70,"C-Suite Conviction Buy: Insider_V_2024_2 (Chief Executive Officer) open-market purchase of $217,040.00",0001403161-24-000002,https://www.sec.gov/edgar/browse/?CIK=0001403161,data/industries/financials/credit_services/V_insider_trades.csv
SBUX,Starbucks Corporation,Consumer Discretionary,Restaurants,2024-12-13,HEAVY_SELL_EXIT,185.65,2025-03-13,HOLDING_PERIOD_EXIT,247.58,90,33.36,3336.0,85,"Heavy Sell Exit: 2 executives sold $2,383,285.00 over 14 days",0000829224-24-000002,https://www.sec.gov/edgar/browse/?CIK=0000829224,data/industries/consumer_discretionary/restaurants/SBUX_insider_trades.csv
KO,The Coca-Cola Company,Consumer Staples,Beverages - Non-Alcoholic,2024-12-13,CONVICTION_BUY,228.82,2025-03-13,HOLDING_PERIOD_EXIT,204.34,90,-10.7,-1070.0,70,"C-Suite Conviction Buy: Insider_KO_2024_1 (Chief Executive Officer) open-market purchase of $238,770.00",0000021344-24-000001,https://www.sec.gov/edgar/browse/?CIK=0000021344,data/industries/consumer_staples/beverages_non_alcoholic/KO_insider_trades.csv
CSCO,Cisco Systems Inc.,Information Technology,Communication Equipment,2024-12-14,HEAVY_SELL_EXIT,193.38,2025-03-14,HOLDING_PERIOD_EXIT,248.61,90,28.56,2856.0,80,"Heavy Sell Exit: 2 executives sold $1,535,765.00 over 14 days",0000023217-24-000012,https://www.sec.gov/edgar/browse/?CIK=0000023217,data/industries/information_technology/communication_equipment/CSCO_insider_trades.csv
ADBE,Adobe Inc.,Information Technology,Software - Infrastructure,2024-12-15,CONVICTION_BUY,122.67,2025-03-15,HOLDING_PERIOD_EXIT,168.74,90,37.56,3756.0,90,"C-Suite Conviction Buy: Insider_ADBE_2024_14 (Chief Financial Officer) open-market purchase of $983,630.00",0000796343-24-000014,https://www.sec.gov/edgar/browse/?CIK=0000796343,data/industries/information_technology/software_infrastructure/ADBE_insider_trades.csv
MRNA,Moderna Inc.,Health Care,Biotechnology,2024-12-18,CONVICTION_BUY,142.99,2025-03-18,HOLDING_PERIOD_EXIT,165.12,90,15.48,1548.0,80,"C-Suite Conviction Buy: Insider_MRNA_2024_3 (Chief Financial Officer) open-market purchase of $282,650.00",0001682852-24-000003,https://www.sec.gov/edgar/browse/?CIK=0001682852,data/industries/health_care/biotechnology/MRNA_insider_trades.csv
ORCL,Oracle Corporation,Information Technology,Software - Infrastructure,2024-12-22,CONVICTION_BUY,267.02,2025-03-22,HOLDING_PERIOD_EXIT,335.91,90,25.8,2580.0,80,"C-Suite Conviction Buy: Insider_ORCL_2024_1 (Chief Financial Officer) open-market purchase of $283,104.00",0001341439-24-000001,https://www.sec.gov/edgar/browse/?CIK=0001341439,data/industries/information_technology/software_infrastructure/ORCL_insider_trades.csv
IBM,International Business Machines Corporation,Information Technology,IT Services,2024-12-24,HEAVY_SELL_EXIT,276.04,2025-03-24,HOLDING_PERIOD_EXIT,364.81,90,32.16,3216.0,85,"Heavy Sell Exit: 2 executives sold $2,074,879.00 over 14 days",0000051143-24-000008,https://www.sec.gov/edgar/browse/?CIK=0000051143,data/industries/information_technology/it_services/IBM_insider_trades.csv
IBM,International Business Machines Corporation,Information Technology,IT Services,2025-01-06,CONVICTION_BUY,90.38,2025-02-05,STOP_LOSS_EXIT,79.53,30,-12.0,-1200.0,70,"C-Suite Conviction Buy: Insider_IBM_2025_2 (Chief Executive Officer) open-market purchase of $140,688.00",0000051143-25-000002,https://www.sec.gov/edgar/browse/?CIK=0000051143,data/industries/information_technology/it_services/IBM_insider_trades.csv
ELV,Elevance Health Inc.,Health Care,Health Care Plans,2025-01-14,HEAVY_SELL_EXIT,94.95,2025-04-10,TAKE_PROFIT_TARGET,132.93,86,40.0,4000.0,80,"Heavy Sell Exit: 2 executives sold $1,715,927.00 over 14 days",0001156039-25-000004,https://www.sec.gov/edgar/browse/?CIK=0001156039,data/industries/health_care/health_care_plans/ELV_insider_trades.csv
JNJ,Johnson & Johnson,Health Care,Pharmaceuticals,2025-01-19,CONVICTION_BUY,228.51,2025-04-19,HOLDING_PERIOD_EXIT,269.64,90,18.0,1800.0,80,"C-Suite Conviction Buy: Insider_JNJ_2025_5 (Chief Financial Officer) open-market purchase of $488,268.00",0000200406-25-000005,https://www.sec.gov/edgar/browse/?CIK=0000200406,data/industries/health_care/pharmaceuticals/JNJ_insider_trades.csv
JNJ,Johnson & Johnson,Health Care,Pharmaceuticals,2025-01-21,CONVICTION_BUY,172.85,2025-04-21,HOLDING_PERIOD_EXIT,226.16,90,30.84,3084.0,80,"C-Suite Conviction Buy: Insider_JNJ_2025_5 (Chief Financial Officer) open-market purchase of $488,268.00",0000200406-25-000005,https://www.sec.gov/edgar/browse/?CIK=0000200406,data/industries/health_care/pharmaceuticals/JNJ_insider_trades.csv
ADBE,Adobe Inc.,Information Technology,Software - Infrastructure,2025-01-26,CONVICTION_BUY,267.31,2025-04-26,HOLDING_PERIOD_EXIT,342.69,90,28.2,2820.0,70,"C-Suite Conviction Buy: Insider_ADBE_2025_4 (Chief Executive Officer) open-market purchase of $223,911.00",0000796343-25-000004,https://www.sec.gov/edgar/browse/?CIK=0000796343,data/industries/information_technology/software_infrastructure/ADBE_insider_trades.csv
CRWD,CrowdStrike Holdings Inc.,Information Technology,Software - Infrastructure,2025-01-28,CONVICTION_BUY,102.48,2025-04-28,HOLDING_PERIOD_EXIT,123.39,90,20.4,2040.0,90,"C-Suite Conviction Buy: Insider_CRWD_2025_7 (Chief Executive Officer) open-market purchase of $913,750.00",0001535527-25-000007,https://www.sec.gov/edgar/browse/?CIK=0001535527,data/industries/information_technology/software_infrastructure/CRWD_insider_trades.csv
GILD,Gilead Sciences Inc.,Health Care,Biotechnology,2025-02-01,HEAVY_SELL_EXIT,140.09,2025-05-02,HOLDING_PERIOD_EXIT,180.44,90,28.8,2880.0,80,"Heavy Sell Exit: 2 executives sold $1,708,165.00 over 14 days",0000882095-25-000010,https://www.sec.gov/edgar/browse/?CIK=0000882095,data/industries/health_care/biotechnology/GILD_insider_trades.csv
SNPS,Synopsys Inc.,Information Technology,Software - Infrastructure,2025-02-02,CONVICTION_BUY,95.73,2025-05-03,HOLDING_PERIOD_EXIT,103.66,90,8.28,828.0,95,"C-Suite Conviction Buy: Insider_SNPS_2025_3 (Chief Financial Officer) open-market purchase of $1,139,190.00",0000883241-25-000003,https://www.sec.gov/edgar/browse/?CIK=0000883241,data/industries/information_technology/software_infrastructure/SNPS_insider_trades.csv
SNPS,Synopsys Inc.,Information Technology,Software - Infrastructure,2025-02-03,CONVICTION_BUY,111.98,2025-05-04,HOLDING_PERIOD_EXIT,131.06,90,17.04,1704.0,95,"C-Suite Conviction Buy: Insider_SNPS_2025_3 (Chief Financial Officer) open-market purchase of $1,139,190.00",0000883241-25-000003,https://www.sec.gov/edgar/browse/?CIK=0000883241,data/industries/information_technology/software_infrastructure/SNPS_insider_trades.csv
DIS,The Walt Disney Company,Communication Services,Entertainment,2025-02-03,HEAVY_SELL_EXIT,221.44,2025-04-18,TAKE_PROFIT_TARGET,310.02,74,40.0,4000.0,85,"Heavy Sell Exit: 2 executives sold $2,236,983.00 over 14 days",0001744489-25-000007,https://www.sec.gov/edgar/browse/?CIK=0001744489,data/industries/communication_services/entertainment/DIS_insider_trades.csv
MA,Mastercard Incorporated,Financials,Credit Services,2025-02-04,HEAVY_SELL_EXIT,101.44,2025-05-05,HOLDING_PERIOD_EXIT,127.61,90,25.8,2580.0,75,"Heavy Sell Exit: 2 executives sold $1,054,813.00 over 14 days",0001141391-25-000010,https://www.sec.gov/edgar/browse/?CIK=0001141391,data/industries/financials/credit_services/MA_insider_trades.csv
CRWD,CrowdStrike Holdings Inc.,Information Technology,Software - Infrastructure,2025-02-07,CONVICTION_BUY,221.25,2025-05-08,HOLDING_PERIOD_EXIT,265.06,90,19.8,1980.0,90,"C-Suite Conviction Buy: Insider_CRWD_2025_7 (Chief Executive Officer) open-market purchase of $913,750.00",0001535527-25-000007,https://www.sec.gov/edgar/browse/?CIK=0001535527,data/industries/information_technology/software_infrastructure/CRWD_insider_trades.csv
CRWD,CrowdStrike Holdings Inc.,Information Technology,Software - Infrastructure,2025-02-07,CLUSTER_BUY,221.25,2025-05-08,HOLDING_PERIOD_EXIT,265.06,90,19.8,1980.0,75,"Cluster Buy Trigger: 2 independent insiders purchased $1,598,950.00 within 14 days",0001535527-25-000007,https://www.sec.gov/edgar/browse/?CIK=0001535527,data/industries/information_technology/software_infrastructure/CRWD_insider_trades.csv
CRWD,CrowdStrike Holdings Inc.,Information Technology,Software - Infrastructure,2025-02-15,CLUSTER_BUY,125.99,2025-05-16,HOLDING_PERIOD_EXIT,149.73,90,18.84,1884.0,75,"Cluster Buy Trigger: 2 independent insiders purchased $1,666,219.00 within 14 days",0001535527-25-000003,https://www.sec.gov/edgar/browse/?CIK=0001535527,data/industries/information_technology/software_infrastructure/CRWD_insider_trades.csv
SYK,Stryker Corporation,Health Care,Medical Devices,2025-02-17,HEAVY_SELL_EXIT,191.22,2025-05-18,HOLDING_PERIOD_EXIT,224.03,90,17.16,1716.0,75,"Heavy Sell Exit: 2 executives sold $1,129,124.00 over 14 days",0000310764-25-000008,https://www.sec.gov/edgar/browse/?CIK=0000310764,data/industries/health_care/medical_devices/SYK_insider_trades.csv
SPG,Simon Property Group Inc.,Real Estate,REIT - Retail,2025-02-18,HEAVY_SELL_EXIT,171.51,2025-05-19,HOLDING_PERIOD_EXIT,233.46,90,36.12,3612.0,75,"Heavy Sell Exit: 2 executives sold $1,142,835.00 over 14 days",0000906345-25-000006,https://www.sec.gov/edgar/browse/?CIK=0000906345,data/industries/real_estate/reit_retail/SPG_insider_trades.csv
AXP,American Express Company,Financials,Credit Services,2025-02-20,HEAVY_SELL_EXIT,225.11,2025-05-13,TAKE_PROFIT_TARGET,315.15,82,40.0,4000.0,75,"Heavy Sell Exit: 2 executives sold $1,493,206.00 over 14 days",0000004962-25-000002,https://www.sec.gov/edgar/browse/?CIK=0000004962,data/industries/financials/credit_services/AXP_insider_trades.csv
GILD,Gilead Sciences Inc.,Health Care,Biotechnology,2025-02-23,CLUSTER_BUY,176.43,2025-05-24,HOLDING_PERIOD_EXIT,156.85,90,-11.1,-1110.0,75,"Cluster Buy Trigger: 2 independent insiders purchased $756,572.00 within 14 days",0000882095-25-000007,https://www.sec.gov/edgar/browse/?CIK=0000882095,data/industries/health_care/biotechnology/GILD_insider_trades.csv
SYK,Stryker Corporation,Health Care,Medical Devices,2025-03-02,HEAVY_SELL_EXIT,124.0,2025-05-31,HOLDING_PERIOD_EXIT,134.71,90,8.64,864.0,75,"Heavy Sell Exit: 2 executives sold $1,129,124.00 over 14 days",0000310764-25-000008,https://www.sec.gov/edgar/browse/?CIK=0000310764,data/industries/health_care/medical_devices/SYK_insider_trades.csv
C,Citigroup Inc.,Financials,Banks - Diversified,2025-03-02,HEAVY_SELL_EXIT,129.87,2025-05-25,TAKE_PROFIT_TARGET,181.82,84,40.0,4000.0,80,"Heavy Sell Exit: 2 executives sold $1,603,479.00 over 14 days",0000831001-25-000012,https://www.sec.gov/edgar/browse/?CIK=0000831001,data/industries/financials/banks_diversified/C_insider_trades.csv
PANW,Palo Alto Networks Inc.,Information Technology,Software - Infrastructure,2025-03-07,CONVICTION_BUY,172.55,2025-06-05,TAKE_PROFIT_TARGET,241.57,90,40.0,4000.0,90,"C-Suite Conviction Buy: Insider_PANW_2025_2 (Chief Executive Officer) open-market purchase of $810,270.00",0001326801-25-000002,https://www.sec.gov/edgar/browse/?CIK=0001326801,data/industries/information_technology/software_infrastructure/PANW_insider_trades.csv
COP,ConocoPhillips,Energy,Oil & Gas E&P,2025-03-07,CONVICTION_BUY,94.31,2025-06-05,HOLDING_PERIOD_EXIT,105.4,90,11.76,1176.0,70,"C-Suite Conviction Buy: Insider_COP_2025_8 (Chief Executive Officer) open-market purchase of $119,868.00",0001163165-25-000008,https://www.sec.gov/edgar/browse/?CIK=0001163165,data/industries/energy/oil_gas_ep/COP_insider_trades.csv
MRNA,Moderna Inc.,Health Care,Biotechnology,2025-03-09,CONVICTION_BUY,163.54,2025-06-07,HOLDING_PERIOD_EXIT,145.71,90,-10.9,-1090.0,70,"C-Suite Conviction Buy: Insider_MRNA_2025_2 (Chief Financial Officer) open-market purchase of $237,978.00",0001682852-25-000002,https://www.sec.gov/edgar/browse/?CIK=0001682852,data/industries/health_care/biotechnology/MRNA_insider_trades.csv
SPG,Simon Property Group Inc.,Real Estate,REIT - Retail,2025-03-09,CONVICTION_BUY,265.6,2025-06-07,HOLDING_PERIOD_EXIT,341.14,90,28.44,2844.0,95,"C-Suite Conviction Buy: Insider_SPG_2025_12 (Chief Financial Officer) open-market purchase of $1,252,423.00",0000906345-25-000012,https://www.sec.gov/edgar/browse/?CIK=0000906345,data/industries/real_estate/reit_retail/SPG_insider_trades.csv
QCOM,QUALCOMM Incorporated,Information Technology,Semiconductors,2025-03-14,CLUSTER_BUY,260.46,2025-06-12,HOLDING_PERIOD_EXIT,290.78,90,11.64,1164.0,75,"Cluster Buy Trigger: 2 independent insiders purchased $913,009.00 within 14 days",0000804328-25-000002,https://www.sec.gov/edgar/browse/?CIK=0000804328,data/industries/information_technology/semiconductors/QCOM_insider_trades.csv
DE,Deere & Company,Industrials,Industrial Machinery,2025-03-16,HEAVY_SELL_EXIT,235.84,2025-04-15,STOP_LOSS_EXIT,207.54,30,-12.0,-1200.0,75,"Heavy Sell Exit: 2 executives sold $1,380,688.00 over 14 days",0000315189-25-000003,https://www.sec.gov/edgar/browse/?CIK=0000315189,data/industries/industrials/industrial_machinery/DE_insider_trades.csv
SPG,Simon Property Group Inc.,Real Estate,REIT - Retail,2025-03-17,CONVICTION_BUY,106.05,2025-06-15,HOLDING_PERIOD_EXIT,146.14,90,37.8,3780.0,95,"C-Suite Conviction Buy: Insider_SPG_2025_12 (Chief Financial Officer) open-market purchase of $1,252,423.00",0000906345-25-000012,https://www.sec.gov/edgar/browse/?CIK=0000906345,data/industries/real_estate/reit_retail/SPG_insider_trades.csv
AMD,Advanced Micro Devices Inc.,Information Technology,Semiconductors,2025-03-21,HEAVY_SELL_EXIT,202.94,2025-05-31,TAKE_PROFIT_TARGET,284.12,71,40.0,4000.0,75,"Heavy Sell Exit: 2 executives sold $1,234,443.00 over 14 days",0000002488-25-000002,https://www.sec.gov/edgar/browse/?CIK=0000002488,data/industries/information_technology/semiconductors/AMD_insider_trades.csv
SYK,Stryker Corporation,Health Care,Medical Devices,2025-04-01,HEAVY_SELL_EXIT,170.11,2025-06-30,HOLDING_PERIOD_EXIT,200.32,90,17.76,1776.0,80,"Heavy Sell Exit: 2 executives sold $1,793,283.00 over 14 days",0000310764-25-000007,https://www.sec.gov/edgar/browse/?CIK=0000310764,data/industries/health_care/medical_devices/SYK_insider_trades.csv
MDT,Medtronic plc,Health Care,Medical Devices,2025-04-02,HEAVY_SELL_EXIT,190.33,2025-07-01,HOLDING_PERIOD_EXIT,249.71,90,31.2,3120.0,80,"Heavy Sell Exit: 2 executives sold $1,724,352.00 over 14 days",0000143899-25-000001,https://www.sec.gov/edgar/browse/?CIK=0000143899,data/industries/health_care/medical_devices/MDT_insider_trades.csv
CAT,Caterpillar Inc.,Industrials,Industrial Machinery,2025-04-02,CONVICTION_BUY,275.85,2025-07-01,HOLDING_PERIOD_EXIT,316.57,90,14.76,1476.0,90,"C-Suite Conviction Buy: Insider_CAT_2025_2 (Chief Executive Officer) open-market purchase of $915,027.00",0000018230-25-000002,https://www.sec.gov/edgar/browse/?CIK=0000018230,data/industries/industrials/industrial_machinery/CAT_insider_trades.csv
SYK,Stryker Corporation,Health Care,Medical Devices,2025-04-08,HEAVY_SELL_EXIT,172.03,2025-07-07,HOLDING_PERIOD_EXIT,224.88,90,30.72,3072.0,90,"Heavy Sell Exit: 3 executives sold $3,478,869.00 over 14 days",0000310764-25-000007,https://www.sec.gov/edgar/browse/?CIK=0000310764,data/industries/health_care/medical_devices/SYK_insider_trades.csv
C,Citigroup Inc.,Financials,Banks - Diversified,2025-04-08,CONVICTION_BUY,231.05,2025-07-07,HOLDING_PERIOD_EXIT,204.71,90,-11.4,-1140.0,95,"C-Suite Conviction Buy: Insider_C_2025_5 (Chief Executive Officer) open-market purchase of $1,087,101.00",0000831001-25-000005,https://www.sec.gov/edgar/browse/?CIK=0000831001,data/industries/financials/banks_diversified/C_insider_trades.csv
ABT,Abbott Laboratories,Health Care,Medical Devices,2025-04-13,CONVICTION_BUY,130.09,2025-07-12,HOLDING_PERIOD_EXIT,158.5,90,21.84,2184.0,90,"C-Suite Conviction Buy: Insider_ABT_2025_1 (Chief Executive Officer) open-market purchase of $665,830.00",0000001800-25-000001,https://www.sec.gov/edgar/browse/?CIK=0000001800,data/industries/health_care/medical_devices/ABT_insider_trades.csv
C,Citigroup Inc.,Financials,Banks - Diversified,2025-04-14,CONVICTION_BUY,203.14,2025-07-09,TAKE_PROFIT_TARGET,284.4,86,40.0,4000.0,95,"C-Suite Conviction Buy: Insider_C_2025_5 (Chief Executive Officer) open-market purchase of $1,087,101.00",0000831001-25-000005,https://www.sec.gov/edgar/browse/?CIK=0000831001,data/industries/financials/banks_diversified/C_insider_trades.csv
C,Citigroup Inc.,Financials,Banks - Diversified,2025-04-14,HEAVY_SELL_EXIT,203.14,2025-07-09,TAKE_PROFIT_TARGET,284.4,86,40.0,4000.0,75,"Heavy Sell Exit: 3 executives sold $1,116,292.00 over 14 days",0000831001-25-000001,https://www.sec.gov/edgar/browse/?CIK=0000831001,data/industries/financials/banks_diversified/C_insider_trades.csv
ABT,Abbott Laboratories,Health Care,Medical Devices,2025-04-15,CONVICTION_BUY,227.86,2025-07-14,HOLDING_PERIOD_EXIT,297.86,90,30.72,3072.0,90,"C-Suite Conviction Buy: Insider_ABT_2025_1 (Chief Executive Officer) open-market purchase of $665,830.00",0000001800-25-000001,https://www.sec.gov/edgar/browse/?CIK=0000001800,data/industries/health_care/medical_devices/ABT_insider_trades.csv
UPS,United Parcel Service Inc.,Industrials,Integrated Freight & Logistics,2025-04-19,CONVICTION_BUY,140.41,2025-07-18,HOLDING_PERIOD_EXIT,168.38,90,19.92,1992.0,90,"C-Suite Conviction Buy: Insider_UPS_2025_2 (Chief Executive Officer) open-market purchase of $622,708.00",0001090727-25-000002,https://www.sec.gov/edgar/browse/?CIK=0001090727,data/industries/industrials/integrated_freight_logistics/UPS_insider_trades.csv
AXP,American Express Company,Financials,Credit Services,2025-04-20,CLUSTER_BUY,254.89,2025-07-19,HOLDING_PERIOD_EXIT,298.32,90,17.04,1704.0,75,"Cluster Buy Trigger: 2 independent insiders purchased $392,596.00 within 14 days",0000004962-25-000007,https://www.sec.gov/edgar/browse/?CIK=0000004962,data/industries/financials/credit_services/AXP_insider_trades.csv
MS,Morgan Stanley,Financials,Capital Markets,2025-04-25,HEAVY_SELL_EXIT,82.35,2025-07-24,HOLDING_PERIOD_EXIT,97.77,90,18.72,1872.0,75,"Heavy Sell Exit: 2 executives sold $1,069,989.00 over 14 days",0000895421-25-000003,https://www.sec.gov/edgar/browse/?CIK=0000895421,data/industries/financials/capital_markets/MS_insider_trades.csv
LIN,Linde plc,Materials,Specialty Chemicals,2025-05-08,CONVICTION_BUY,93.18,2025-08-06,HOLDING_PERIOD_EXIT,111.52,90,19.68,1968.0,90,"C-Suite Conviction Buy: Insider_LIN_2025_3 (Chief Executive Officer) open-market purchase of $869,396.00",0001707925-25-000003,https://www.sec.gov/edgar/browse/?CIK=0001707925,data/industries/materials/specialty_chemicals/LIN_insider_trades.csv
AMZN,Amazon.com Inc.,Consumer Discretionary,Internet Retail,2025-05-09,CONVICTION_BUY,88.14,2025-08-07,HOLDING_PERIOD_EXIT,96.5,90,9.48,948.0,80,"C-Suite Conviction Buy: Insider_AMZN_2025_1 (Chief Executive Officer) open-market purchase of $390,222.00",0001018724-25-000001,https://www.sec.gov/edgar/browse/?CIK=0001018724,data/industries/consumer_discretionary/internet_retail/AMZN_insider_trades.csv
AXP,American Express Company,Financials,Credit Services,2025-05-10,CONVICTION_BUY,267.57,2025-07-19,TAKE_PROFIT_TARGET,374.6,70,40.0,4000.0,80,"C-Suite Conviction Buy: Insider_AXP_2025_11 (Chief Financial Officer) open-market purchase of $338,775.00",0000004962-25-000011,https://www.sec.gov/edgar/browse/?CIK=0000004962,data/industries/financials/credit_services/AXP_insider_trades.csv
DE,Deere & Company,Industrials,Industrial Machinery,2025-05-10,CONVICTION_BUY,261.1,2025-08-08,HOLDING_PERIOD_EXIT,326.58,90,25.08,2508.0,90,"C-Suite Conviction Buy: Insider_DE_2025_12 (Chief Financial Officer) open-market purchase of $594,752.00",0000315189-25-000012,https://www.sec.gov/edgar/browse/?CIK=0000315189,data/industries/industrials/industrial_machinery/DE_insider_trades.csv
TSLA,Tesla Inc.,Consumer Discretionary,Automotive,2025-05-15,HEAVY_SELL_EXIT,187.4,2025-08-13,HOLDING_PERIOD_EXIT,167.35,90,-10.7,-1070.0,75,"Heavy Sell Exit: 2 executives sold $1,346,562.00 over 14 days",0001318605-25-000001,https://www.sec.gov/edgar/browse/?CIK=0001318605,data/industries/consumer_discretionary/automotive/TSLA_insider_trades.csv
AXP,American Express Company,Financials,Credit Services,2025-05-16,CONVICTION_BUY,133.34,2025-08-01,TAKE_PROFIT_TARGET,186.68,77,40.0,4000.0,80,"C-Suite Conviction Buy: Insider_AXP_2025_11 (Chief Financial Officer) open-market purchase of $338,775.00",0000004962-25-000011,https://www.sec.gov/edgar/browse/?CIK=0000004962,data/industries/financials/credit_services/AXP_insider_trades.csv
MCD,McDonald's Corporation,Consumer Discretionary,Restaurants,2025-05-18,HEAVY_SELL_EXIT,82.47,2025-08-12,TAKE_PROFIT_TARGET,115.46,86,40.0,4000.0,80,"Heavy Sell Exit: 2 executives sold $1,792,170.00 over 14 days",0000063908-25-000002,https://www.sec.gov/edgar/browse/?CIK=0000063908,data/industries/consumer_discretionary/restaurants/MCD_insider_trades.csv
UNH,UnitedHealth Group Incorporated,Health Care,Health Care Plans,2025-05-20,CLUSTER_BUY,139.13,2025-08-18,HOLDING_PERIOD_EXIT,123.27,90,-11.4,-1140.0,75,"Cluster Buy Trigger: 2 independent insiders purchased $991,203.00 within 14 days",0000731766-25-000001,https://www.sec.gov/edgar/browse/?CIK=0000731766,data/industries/health_care/health_care_plans/UNH_insider_trades.csv
FCX,Freeport-McMoRan Inc.,Materials,Copper & Metals,2025-05-25,CONVICTION_BUY,259.14,2025-08-23,HOLDING_PERIOD_EXIT,281.22,90,8.52,852.0,95,"C-Suite Conviction Buy: Insider_FCX_2025_1 (Chief Executive Officer) open-market purchase of $1,162,376.00",0000831259-25-000001,https://www.sec.gov/edgar/browse/?CIK=0000831259,data/industries/materials/copper_metals/FCX_insider_trades.csv
TSLA,Tesla Inc.,Consumer Discretionary,Automotive,2025-05-26,HEAVY_SELL_EXIT,113.48,2025-08-24,HOLDING_PERIOD_EXIT,151.88,90,33.84,3384.0,75,"Heavy Sell Exit: 2 executives sold $1,471,358.00 over 14 days",0001318605-25-000011,https://www.sec.gov/edgar/browse/?CIK=0001318605,data/industries/consumer_discretionary/automotive/TSLA_insider_trades.csv
GS,The Goldman Sachs Group Inc.,Financials,Capital Markets,2025-05-27,CLUSTER_BUY,83.94,2025-08-25,HOLDING_PERIOD_EXIT,111.74,90,33.12,3312.0,75,"Cluster Buy Trigger: 2 independent insiders purchased $1,127,126.00 within 14 days",0000886982-25-000010,https://www.sec.gov/edgar/browse/?CIK=0000886982,data/industries/financials/capital_markets/GS_insider_trades.csv
MRK,Merck & Co. Inc.,Health Care,Pharmaceuticals,2025-05-30,HEAVY_SELL_EXIT,184.22,2025-08-28,HOLDING_PERIOD_EXIT,163.59,90,-11.2,-1120.0,75,"Heavy Sell Exit: 2 executives sold $1,269,783.00 over 14 days",0000310158-25-000002,https://www.sec.gov/edgar/browse/?CIK=0000310158,data/industries/health_care/pharmaceuticals/MRK_insider_trades.csv
TXN,Texas Instruments Incorporated,Information Technology,Semiconductors,2025-06-05,CONVICTION_BUY,235.99,2025-08-14,TAKE_PROFIT_TARGET,330.39,70,40.0,4000.0,90,"C-Suite Conviction Buy: Insider_TXN_2025_7 (Chief Executive Officer) open-market purchase of $834,900.00",0000097476-25-000007,https://www.sec.gov/edgar/browse/?CIK=0000097476,data/industries/information_technology/semiconductors/TXN_insider_trades.csv
SBUX,Starbucks Corporation,Consumer Discretionary,Restaurants,2025-06-06,CONVICTION_BUY,237.65,2025-09-04,HOLDING_PERIOD_EXIT,322.92,90,35.88,3588.0,80,"C-Suite Conviction Buy: Insider_SBUX_2025_1 (Chief Executive Officer) open-market purchase of $250,490.00",0000829224-25-000001,https://www.sec.gov/edgar/browse/?CIK=0000829224,data/industries/consumer_discretionary/restaurants/SBUX_insider_trades.csv
DUK,Duke Energy Corporation,Utilities,Utilities - Regulated Electric,2025-06-12,CONVICTION_BUY,80.41,2025-09-10,HOLDING_PERIOD_EXIT,100.38,90,24.84,2484.0,95,"C-Suite Conviction Buy: Insider_DUK_2025_12 (Chief Executive Officer) open-market purchase of $1,260,176.00",0001326160-25-000012,https://www.sec.gov/edgar/browse/?CIK=0001326160,data/industries/utilities/utilities_regulated_electric/DUK_insider_trades.csv
NVDA,NVIDIA Corporation,Information Technology,Semiconductors,2025-06-15,CONVICTION_BUY,171.46,2025-09-13,HOLDING_PERIOD_EXIT,225.78,90,31.68,3168.0,90,"C-Suite Conviction Buy: NVDA_CFO_Conviction (Chief Financial Officer) open-market purchase of $706,450.00",0001045810-25-99999CFO,https://www.sec.gov/edgar/browse/?CIK=0001045810,data/industries/information_technology/semiconductors/NVDA_insider_trades.csv
NVDA,NVIDIA Corporation,Information Technology,Semiconductors,2025-06-15,CLUSTER_BUY,171.46,2025-09-13,HOLDING_PERIOD_EXIT,225.78,90,31.68,3168.0,75,"Cluster Buy Trigger: 2 independent insiders purchased $1,620,100.00 within 14 days",0001045810-25-99999CFO,https://www.sec.gov/edgar/browse/?CIK=0001045810,data/industries/information_technology/semiconductors/NVDA_insider_trades.csv
AMD,Advanced Micro Devices Inc.,Information Technology,Semiconductors,2025-06-15,CONVICTION_BUY,187.89,2025-09-13,HOLDING_PERIOD_EXIT,208.41,90,10.92,1092.0,90,"C-Suite Conviction Buy: AMD_CFO_Conviction (Chief Financial Officer) open-market purchase of $548,800.00",0000002488-25-99999CFO,https://www.sec.gov/edgar/browse/?CIK=0000002488,data/industries/information_technology/semiconductors/AMD_insider_trades.csv
AMD,Advanced Micro Devices Inc.,Information Technology,Semiconductors,2025-06-15,CLUSTER_BUY,187.89,2025-09-13,HOLDING_PERIOD_EXIT,208.41,90,10.92,1092.0,75,"Cluster Buy Trigger: 2 independent insiders purchased $1,697,250.00 within 14 days",0000002488-25-99999CFO,https://www.sec.gov/edgar/browse/?CIK=0000002488,data/industries/information_technology/semiconductors/AMD_insider_trades.csv
MSFT,Microsoft Corporation,Information Technology,Software - Infrastructure,2025-06-15,CONVICTION_BUY,258.51,2025-09-13,HOLDING_PERIOD_EXIT,328.93,90,27.24,2724.0,90,"C-Suite Conviction Buy: MSFT_CFO_Conviction (Chief Financial Officer) open-market purchase of $647,400.00",0000789019-25-99999CFO,https://www.sec.gov/edgar/browse/?CIK=0000789019,data/industries/information_technology/software_infrastructure/MSFT_insider_trades.csv
MSFT,Microsoft Corporation,Information Technology,Software - Infrastructure,2025-06-15,CLUSTER_BUY,258.51,2025-09-13,HOLDING_PERIOD_EXIT,328.93,90,27.24,2724.0,75,"Cluster Buy Trigger: 2 independent insiders purchased $1,173,050.00 within 14 days",0000789019-25-99999CFO,https://www.sec.gov/edgar/browse/?CIK=0000789019,data/industries/information_technology/software_infrastructure/MSFT_insider_trades.csv
AAPL,Apple Inc.,Information Technology,Consumer Electronics,2025-06-15,CONVICTION_BUY,104.94,2025-09-09,TAKE_PROFIT_TARGET,146.92,86,40.0,4000.0,95,"C-Suite Conviction Buy: AAPL_CFO_Conviction (Chief Financial Officer) open-market purchase of $1,243,550.00",0000320193-25-99999CFO,https://www.sec.gov/edgar/browse/?CIK=0000320193,data/industries/information_technology/consumer_electronics/AAPL_insider_trades.csv
AAPL,Apple Inc.,Information Technology,Consumer Electronics,2025-06-15,CLUSTER_BUY,104.94,2025-09-09,TAKE_PROFIT_TARGET,146.92,86,40.0,4000.0,75,"Cluster Buy Trigger: 2 independent insiders purchased $2,081,450.00 within 14 days",0000320193-25-99999CFO,https://www.sec.gov/edgar/browse/?CIK=0000320193,data/industries/information_technology/consumer_electronics/AAPL_insider_trades.csv
AMGN,Amgen Inc.,Health Care,Biotechnology,2025-06-15,CONVICTION_BUY,98.19,2025-09-13,HOLDING_PERIOD_EXIT,127.76,90,30.12,3012.0,90,"C-Suite Conviction Buy: AMGN_CFO_Conviction (Chief Financial Officer) open-market purchase of $606,350.00",0000031462-25-99999CFO,https://www.sec.gov/edgar/browse/?CIK=0000031462,data/industries/health_care/biotechnology/AMGN_insider_trades.csv
AMGN,Amgen Inc.,Health Care,Biotechnology,2025-06-15,CLUSTER_BUY,98.19,2025-09-13,HOLDING_PERIOD_EXIT,127.76,90,30.12,3012.0,75,"Cluster Buy Trigger: 2 independent insiders purchased $1,492,800.00 within 14 days",0000031462-25-99999CFO,https://www.sec.gov/edgar/browse/?CIK=0000031462,data/industries/health_care/biotechnology/AMGN_insider_trades.csv
JPM,JPMorgan Chase & Co.,Financials,Banks - Diversified,2025-06-15,CONVICTION_BUY,181.98,2025-09-13,HOLDING_PERIOD_EXIT,214.08,90,17.64,1764.0,95,"C-Suite Conviction Buy: JPM_CEO_Conviction (Chief Executive Officer) open-market purchase of $1,092,100.00",0000019617-25-99999CEO,https://www.sec.gov/edgar/browse/?CIK=0000019617,data/industries/financials/banks_diversified/JPM_insider_trades.csv
JPM,JPMorgan Chase & Co.,Financials,Banks - Diversified,2025-06-15,CLUSTER_BUY,181.98,2025-09-13,HOLDING_PERIOD_EXIT,214.08,90,17.64,1764.0,75,"Cluster Buy Trigger: 2 independent insiders purchased $2,008,350.00 within 14 days",0000019617-25-99999CEO,https://www.sec.gov/edgar/browse/?CIK=0000019617,data/industries/financials/banks_diversified/JPM_insider_trades.csv
V,Visa Inc.,Financials,Credit Services,2025-06-15,CONVICTION_BUY,162.22,2025-09-13,HOLDING_PERIOD_EXIT,218.09,90,34.44,3444.0,90,"C-Suite Conviction Buy: V_CFO_Conviction (Chief Financial Officer) open-market purchase of $540,000.00",0001403161-25-99999CFO,https://www.sec.gov/edgar/browse/?CIK=0001403161,data/industries/financials/credit_services/V_insider_trades.csv
V,Visa Inc.,Financials,Credit Services,2025-06-15,CLUSTER_BUY,162.22,2025-09-13,HOLDING_PERIOD_EXIT,218.09,90,34.44,3444.0,75,"Cluster Buy Trigger: 2 independent insiders purchased $1,367,850.00 within 14 days",0001403161-25-99999CFO,https://www.sec.gov/edgar/browse/?CIK=0001403161,data/industries/financials/credit_services/V_insider_trades.csv
TSLA,Tesla Inc.,Consumer Discretionary,Automotive,2025-06-15,CONVICTION_BUY,252.46,2025-09-12,TAKE_PROFIT_TARGET,353.44,89,40.0,4000.0,90,"C-Suite Conviction Buy: TSLA_CFO_Conviction (Chief Financial Officer) open-market purchase of $741,300.00",0001318605-25-99999CFO,https://www.sec.gov/edgar/browse/?CIK=0001318605,data/industries/consumer_discretionary/automotive/TSLA_insider_trades.csv
TSLA,Tesla Inc.,Consumer Discretionary,Automotive,2025-06-15,CLUSTER_BUY,252.46,2025-09-12,TAKE_PROFIT_TARGET,353.44,89,40.0,4000.0,75,"Cluster Buy Trigger: 2 independent insiders purchased $1,734,900.00 within 14 days",0001318605-25-99999CFO,https://www.sec.gov/edgar/browse/?CIK=0001318605,data/industries/consumer_discretionary/automotive/TSLA_insider_trades.csv
COP,ConocoPhillips,Energy,Oil & Gas E&P,2025-06-16,HEAVY_SELL_EXIT,241.19,2025-09-14,HOLDING_PERIOD_EXIT,295.6,90,22.56,2256.0,75,"Heavy Sell Exit: 2 executives sold $1,301,452.00 over 14 days",0001163165-25-000004,https://www.sec.gov/edgar/browse/?CIK=0001163165,data/industries/energy/oil_gas_ep/COP_insider_trades.csv
AMD,Advanced Micro Devices Inc.,Information Technology,Semiconductors,2025-06-20,CONVICTION_BUY,125.74,2025-09-18,HOLDING_PERIOD_EXIT,139.62,90,11.04,1104.0,90,"C-Suite Conviction Buy: AMD_CFO_Conviction (Chief Financial Officer) open-market purchase of $548,800.00",0000002488-25-99999CFO,https://www.sec.gov/edgar/browse/?CIK=0000002488,data/industries/information_technology/semiconductors/AMD_insider_trades.csv
AMD,Advanced Micro Devices Inc.,Information Technology,Semiconductors,2025-06-20,CLUSTER_BUY,125.74,2025-09-18,HOLDING_PERIOD_EXIT,111.66,90,-11.2,-1120.0,75,"Cluster Buy Trigger: 2 independent insiders purchased $1,697,250.00 within 14 days",0000002488-25-99999CFO,https://www.sec.gov/edgar/browse/?CIK=0000002488,data/industries/information_technology/semiconductors/AMD_insider_trades.csv
LLY,Eli Lilly and Company,Health Care,Pharmaceuticals,2025-06-23,CONVICTION_BUY,191.36,2025-09-13,TAKE_PROFIT_TARGET,267.9,82,40.0,4000.0,90,"C-Suite Conviction Buy: Insider_LLY_2025_3 (Chief Financial Officer) open-market purchase of $562,628.00",0000059478-25-000003,https://www.sec.gov/edgar/browse/?CIK=0000059478,data/industries/health_care/pharmaceuticals/LLY_insider_trades.csv
COP,ConocoPhillips,Energy,Oil & Gas E&P,2025-06-25,HEAVY_SELL_EXIT,107.32,2025-09-01,TAKE_PROFIT_TARGET,150.25,68,40.0,4000.0,75,"Heavy Sell Exit: 2 executives sold $1,039,012.00 over 14 days",0001163165-25-000006,https://www.sec.gov/edgar/browse/?CIK=0001163165,data/industries/energy/oil_gas_ep/COP_insider_trades.csv
MSFT,Microsoft Corporation,Information Technology,Software - Infrastructure,2025-06-28,CONVICTION_BUY,114.52,2025-09-26,HOLDING_PERIOD_EXIT,149.43,90,30.48,3048.0,90,"C-Suite Conviction Buy: MSFT_CFO_Conviction (Chief Financial Officer) open-market purchase of $647,400.00",0000789019-25-99999CFO,https://www.sec.gov/edgar/browse/?CIK=0000789019,data/industries/information_technology/software_infrastructure/MSFT_insider_trades.csv
MSFT,Microsoft Corporation,Information Technology,Software - Infrastructure,2025-06-28,CLUSTER_BUY,114.52,2025-09-26,HOLDING_PERIOD_EXIT,149.43,90,30.48,3048.0,85,"Cluster Buy Trigger: 3 independent insiders purchased $1,383,790.00 within 14 days",0000789019-25-99999CFO,https://www.sec.gov/edgar/browse/?CIK=0000789019,data/industries/information_technology/software_infrastructure/MSFT_insider_trades.csv
LOW,Lowe's Companies Inc.,Consumer Discretionary,Home Improvement Retail,2025-06-30,CONVICTION_BUY,209.44,2025-09-28,HOLDING_PERIOD_EXIT,239.35,90,14.28,1428.0,95,"C-Suite Conviction Buy: Insider_LOW_2025_3 (Chief Financial Officer) open-market purchase of $1,264,053.00",0000060667-25-000003,https://www.sec.gov/edgar/browse/?CIK=0000060667,data/industries/consumer_discretionary/home_improvement_retail/LOW_insider_trades.csv
GOOGL,Alphabet Inc.,Communication Services,Internet Content & Information,2025-06-30,CONVICTION_BUY,251.26,2025-09-18,TAKE_PROFIT_TARGET,351.76,80,40.0,4000.0,95,"C-Suite Conviction Buy: Insider_GOOGL_2025_3 (Chief Executive Officer) open-market purchase of $1,542,066.00",0001652044-25-000003,https://www.sec.gov/edgar/browse/?CIK=0001652044,data/industries/communication_services/internet_content_information/GOOGL_insider_trades.csv
EOG,EOG Resources Inc.,Energy,Oil & Gas E&P,2025-07-01,HEAVY_SELL_EXIT,264.62,2025-09-29,HOLDING_PERIOD_EXIT,304.95,90,15.24,1524.0,80,"Heavy Sell Exit: 2 executives sold $1,611,689.00 over 14 days",0000821189-25-000007,https://www.sec.gov/edgar/browse/?CIK=0000821189,data/industries/energy/oil_gas_ep/EOG_insider_trades.csv
TXN,Texas Instruments Incorporated,Information Technology,Semiconductors,2025-07-03,CONVICTION_BUY,151.39,2025-09-28,TAKE_PROFIT_TARGET,211.95,87,40.0,4000.0,80,"C-Suite Conviction Buy: Insider_TXN_2025_5 (Chief Financial Officer) open-market purchase of $485,904.00",0000097476-25-000005,https://www.sec.gov/edgar/browse/?CIK=0000097476,data/industries/information_technology/semiconductors/TXN_insider_trades.csv
ELV,Elevance Health Inc.,Health Care,Health Care Plans,2025-07-04,HEAVY_SELL_EXIT,201.83,2025-09-19,TAKE_PROFIT_TARGET,282.56,77,40.0,4000.0,80,"Heavy Sell Exit: 2 executives sold $1,613,330.00 over 14 days",0001156039-25-000007,https://www.sec.gov/edgar/browse/?CIK=0001156039,data/industries/health_care/health_care_plans/ELV_insider_trades.csv
TXN,Texas Instruments Incorporated,Information Technology,Semiconductors,2025-07-05,CONVICTION_BUY,129.63,2025-10-03,HOLDING_PERIOD_EXIT,146.27,90,12.84,1284.0,80,"C-Suite Conviction Buy: Insider_TXN_2025_5 (Chief Financial Officer) open-market purchase of $485,904.00",0000097476-25-000005,https://www.sec.gov/edgar/browse/?CIK=0000097476,data/industries/information_technology/semiconductors/TXN_insider_trades.csv
META,Meta Platforms Inc.,Communication Services,Internet Content & Information,2025-07-05,CLUSTER_BUY,266.61,2025-10-03,HOLDING_PERIOD_EXIT,236.22,90,-11.4,-1140.0,75,"Cluster Buy Trigger: 2 independent insiders purchased $1,552,346.00 within 14 days",0001326801-25-000006,https://www.sec.gov/edgar/browse/?CIK=0001326801,data/industries/communication_services/internet_content_information/META_insider_trades.csv
MSFT,Microsoft Corporation,Information Technology,Software - Infrastructure,2025-07-07,CLUSTER_BUY,251.81,2025-10-05,HOLDING_PERIOD_EXIT,223.61,90,-11.2,-1120.0,75,"Cluster Buy Trigger: 2 independent insiders purchased $1,117,645.00 within 14 days",0000789019-25-000003,https://www.sec.gov/edgar/browse/?CIK=0000789019,data/industries/information_technology/software_infrastructure/MSFT_insider_trades.csv
INTC,Intel Corporation,Information Technology,Semiconductors,2025-07-08,CONVICTION_BUY,231.91,2025-10-06,HOLDING_PERIOD_EXIT,298.98,90,28.92,2892.0,95,"C-Suite Conviction Buy: Insider_INTC_2025_9 (Chief Financial Officer) open-market purchase of $1,062,810.00",0000050863-25-000009,https://www.sec.gov/edgar/browse/?CIK=0000050863,data/industries/information_technology/semiconductors/INTC_insider_trades.csv
TXN,Texas Instruments Incorporated,Information Technology,Semiconductors,2025-07-11,CONVICTION_BUY,127.6,2025-10-09,HOLDING_PERIOD_EXIT,138.62,90,8.64,864.0,80,"C-Suite Conviction Buy: Insider_TXN_2025_5 (Chief Financial Officer) open-market purchase of $485,904.00",0000097476-25-000005,https://www.sec.gov/edgar/browse/?CIK=0000097476,data/industries/information_technology/semiconductors/TXN_insider_trades.csv
LIN,Linde plc,Materials,Specialty Chemicals,2025-07-14,HEAVY_SELL_EXIT,171.37,2025-10-11,TAKE_PROFIT_TARGET,239.92,89,40.0,4000.0,85,"Heavy Sell Exit: 2 executives sold $2,489,256.00 over 14 days",0001707925-25-000007,https://www.sec.gov/edgar/browse/?CIK=0001707925,data/industries/materials/specialty_chemicals/LIN_insider_trades.csv
CAT,Caterpillar Inc.,Industrials,Industrial Machinery,2025-07-20,CONVICTION_BUY,117.71,2025-10-18,HOLDING_PERIOD_EXIT,104.29,90,-11.4,-1140.0,70,"C-Suite Conviction Buy: Insider_CAT_2025_4 (Chief Executive Officer) open-market purchase of $214,586.00",0000018230-25-000004,https://www.sec.gov/edgar/browse/?CIK=0000018230,data/industries/industrials/industrial_machinery/CAT_insider_trades.csv
AXP,American Express Company,Financials,Credit Services,2025-07-26,HEAVY_SELL_EXIT,254.07,2025-10-24,HOLDING_PERIOD_EXIT,298.58,90,17.52,1752.0,75,"Heavy Sell Exit: 2 executives sold $1,283,669.00 over 14 days",0000004962-25-000008,https://www.sec.gov/edgar/browse/?CIK=0000004962,data/industries/financials/credit_services/AXP_insider_trades.csv
CL,Colgate-Palmolive Company,Consumer Staples,Household & Personal Products,2025-07-26,CONVICTION_BUY,144.72,2025-10-24,HOLDING_PERIOD_EXIT,193.35,90,33.6,3360.0,95,"C-Suite Conviction Buy: Insider_CL_2025_1 (Chief Executive Officer) open-market purchase of $1,153,040.00",0000021665-25-000001,https://www.sec.gov/edgar/browse/?CIK=0000021665,data/industries/consumer_staples/household_personal_products/CL_insider_trades.csv
RTX,RTX Corporation,Industrials,Aerospace & Defense,2025-07-28,CONVICTION_BUY,242.18,2025-10-26,HOLDING_PERIOD_EXIT,272.69,90,12.6,1260.0,95,"C-Suite Conviction Buy: Insider_RTX_2025_6 (Chief Executive Officer) open-market purchase of $1,025,639.00",0000101829-25-000006,https://www.sec.gov/edgar/browse/?CIK=0000101829,data/industries/industrials/aerospace_defense/RTX_insider_trades.csv
RTX,RTX Corporation,Industrials,Aerospace & Defense,2025-07-28,CLUSTER_BUY,242.18,2025-10-26,HOLDING_PERIOD_EXIT,272.69,90,12.6,1260.0,75,"Cluster Buy Trigger: 2 independent insiders purchased $1,555,246.00 within 14 days",0000101829-25-000001,https://www.sec.gov/edgar/browse/?CIK=0000101829,data/industries/industrials/aerospace_defense/RTX_insider_trades.csv
CVX,Chevron Corporation,Energy,Oil & Gas Integrated,2025-07-28,CONVICTION_BUY,201.91,2025-10-26,HOLDING_PERIOD_EXIT,263.69,90,30.6,3060.0,90,"C-Suite Conviction Buy: Insider_CVX_2025_8 (Chief Executive Officer) open-market purchase of $529,759.00",0000093410-25-000008,https://www.sec.gov/edgar/browse/?CIK=0000093410,data/industries/energy/oil_gas_integrated/CVX_insider_trades.csv
NEE,NextEra Energy Inc.,Utilities,Utilities - Regulated Electric,2025-07-31,CLUSTER_BUY,261.26,2025-10-29,HOLDING_PERIOD_EXIT,312.36,90,19.56,1956.0,75,"Cluster Buy Trigger: 2 independent insiders purchased $1,615,982.00 within 14 days",0000753308-25-000001,https://www.sec.gov/edgar/browse/?CIK=0000753308,data/industries/utilities/utilities_regulated_electric/NEE_insider_trades.csv
T,AT&T Inc.,Communication Services,Telecom Services,2025-08-09,HEAVY_SELL_EXIT,274.39,2025-11-07,HOLDING_PERIOD_EXIT,347.49,90,26.64,2664.0,80,"Heavy Sell Exit: 2 executives sold $1,636,668.00 over 14 days",0000007323-25-000003,https://www.sec.gov/edgar/browse/?CIK=0000007323,data/industries/communication_services/telecom_services/T_insider_trades.csv
PEP,PepsiCo Inc.,Consumer Staples,Beverages - Non-Alcoholic,2025-08-09,HEAVY_SELL_EXIT,153.89,2025-11-07,HOLDING_PERIOD_EXIT,177.16,90,15.12,1512.0,75,"Heavy Sell Exit: 2 executives sold $1,472,709.00 over 14 days",0000077476-25-000004,https://www.sec.gov/edgar/browse/?CIK=0000077476,data/industries/consumer_staples/beverages_non_alcoholic/PEP_insider_trades.csv
SPG,Simon Property Group Inc.,Real Estate,REIT - Retail,2025-08-10,HEAVY_SELL_EXIT,144.66,2025-11-08,HOLDING_PERIOD_EXIT,161.15,90,11.4,1140.0,75,"Heavy Sell Exit: 2 executives sold $1,372,680.00 over 14 days",0000906345-25-000004,https://www.sec.gov/edgar/browse/?CIK=0000906345,data/industries/real_estate/reit_retail/SPG_insider_trades.csv
AAPL,Apple Inc.,Information Technology,Consumer Electronics,2025-08-14,CONVICTION_BUY,104.45,2025-11-12,HOLDING_PERIOD_EXIT,134.53,90,28.8,2880.0,90,"C-Suite Conviction Buy: Insider_AAPL_2025_5 (Chief Financial Officer) open-market purchase of $688,982.00",0000320193-25-000005,https://www.sec.gov/edgar/browse/?CIK=0000320193,data/industries/information_technology/consumer_electronics/AAPL_insider_trades.csv
AXP,American Express Company,Financials,Credit Services,2025-08-14,CONVICTION_BUY,171.72,2025-10-28,TAKE_PROFIT_TARGET,240.41,75,40.0,4000.0,95,"C-Suite Conviction Buy: Insider_AXP_2025_4 (Chief Executive Officer) open-market purchase of $1,008,763.00",0000004962-25-000004,https://www.sec.gov/edgar/browse/?CIK=0000004962,data/industries/financials/credit_services/AXP_insider_trades.csv
F,Ford Motor Company,Consumer Discretionary,Automotive,2025-08-16,HEAVY_SELL_EXIT,187.66,2025-11-14,HOLDING_PERIOD_EXIT,241.71,90,28.8,2880.0,80,"Heavy Sell Exit: 2 executives sold $1,611,219.00 over 14 days",0000037996-25-000011,https://www.sec.gov/edgar/browse/?CIK=0000037996,data/industries/consumer_discretionary/automotive/F_insider_trades.csv
PLD,Prologis Inc.,Real Estate,REIT - Industrial,2025-08-16,CONVICTION_BUY,115.69,2025-11-14,HOLDING_PERIOD_EXIT,159.98,90,38.28,3828.0,95,"C-Suite Conviction Buy: Insider_PLD_2025_6 (Chief Executive Officer) open-market purchase of $1,665,400.00",0001045609-25-000006,https://www.sec.gov/edgar/browse/?CIK=0001045609,data/industries/real_estate/reit_industrial/PLD_insider_trades.csv
ACN,Accenture plc,Information Technology,IT Services,2025-08-18,CONVICTION_BUY,260.98,2025-11-16,HOLDING_PERIOD_EXIT,355.56,90,36.24,3624.0,90,"C-Suite Conviction Buy: Insider_ACN_2025_3 (Chief Financial Officer) open-market purchase of $756,726.00",0001467373-25-000003,https://www.sec.gov/edgar/browse/?CIK=0001467373,data/industries/information_technology/it_services/ACN_insider_trades.csv
AXP,American Express Company,Financials,Credit Services,2025-08-18,CONVICTION_BUY,164.43,2025-09-17,STOP_LOSS_EXIT,144.7,30,-12.0,-1200.0,95,"C-Suite Conviction Buy: Insider_AXP_2025_4 (Chief Executive Officer) open-market purchase of $1,008,763.00",0000004962-25-000004,https://www.sec.gov/edgar/browse/?CIK=0000004962,data/industries/financials/credit_services/AXP_insider_trades.csv
RTX,RTX Corporation,Industrials,Aerospace & Defense,2025-08-19,CONVICTION_BUY,149.8,2025-11-17,HOLDING_PERIOD_EXIT,162.56,90,8.52,852.0,90,"C-Suite Conviction Buy: Insider_RTX_2025_8 (Chief Financial Officer) open-market purchase of $534,825.00",0000101829-25-000008,https://www.sec.gov/edgar/browse/?CIK=0000101829,data/industries/industrials/aerospace_defense/RTX_insider_trades.csv
AAPL,Apple Inc.,Information Technology,Consumer Electronics,2025-08-20,CONVICTION_BUY,116.83,2025-11-10,TAKE_PROFIT_TARGET,163.56,82,40.0,4000.0,90,"C-Suite Conviction Buy: Insider_AAPL_2025_5 (Chief Financial Officer) open-market purchase of $688,982.00",0000320193-25-000005,https://www.sec.gov/edgar/browse/?CIK=0000320193,data/industries/information_technology/consumer_electronics/AAPL_insider_trades.csv
AAPL,Apple Inc.,Information Technology,Consumer Electronics,2025-08-20,CLUSTER_BUY,116.83,2025-11-10,TAKE_PROFIT_TARGET,163.56,82,40.0,4000.0,75,"Cluster Buy Trigger: 2 independent insiders purchased $2,573,400.00 within 14 days",0000320193-25-000005,https://www.sec.gov/edgar/browse/?CIK=0000320193,data/industries/information_technology/consumer_electronics/AAPL_insider_trades.csv
MU,Micron Technology Inc.,Information Technology,Semiconductors,2025-08-24,CONVICTION_BUY,108.4,2025-11-22,HOLDING_PERIOD_EXIT,118.81,90,9.6,960.0,95,"C-Suite Conviction Buy: Insider_MU_2025_9 (Chief Financial Officer) open-market purchase of $1,200,996.00",0000072333-25-000009,https://www.sec.gov/edgar/browse/?CIK=0000072333,data/industries/information_technology/semiconductors/MU_insider_trades.csv
AAPL,Apple Inc.,Information Technology,Consumer Electronics,2025-08-24,CONVICTION_BUY,270.07,2025-11-22,HOLDING_PERIOD_EXIT,304.75,90,12.84,1284.0,90,"C-Suite Conviction Buy: Insider_AAPL_2025_5 (Chief Financial Officer) open-market purchase of $688,982.00",0000320193-25-000005,https://www.sec.gov/edgar/browse/?CIK=0000320193,data/industries/information_technology/consumer_electronics/AAPL_insider_trades.csv
AAPL,Apple Inc.,Information Technology,Consumer Electronics,2025-08-24,CLUSTER_BUY,270.07,2025-11-22,HOLDING_PERIOD_EXIT,304.75,90,12.84,1284.0,85,"Cluster Buy Trigger: 3 independent insiders purchased $3,089,396.00 within 14 days",0000320193-25-000005,https://www.sec.gov/edgar/browse/?CIK=0000320193,data/industries/information_technology/consumer_electronics/AAPL_insider_trades.csv
DIS,The Walt Disney Company,Communication Services,Entertainment,2025-08-25,CONVICTION_BUY,107.53,2025-11-23,HOLDING_PERIOD_EXIT,117.08,90,8.88,888.0,90,"C-Suite Conviction Buy: Insider_DIS_2025_1 (Chief Financial Officer) open-market purchase of $681,800.00",0001744489-25-000001,https://www.sec.gov/edgar/browse/?CIK=0001744489,data/industries/communication_services/entertainment/DIS_insider_trades.csv
GS,The Goldman Sachs Group Inc.,Financials,Capital Markets,2025-08-26,CONVICTION_BUY,143.81,2025-11-24,HOLDING_PERIOD_EXIT,184.36,90,28.2,2820.0,95,"C-Suite Conviction Buy: Insider_GS_2025_2 (Chief Financial Officer) open-market purchase of $1,505,868.00",0000886982-25-000002,https://www.sec.gov/edgar/browse/?CIK=0000886982,data/industries/financials/capital_markets/GS_insider_trades.csv
CVX,Chevron Corporation,Energy,Oil & Gas Integrated,2025-08-26,CLUSTER_BUY,223.28,2025-11-24,HOLDING_PERIOD_EXIT,258.38,90,15.72,1572.0,75,"Cluster Buy Trigger: 2 independent insiders purchased $1,531,814.00 within 14 days",0000093410-25-000005,https://www.sec.gov/edgar/browse/?CIK=0000093410,data/industries/energy/oil_gas_integrated/CVX_insider_trades.csv
SO,The Southern Company,Utilities,Utilities - Regulated Electric,2025-08-28,HEAVY_SELL_EXIT,113.12,2025-11-26,HOLDING_PERIOD_EXIT,125.47,90,10.92,1092.0,80,"Heavy Sell Exit: 2 executives sold $1,962,442.00 over 14 days",0000092122-25-000002,https://www.sec.gov/edgar/browse/?CIK=0000092122,data/industries/utilities/utilities_regulated_electric/SO_insider_trades.csv
PLD,Prologis Inc.,Real Estate,REIT - Industrial,2025-08-30,CONVICTION_BUY,204.92,2025-11-28,HOLDING_PERIOD_EXIT,261.48,90,27.6,2760.0,95,"C-Suite Conviction Buy: Insider_PLD_2025_6 (Chief Executive Officer) open-market purchase of $1,665,400.00",0001045609-25-000006,https://www.sec.gov/edgar/browse/?CIK=0001045609,data/industries/real_estate/reit_industrial/PLD_insider_trades.csv
MU,Micron Technology Inc.,Information Technology,Semiconductors,2025-09-02,CONVICTION_BUY,117.78,2025-12-01,HOLDING_PERIOD_EXIT,140.54,90,19.32,1932.0,95,"C-Suite Conviction Buy: Insider_MU_2025_9 (Chief Financial Officer) open-market purchase of $1,200,996.00",0000072333-25-000009,https://www.sec.gov/edgar/browse/?CIK=0000072333,data/industries/information_technology/semiconductors/MU_insider_trades.csv
MA,Mastercard Incorporated,Financials,Credit Services,2025-09-03,CONVICTION_BUY,89.2,2025-10-03,STOP_LOSS_EXIT,78.5,30,-12.0,-1200.0,95,"C-Suite Conviction Buy: Insider_MA_2025_11 (Chief Executive Officer) open-market purchase of $1,189,590.00",0001141391-25-000011,https://www.sec.gov/edgar/browse/?CIK=0001141391,data/industries/financials/credit_services/MA_insider_trades.csv
ORCL,Oracle Corporation,Information Technology,Software - Infrastructure,2025-09-04,CONVICTION_BUY,133.12,2025-11-20,TAKE_PROFIT_TARGET,186.37,77,40.0,4000.0,90,"C-Suite Conviction Buy: Insider_ORCL_2025_2 (Chief Executive Officer) open-market purchase of $734,666.00",0001341439-25-000002,https://www.sec.gov/edgar/browse/?CIK=0001341439,data/industries/information_technology/software_infrastructure/ORCL_insider_trades.csv
AAPL,Apple Inc.,Information Technology,Consumer Electronics,2025-09-06,CLUSTER_BUY,243.38,2025-12-05,HOLDING_PERIOD_EXIT,310.55,90,27.6,2760.0,75,"Cluster Buy Trigger: 2 independent insiders purchased $2,637,932.00 within 14 days",0000320193-25-000006,https://www.sec.gov/edgar/browse/?CIK=0000320193,data/industries/information_technology/consumer_electronics/AAPL_insider_trades.csv
CMCSA,Comcast Corporation,Communication Services,Entertainment,2025-09-10,HEAVY_SELL_EXIT,163.32,2025-12-09,HOLDING_PERIOD_EXIT,179.19,90,9.72,972.0,85,"Heavy Sell Exit: 2 executives sold $2,089,553.00 over 14 days",0001166691-25-000001,https://www.sec.gov/edgar/browse/?CIK=0001166691,data/industries/communication_services/entertainment/CMCSA_insider_trades.csv
MA,Mastercard Incorporated,Financials,Credit Services,2025-09-11,CONVICTION_BUY,165.07,2025-12-10,HOLDING_PERIOD_EXIT,187.06,90,13.32,1332.0,95,"C-Suite Conviction Buy: Insider_MA_2025_11 (Chief Executive Officer) open-market purchase of $1,189,590.00",0001141391-25-000011,https://www.sec.gov/edgar/browse/?CIK=0001141391,data/industries/financials/credit_services/MA_insider_trades.csv
MA,Mastercard Incorporated,Financials,Credit Services,2025-09-11,CLUSTER_BUY,165.07,2025-12-10,HOLDING_PERIOD_EXIT,187.06,90,13.32,1332.0,75,"Cluster Buy Trigger: 2 independent insiders purchased $1,732,748.00 within 14 days",0001141391-25-000011,https://www.sec.gov/edgar/browse/?CIK=0001141391,data/industries/financials/credit_services/MA_insider_trades.csv
SBUX,Starbucks Corporation,Consumer Discretionary,Restaurants,2025-09-20,CONVICTION_BUY,149.08,2025-12-19,HOLDING_PERIOD_EXIT,195.06,90,30.84,3084.0,70,"C-Suite Conviction Buy: Insider_SBUX_2025_4 (Chief Financial Officer) open-market purchase of $188,230.00",0000829224-25-000004,https://www.sec.gov/edgar/browse/?CIK=0000829224,data/industries/consumer_discretionary/restaurants/SBUX_insider_trades.csv
REGN,Regeneron Pharmaceuticals Inc.,Health Care,Biotechnology,2025-10-02,HEAVY_SELL_EXIT,201.6,2025-12-27,TAKE_PROFIT_TARGET,282.24,86,40.0,4000.0,85,"Heavy Sell Exit: 2 executives sold $2,159,941.00 over 14 days",0000872589-25-000007,https://www.sec.gov/edgar/browse/?CIK=0000872589,data/industries/health_care/biotechnology/REGN_insider_trades.csv
SLB,Schlumberger Limited,Energy,Oil & Gas Equipment,2025-10-11,HEAVY_SELL_EXIT,244.56,2026-01-06,TAKE_PROFIT_TARGET,342.38,87,40.0,4000.0,80,"Heavy Sell Exit: 2 executives sold $1,837,271.00 over 14 days",0000087347-25-000007,https://www.sec.gov/edgar/browse/?CIK=0000087347,data/industries/energy/oil_gas_equipment/SLB_insider_trades.csv
SLB,Schlumberger Limited,Energy,Oil & Gas Equipment,2025-10-13,HEAVY_SELL_EXIT,106.53,2026-01-11,HOLDING_PERIOD_EXIT,145.65,90,36.72,3672.0,85,"Heavy Sell Exit: 3 executives sold $2,056,071.00 over 14 days",0000087347-25-000007,https://www.sec.gov/edgar/browse/?CIK=0000087347,data/industries/energy/oil_gas_equipment/SLB_insider_trades.csv
UPS,United Parcel Service Inc.,Industrials,Integrated Freight & Logistics,2025-10-15,HEAVY_SELL_EXIT,145.62,2026-01-13,HOLDING_PERIOD_EXIT,166.41,90,14.28,1428.0,75,"Heavy Sell Exit: 3 executives sold $1,281,874.00 over 14 days",0001090727-25-000001,https://www.sec.gov/edgar/browse/?CIK=0001090727,data/industries/industrials/integrated_freight_logistics/UPS_insider_trades.csv
SHW,The Sherwin-Williams Company,Materials,Specialty Chemicals,2025-10-18,CLUSTER_BUY,152.34,2026-01-16,HOLDING_PERIOD_EXIT,170.99,90,12.24,1224.0,75,"Cluster Buy Trigger: 2 independent insiders purchased $1,074,636.00 within 14 days",0000089800-25-000003,https://www.sec.gov/edgar/browse/?CIK=0000089800,data/industries/materials/specialty_chemicals/SHW_insider_trades.csv
WFC,Wells Fargo & Company,Financials,Banks - Diversified,2025-10-23,CONVICTION_BUY,230.46,2026-01-21,HOLDING_PERIOD_EXIT,204.88,90,-11.1,-1110.0,80,"C-Suite Conviction Buy: Insider_WFC_2025_9 (Chief Executive Officer) open-market purchase of $328,779.00",0000072971-25-000009,https://www.sec.gov/edgar/browse/?CIK=0000072971,data/industries/financials/banks_diversified/WFC_insider_trades.csv
CL,Colgate-Palmolive Company,Consumer Staples,Household & Personal Products,2025-10-24,HEAVY_SELL_EXIT,267.01,2026-01-22,HOLDING_PERIOD_EXIT,366.34,90,37.2,3720.0,80,"Heavy Sell Exit: 2 executives sold $1,876,513.00 over 14 days",0000021665-25-000006,https://www.sec.gov/edgar/browse/?CIK=0000021665,data/industries/consumer_staples/household_personal_products/CL_insider_trades.csv
MRK,Merck & Co. Inc.,Health Care,Pharmaceuticals,2025-10-25,HEAVY_SELL_EXIT,167.04,2026-01-23,HOLDING_PERIOD_EXIT,195.1,90,16.8,1680.0,75,"Heavy Sell Exit: 2 executives sold $1,147,599.00 over 14 days",0000310158-25-000003,https://www.sec.gov/edgar/browse/?CIK=0000310158,data/industries/health_care/pharmaceuticals/MRK_insider_trades.csv
INTC,Intel Corporation,Information Technology,Semiconductors,2025-11-02,CONVICTION_BUY,123.48,2026-01-31,HOLDING_PERIOD_EXIT,109.65,90,-11.2,-1120.0,70,"C-Suite Conviction Buy: Insider_INTC_2025_4 (Chief Financial Officer) open-market purchase of $198,936.00",0000050863-25-000004,https://www.sec.gov/edgar/browse/?CIK=0000050863,data/industries/information_technology/semiconductors/INTC_insider_trades.csv
WFC,Wells Fargo & Company,Financials,Banks - Diversified,2025-11-05,CONVICTION_BUY,268.75,2026-02-03,HOLDING_PERIOD_EXIT,367.11,90,36.6,3660.0,80,"C-Suite Conviction Buy: Insider_WFC_2025_9 (Chief Executive Officer) open-market purchase of $328,779.00",0000072971-25-000009,https://www.sec.gov/edgar/browse/?CIK=0000072971,data/industries/financials/banks_diversified/WFC_insider_trades.csv
INTC,Intel Corporation,Information Technology,Semiconductors,2025-11-14,CONVICTION_BUY,83.52,2026-02-12,HOLDING_PERIOD_EXIT,105.97,90,26.88,2688.0,70,"C-Suite Conviction Buy: Insider_INTC_2025_4 (Chief Financial Officer) open-market purchase of $198,936.00",0000050863-25-000004,https://www.sec.gov/edgar/browse/?CIK=0000050863,data/industries/information_technology/semiconductors/INTC_insider_trades.csv
PEP,PepsiCo Inc.,Consumer Staples,Beverages - Non-Alcoholic,2025-11-17,HEAVY_SELL_EXIT,218.47,2026-02-15,HOLDING_PERIOD_EXIT,285.58,90,30.72,3072.0,80,"Heavy Sell Exit: 2 executives sold $1,868,384.00 over 14 days",0000077476-25-000006,https://www.sec.gov/edgar/browse/?CIK=0000077476,data/industries/consumer_staples/beverages_non_alcoholic/PEP_insider_trades.csv
AMZN,Amazon.com Inc.,Consumer Discretionary,Internet Retail,2025-11-18,HEAVY_SELL_EXIT,242.96,2026-01-26,TAKE_PROFIT_TARGET,340.14,69,40.0,4000.0,80,"Heavy Sell Exit: 2 executives sold $1,788,037.00 over 14 days",0001018724-25-000006,https://www.sec.gov/edgar/browse/?CIK=0001018724,data/industries/consumer_discretionary/internet_retail/AMZN_insider_trades.csv
IBM,International Business Machines Corporation,Information Technology,IT Services,2025-11-20,HEAVY_SELL_EXIT,122.21,2026-02-18,HOLDING_PERIOD_EXIT,149.19,90,22.08,2208.0,75,"Heavy Sell Exit: 2 executives sold $1,221,550.00 over 14 days",0000051143-25-000006,https://www.sec.gov/edgar/browse/?CIK=0000051143,data/industries/information_technology/it_services/IBM_insider_trades.csv
AMZN,Amazon.com Inc.,Consumer Discretionary,Internet Retail,2025-11-26,HEAVY_SELL_EXIT,232.58,2026-02-24,HOLDING_PERIOD_EXIT,259.65,90,11.64,1164.0,75,"Heavy Sell Exit: 2 executives sold $1,466,456.00 over 14 days",0001018724-25-000010,https://www.sec.gov/edgar/browse/?CIK=0001018724,data/industries/consumer_discretionary/internet_retail/AMZN_insider_trades.csv
COST,Costco Wholesale Corporation,Consumer Staples,Discount Stores,2025-11-26,HEAVY_SELL_EXIT,249.31,2026-02-24,HOLDING_PERIOD_EXIT,290.6,90,16.56,1656.0,80,"Heavy Sell Exit: 2 executives sold $1,538,856.00 over 14 days",0000909832-25-000002,https://www.sec.gov/edgar/browse/?CIK=0000909832,data/industries/consumer_staples/discount_stores/COST_insider_trades.csv
DIS,The Walt Disney Company,Communication Services,Entertainment,2025-11-27,CONVICTION_BUY,187.72,2026-02-25,HOLDING_PERIOD_EXIT,226.69,90,20.76,2076.0,95,"C-Suite Conviction Buy: Insider_DIS_2025_4 (Chief Executive Officer) open-market purchase of $1,156,480.00",0001744489-25-000004,https://www.sec.gov/edgar/browse/?CIK=0001744489,data/industries/communication_services/entertainment/DIS_insider_trades.csv
WMT,Walmart Inc.,Consumer Staples,Discount Stores,2025-11-27,HEAVY_SELL_EXIT,118.64,2026-02-25,HOLDING_PERIOD_EXIT,133.16,90,12.24,1224.0,80,"Heavy Sell Exit: 2 executives sold $1,932,051.00 over 14 days",0000104169-25-000012,https://www.sec.gov/edgar/browse/?CIK=0000104169,data/industries/consumer_staples/discount_stores/WMT_insider_trades.csv
WMT,Walmart Inc.,Consumer Staples,Discount Stores,2025-11-28,HEAVY_SELL_EXIT,147.22,2026-02-26,HOLDING_PERIOD_EXIT,189.97,90,29.04,2904.0,80,"Heavy Sell Exit: 2 executives sold $1,932,051.00 over 14 days",0000104169-25-000012,https://www.sec.gov/edgar/browse/?CIK=0000104169,data/industries/consumer_staples/discount_stores/WMT_insider_trades.csv
NEE,NextEra Energy Inc.,Utilities,Utilities - Regulated Electric,2025-11-28,CONVICTION_BUY,83.94,2026-02-10,TAKE_PROFIT_TARGET,117.52,74,40.0,4000.0,95,"C-Suite Conviction Buy: Insider_NEE_2025_8 (Chief Financial Officer) open-market purchase of $1,775,190.00",0000753308-25-000008,https://www.sec.gov/edgar/browse/?CIK=0000753308,data/industries/utilities/utilities_regulated_electric/NEE_insider_trades.csv
AMZN,Amazon.com Inc.,Consumer Discretionary,Internet Retail,2025-11-29,HEAVY_SELL_EXIT,197.3,2026-02-27,HOLDING_PERIOD_EXIT,225.0,90,14.04,1404.0,75,"Heavy Sell Exit: 2 executives sold $1,466,456.00 over 14 days",0001018724-25-000010,https://www.sec.gov/edgar/browse/?CIK=0001018724,data/industries/consumer_discretionary/internet_retail/AMZN_insider_trades.csv
LIN,Linde plc,Materials,Specialty Chemicals,2025-11-30,HEAVY_SELL_EXIT,141.36,2026-02-28,HOLDING_PERIOD_EXIT,190.89,90,35.04,3504.0,75,"Heavy Sell Exit: 2 executives sold $1,427,930.00 over 14 days",0001707925-25-000002,https://www.sec.gov/edgar/browse/?CIK=0001707925,data/industries/materials/specialty_chemicals/LIN_insider_trades.csv
SPG,Simon Property Group Inc.,Real Estate,REIT - Retail,2025-12-06,HEAVY_SELL_EXIT,151.62,2026-03-06,HOLDING_PERIOD_EXIT,166.36,90,9.72,972.0,75,"Heavy Sell Exit: 2 executives sold $1,353,995.00 over 14 days",0000906345-25-000009,https://www.sec.gov/edgar/browse/?CIK=0000906345,data/industries/real_estate/reit_retail/SPG_insider_trades.csv
UNH,UnitedHealth Group Incorporated,Health Care,Health Care Plans,2025-12-07,CONVICTION_BUY,129.75,2026-03-07,HOLDING_PERIOD_EXIT,164.63,90,26.88,2688.0,95,"C-Suite Conviction Buy: Insider_UNH_2025_3 (Chief Executive Officer) open-market purchase of $1,069,670.00",0000731766-25-000003,https://www.sec.gov/edgar/browse/?CIK=0000731766,data/industries/health_care/health_care_plans/UNH_insider_trades.csv
C,Citigroup Inc.,Financials,Banks - Diversified,2025-12-08,CONVICTION_BUY,266.7,2026-03-08,HOLDING_PERIOD_EXIT,359.83,90,34.92,3492.0,90,"C-Suite Conviction Buy: Insider_C_2025_9 (Chief Executive Officer) open-market purchase of $662,853.00",0000831001-25-000009,https://www.sec.gov/edgar/browse/?CIK=0000831001,data/industries/financials/banks_diversified/C_insider_trades.csv
DUK,Duke Energy Corporation,Utilities,Utilities - Regulated Electric,2025-12-12,HEAVY_SELL_EXIT,265.17,2026-03-12,HOLDING_PERIOD_EXIT,335.17,90,26.4,2640.0,75,"Heavy Sell Exit: 2 executives sold $1,260,017.00 over 14 days",0001326160-25-000006,https://www.sec.gov/edgar/browse/?CIK=0001326160,data/industries/utilities/utilities_regulated_electric/DUK_insider_trades.csv
MU,Micron Technology Inc.,Information Technology,Semiconductors,2025-12-16,CLUSTER_BUY,242.97,2026-03-16,HOLDING_PERIOD_EXIT,333.35,90,37.2,3720.0,75,"Cluster Buy Trigger: 2 independent insiders purchased $751,315.00 within 14 days",0000072333-25-000008,https://www.sec.gov/edgar/browse/?CIK=0000072333,data/industries/information_technology/semiconductors/MU_insider_trades.csv
DUK,Duke Energy Corporation,Utilities,Utilities - Regulated Electric,2025-12-17,HEAVY_SELL_EXIT,206.34,2026-02-21,TAKE_PROFIT_TARGET,288.88,66,40.0,4000.0,75,"Heavy Sell Exit: 2 executives sold $1,260,017.00 over 14 days",0001326160-25-000006,https://www.sec.gov/edgar/browse/?CIK=0001326160,data/industries/utilities/utilities_regulated_electric/DUK_insider_trades.csv
AVGO,Broadcom Inc.,Information Technology,Semiconductors,2025-12-19,HEAVY_SELL_EXIT,210.63,2026-03-19,HOLDING_PERIOD_EXIT,261.43,90,24.12,2412.0,75,"Heavy Sell Exit: 2 executives sold $1,458,139.00 over 14 days",0001441634-25-000001,https://www.sec.gov/edgar/browse/?CIK=0001441634,data/industries/information_technology/semiconductors/AVGO_insider_trades.csv
DUK,Duke Energy Corporation,Utilities,Utilities - Regulated Electric,2025-12-19,HEAVY_SELL_EXIT,278.23,2026-03-19,HOLDING_PERIOD_EXIT,249.02,90,-10.5,-1050.0,75,"Heavy Sell Exit: 2 executives sold $1,260,017.00 over 14 days",0001326160-25-000006,https://www.sec.gov/edgar/browse/?CIK=0001326160,data/industries/utilities/utilities_regulated_electric/DUK_insider_trades.csv
DUK,Duke Energy Corporation,Utilities,Utilities - Regulated Electric,2025-12-20,HEAVY_SELL_EXIT,198.96,2026-03-20,HOLDING_PERIOD_EXIT,247.67,90,24.48,2448.0,80,"Heavy Sell Exit: 3 executives sold $1,718,893.00 over 14 days",0001326160-25-000006,https://www.sec.gov/edgar/browse/?CIK=0001326160,data/industries/utilities/utilities_regulated_electric/DUK_insider_trades.csv
MU,Micron Technology Inc.,Information Technology,Semiconductors,2025-12-21,CLUSTER_BUY,236.11,2026-03-16,TAKE_PROFIT_TARGET,330.55,85,40.0,4000.0,75,"Cluster Buy Trigger: 2 independent insiders purchased $2,023,415.00 within 14 days",0000072333-25-000004,https://www.sec.gov/edgar/browse/?CIK=0000072333,data/industries/information_technology/semiconductors/MU_insider_trades.csv
MDT,Medtronic plc,Health Care,Medical Devices,2025-12-22,HEAVY_SELL_EXIT,217.94,2026-03-22,HOLDING_PERIOD_EXIT,195.06,90,-10.5,-1050.0,75,"Heavy Sell Exit: 2 executives sold $1,268,875.00 over 14 days",0000143899-25-000002,https://www.sec.gov/edgar/browse/?CIK=0000143899,data/industries/health_care/medical_devices/MDT_insider_trades.csv
WMT,Walmart Inc.,Consumer Staples,Discount Stores,2025-12-23,CONVICTION_BUY,153.83,2026-03-23,HOLDING_PERIOD_EXIT,196.29,90,27.6,2760.0,90,"C-Suite Conviction Buy: Insider_WMT_2025_4 (Chief Executive Officer) open-market purchase of $657,134.00",0000104169-25-000004,https://www.sec.gov/edgar/browse/?CIK=0000104169,data/industries/consumer_staples/discount_stores/WMT_insider_trades.csv
WMT,Walmart Inc.,Consumer Staples,Discount Stores,2025-12-23,CLUSTER_BUY,153.83,2026-03-23,HOLDING_PERIOD_EXIT,196.29,90,27.6,2760.0,75,"Cluster Buy Trigger: 2 independent insiders purchased $2,555,324.00 within 14 days",0000104169-25-000011,https://www.sec.gov/edgar/browse/?CIK=0000104169,data/industries/consumer_staples/discount_stores/WMT_insider_trades.csv
CB,Chubb Limited,Financials,Insurance - Property & Casualty,2025-12-24,HEAVY_SELL_EXIT,94.43,2026-03-12,TAKE_PROFIT_TARGET,132.2,78,40.0,4000.0,75,"Heavy Sell Exit: 2 executives sold $1,201,409.00 over 14 days",0001559720-25-000007,https://www.sec.gov/edgar/browse/?CIK=0001559720,data/industries/financials/insurance_property_casualty/CB_insider_trades.csv
XOM,Exxon Mobil Corporation,Energy,Oil & Gas Integrated,2026-01-05,HEAVY_SELL_EXIT,184.68,2026-03-15,TAKE_PROFIT_TARGET,258.55,69,40.0,4000.0,80,"Heavy Sell Exit: 2 executives sold $1,936,150.00 over 14 days",0000034088-25-000007,https://www.sec.gov/edgar/browse/?CIK=0000034088,data/industries/energy/oil_gas_integrated/XOM_insider_trades.csv
TGT,Target Corporation,Consumer Staples,Discount Stores,2026-01-06,HEAVY_SELL_EXIT,205.56,2026-03-13,TAKE_PROFIT_TARGET,287.78,66,40.0,4000.0,80,"Heavy Sell Exit: 2 executives sold $1,675,402.00 over 14 days",0000027419-25-000003,https://www.sec.gov/edgar/browse/?CIK=0000027419,data/industries/consumer_staples/discount_stores/TGT_insider_trades.csv
XOM,Exxon Mobil Corporation,Energy,Oil & Gas Integrated,2026-01-08,HEAVY_SELL_EXIT,99.76,2026-04-08,HOLDING_PERIOD_EXIT,121.43,90,21.72,2172.0,90,"Heavy Sell Exit: 3 executives sold $2,921,014.00 over 14 days",0000034088-25-000007,https://www.sec.gov/edgar/browse/?CIK=0000034088,data/industries/energy/oil_gas_integrated/XOM_insider_trades.csv
DIS,The Walt Disney Company,Communication Services,Entertainment,2026-01-09,CONVICTION_BUY,256.15,2026-04-09,HOLDING_PERIOD_EXIT,284.43,90,11.04,1104.0,90,"C-Suite Conviction Buy: Insider_DIS_2026_1 (Chief Executive Officer) open-market purchase of $592,416.00",0001744489-26-000001,https://www.sec.gov/edgar/browse/?CIK=0001744489,data/industries/communication_services/entertainment/DIS_insider_trades.csv
LMT,Lockheed Martin Corporation,Industrials,Aerospace & Defense,2026-01-10,HEAVY_SELL_EXIT,171.28,2026-04-10,HOLDING_PERIOD_EXIT,197.59,90,15.36,1536.0,80,"Heavy Sell Exit: 2 executives sold $1,511,135.00 over 14 days",0000936468-26-000003,https://www.sec.gov/edgar/browse/?CIK=0000936468,data/industries/industrials/aerospace_defense/LMT_insider_trades.csv
ADBE,Adobe Inc.,Information Technology,Software - Infrastructure,2026-01-11,CONVICTION_BUY,237.23,2026-04-11,HOLDING_PERIOD_EXIT,271.11,90,14.28,1428.0,90,"C-Suite Conviction Buy: Insider_ADBE_2026_11 (Chief Executive Officer) open-market purchase of $506,226.00",0000796343-26-000011,https://www.sec.gov/edgar/browse/?CIK=0000796343,data/industries/information_technology/software_infrastructure/ADBE_insider_trades.csv
HD,The Home Depot Inc.,Consumer Discretionary,Home Improvement Retail,2026-01-14,HEAVY_SELL_EXIT,146.26,2026-03-21,TAKE_PROFIT_TARGET,204.76,66,40.0,4000.0,75,"Heavy Sell Exit: 2 executives sold $1,002,749.00 over 14 days",0000354950-26-000001,https://www.sec.gov/edgar/browse/?CIK=0000354950,data/industries/consumer_discretionary/home_improvement_retail/HD_insider_trades.csv
GOOGL,Alphabet Inc.,Communication Services,Internet Content & Information,2026-01-16,CONVICTION_BUY,279.17,2026-04-16,HOLDING_PERIOD_EXIT,303.63,90,8.76,876.0,70,"C-Suite Conviction Buy: Insider_GOOGL_2026_10 (Chief Financial Officer) open-market purchase of $198,395.00",0001652044-26-000010,https://www.sec.gov/edgar/browse/?CIK=0001652044,data/industries/communication_services/internet_content_information/GOOGL_insider_trades.csv
AXP,American Express Company,Financials,Credit Services,2026-01-18,CONVICTION_BUY,136.3,2026-04-18,HOLDING_PERIOD_EXIT,167.54,90,22.92,2292.0,70,"C-Suite Conviction Buy: Insider_AXP_2026_10 (Chief Financial Officer) open-market purchase of $208,320.00",0000004962-26-000010,https://www.sec.gov/edgar/browse/?CIK=0000004962,data/industries/financials/credit_services/AXP_insider_trades.csv
AXP,American Express Company,Financials,Credit Services,2026-01-18,CLUSTER_BUY,136.3,2026-04-18,HOLDING_PERIOD_EXIT,167.54,90,22.92,2292.0,75,"Cluster Buy Trigger: 2 independent insiders purchased $677,940.00 within 14 days",0000004962-26-000013,https://www.sec.gov/edgar/browse/?CIK=0000004962,data/industries/financials/credit_services/AXP_insider_trades.csv
HD,The Home Depot Inc.,Consumer Discretionary,Home Improvement Retail,2026-01-19,HEAVY_SELL_EXIT,237.49,2026-04-19,HOLDING_PERIOD_EXIT,273.11,90,15.0,1500.0,75,"Heavy Sell Exit: 3 executives sold $1,391,412.00 over 14 days",0000354950-26-000001,https://www.sec.gov/edgar/browse/?CIK=0000354950,data/industries/consumer_discretionary/home_improvement_retail/HD_insider_trades.csv
AAPL,Apple Inc.,Information Technology,Consumer Electronics,2026-01-21,CONVICTION_BUY,117.83,2026-04-21,HOLDING_PERIOD_EXIT,151.2,90,28.32,2832.0,95,"C-Suite Conviction Buy: Insider_AAPL_2026_13 (Chief Financial Officer) open-market purchase of $1,230,472.00",0000320193-26-000013,https://www.sec.gov/edgar/browse/?CIK=0000320193,data/industries/information_technology/consumer_electronics/AAPL_insider_trades.csv
AAPL,Apple Inc.,Information Technology,Consumer Electronics,2026-01-25,CONVICTION_BUY,266.33,2026-04-25,HOLDING_PERIOD_EXIT,290.94,90,9.24,924.0,95,"C-Suite Conviction Buy: Insider_AAPL_2026_13 (Chief Financial Officer) open-market purchase of $1,230,472.00",0000320193-26-000013,https://www.sec.gov/edgar/browse/?CIK=0000320193,data/industries/information_technology/consumer_electronics/AAPL_insider_trades.csv
AAPL,Apple Inc.,Information Technology,Consumer Electronics,2026-01-25,HEAVY_SELL_EXIT,266.33,2026-04-25,HOLDING_PERIOD_EXIT,290.94,90,9.24,924.0,90,"Heavy Sell Exit: 2 executives sold $2,586,253.00 over 14 days",0000320193-26-000001,https://www.sec.gov/edgar/browse/?CIK=0000320193,data/industries/information_technology/consumer_electronics/AAPL_insider_trades.csv
V,Visa Inc.,Financials,Credit Services,2026-01-26,HEAVY_SELL_EXIT,144.98,2026-04-26,HOLDING_PERIOD_EXIT,166.38,90,14.76,1476.0,80,"Heavy Sell Exit: 2 executives sold $1,579,545.00 over 14 days",0001403161-26-000013,https://www.sec.gov/edgar/browse/?CIK=0001403161,data/industries/financials/credit_services/V_insider_trades.csv
GOOGL,Alphabet Inc.,Communication Services,Internet Content & Information,2026-01-26,CONVICTION_BUY,180.67,2026-04-26,HOLDING_PERIOD_EXIT,232.92,90,28.92,2892.0,70,"C-Suite Conviction Buy: Insider_GOOGL_2026_10 (Chief Financial Officer) open-market purchase of $198,395.00",0001652044-26-000010,https://www.sec.gov/edgar/browse/?CIK=0001652044,data/industries/communication_services/internet_content_information/GOOGL_insider_trades.csv
PANW,Palo Alto Networks Inc.,Information Technology,Software - Infrastructure,2026-01-27,CONVICTION_BUY,158.06,2026-04-27,HOLDING_PERIOD_EXIT,218.38,90,38.16,3816.0,95,"C-Suite Conviction Buy: Insider_PANW_2026_7 (Chief Executive Officer) open-market purchase of $1,254,000.00",0001326801-26-000007,https://www.sec.gov/edgar/browse/?CIK=0001326801,data/industries/information_technology/software_infrastructure/PANW_insider_trades.csv
PANW,Palo Alto Networks Inc.,Information Technology,Software - Infrastructure,2026-01-27,CLUSTER_BUY,158.06,2026-04-27,HOLDING_PERIOD_EXIT,218.38,90,38.16,3816.0,75,"Cluster Buy Trigger: 2 independent insiders purchased $1,674,509.00 within 14 days",0001326801-26-000006,https://www.sec.gov/edgar/browse/?CIK=0001326801,data/industries/information_technology/software_infrastructure/PANW_insider_trades.csv
ABT,Abbott Laboratories,Health Care,Medical Devices,2026-01-27,CLUSTER_BUY,255.4,2026-04-27,HOLDING_PERIOD_EXIT,354.7,90,38.88,3888.0,75,"Cluster Buy Trigger: 2 independent insiders purchased $840,928.00 within 14 days",0000001800-26-000002,https://www.sec.gov/edgar/browse/?CIK=0000001800,data/industries/health_care/medical_devices/ABT_insider_trades.csv
V,Visa Inc.,Financials,Credit Services,2026-01-27,HEAVY_SELL_EXIT,89.88,2026-04-27,HOLDING_PERIOD_EXIT,122.88,90,36.72,3672.0,80,"Heavy Sell Exit: 2 executives sold $1,579,545.00 over 14 days",0001403161-26-000013,https://www.sec.gov/edgar/browse/?CIK=0001403161,data/industries/financials/credit_services/V_insider_trades.csv
AMGN,Amgen Inc.,Health Care,Biotechnology,2026-01-29,CONVICTION_BUY,95.91,2026-04-29,HOLDING_PERIOD_EXIT,113.86,90,18.72,1872.0,80,"C-Suite Conviction Buy: Insider_AMGN_2026_4 (Chief Financial Officer) open-market purchase of $285,720.00",0000031462-26-000004,https://www.sec.gov/edgar/browse/?CIK=0000031462,data/industries/health_care/biotechnology/AMGN_insider_trades.csv
DUK,Duke Energy Corporation,Utilities,Utilities - Regulated Electric,2026-02-03,HEAVY_SELL_EXIT,135.28,2026-05-04,HOLDING_PERIOD_EXIT,179.44,90,32.64,3264.0,85,"Heavy Sell Exit: 2 executives sold $2,092,895.00 over 14 days",0001326160-26-000011,https://www.sec.gov/edgar/browse/?CIK=0001326160,data/industries/utilities/utilities_regulated_electric/DUK_insider_trades.csv
AMGN,Amgen Inc.,Health Care,Biotechnology,2026-02-04,CONVICTION_BUY,150.66,2026-05-05,HOLDING_PERIOD_EXIT,166.75,90,10.68,1068.0,80,"C-Suite Conviction Buy: Insider_AMGN_2026_4 (Chief Financial Officer) open-market purchase of $285,720.00",0000031462-26-000004,https://www.sec.gov/edgar/browse/?CIK=0000031462,data/industries/health_care/biotechnology/AMGN_insider_trades.csv
AMGN,Amgen Inc.,Health Care,Biotechnology,2026-02-04,CLUSTER_BUY,150.66,2026-05-05,HOLDING_PERIOD_EXIT,166.75,90,10.68,1068.0,75,"Cluster Buy Trigger: 2 independent insiders purchased $813,009.00 within 14 days",0000031462-26-000004,https://www.sec.gov/edgar/browse/?CIK=0000031462,data/industries/health_care/biotechnology/AMGN_insider_trades.csv
VRTX,Vertex Pharmaceuticals Incorporated,Health Care,Biotechnology,2026-02-05,CONVICTION_BUY,168.11,2026-03-07,STOP_LOSS_EXIT,147.94,30,-12.0,-1200.0,95,"C-Suite Conviction Buy: Insider_VRTX_2026_7 (Chief Financial Officer) open-market purchase of $1,285,956.00",0000875320-26-000007,https://www.sec.gov/edgar/browse/?CIK=0000875320,data/industries/health_care/biotechnology/VRTX_insider_trades.csv
F,Ford Motor Company,Consumer Discretionary,Automotive,2026-02-10,HEAVY_SELL_EXIT,98.95,2026-04-27,TAKE_PROFIT_TARGET,138.53,76,40.0,4000.0,75,"Heavy Sell Exit: 2 executives sold $1,214,220.00 over 14 days",0000037996-26-000007,https://www.sec.gov/edgar/browse/?CIK=0000037996,data/industries/consumer_discretionary/automotive/F_insider_trades.csv
GOOGL,Alphabet Inc.,Communication Services,Internet Content & Information,2026-02-10,HEAVY_SELL_EXIT,223.68,2026-05-11,HOLDING_PERIOD_EXIT,301.52,90,34.8,3480.0,75,"Heavy Sell Exit: 2 executives sold $1,316,077.00 over 14 days",0001652044-26-000002,https://www.sec.gov/edgar/browse/?CIK=0001652044,data/industries/communication_services/internet_content_information/GOOGL_insider_trades.csv
DUK,Duke Energy Corporation,Utilities,Utilities - Regulated Electric,2026-02-10,HEAVY_SELL_EXIT,107.51,2026-05-11,HOLDING_PERIOD_EXIT,133.31,90,24.0,2400.0,85,"Heavy Sell Exit: 3 executives sold $2,222,111.00 over 14 days",0001326160-26-000011,https://www.sec.gov/edgar/browse/?CIK=0001326160,data/industries/utilities/utilities_regulated_electric/DUK_insider_trades.csv
SHW,The Sherwin-Williams Company,Materials,Specialty Chemicals,2026-02-10,HEAVY_SELL_EXIT,240.48,2026-05-11,HOLDING_PERIOD_EXIT,277.99,90,15.6,1560.0,75,"Heavy Sell Exit: 2 executives sold $1,283,607.00 over 14 days",0000089800-26-000005,https://www.sec.gov/edgar/browse/?CIK=0000089800,data/industries/materials/specialty_chemicals/SHW_insider_trades.csv
VRTX,Vertex Pharmaceuticals Incorporated,Health Care,Biotechnology,2026-02-11,CONVICTION_BUY,203.86,2026-05-12,HOLDING_PERIOD_EXIT,272.85,90,33.84,3384.0,95,"C-Suite Conviction Buy: Insider_VRTX_2026_7 (Chief Financial Officer) open-market purchase of $1,285,956.00",0000875320-26-000007,https://www.sec.gov/edgar/browse/?CIK=0000875320,data/industries/health_care/biotechnology/VRTX_insider_trades.csv
SHW,The Sherwin-Williams Company,Materials,Specialty Chemicals,2026-02-12,HEAVY_SELL_EXIT,185.06,2026-05-13,HOLDING_PERIOD_EXIT,227.92,90,23.16,2316.0,80,"Heavy Sell Exit: 3 executives sold $1,585,917.00 over 14 days",0000089800-26-000005,https://www.sec.gov/edgar/browse/?CIK=0000089800,data/industries/materials/specialty_chemicals/SHW_insider_trades.csv
REGN,Regeneron Pharmaceuticals Inc.,Health Care,Biotechnology,2026-02-13,CONVICTION_BUY,209.5,2026-05-14,HOLDING_PERIOD_EXIT,272.85,90,30.24,3024.0,80,"C-Suite Conviction Buy: Insider_REGN_2026_3 (Chief Financial Officer) open-market purchase of $408,000.00",0000872589-26-000003,https://www.sec.gov/edgar/browse/?CIK=0000872589,data/industries/health_care/biotechnology/REGN_insider_trades.csv
BA,The Boeing Company,Industrials,Aerospace & Defense,2026-02-13,CONVICTION_BUY,215.52,2026-05-14,HOLDING_PERIOD_EXIT,234.14,90,8.64,864.0,80,"C-Suite Conviction Buy: Insider_BA_2026_7 (Chief Financial Officer) open-market purchase of $298,655.00",0000012927-26-000007,https://www.sec.gov/edgar/browse/?CIK=0000012927,data/industries/industrials/aerospace_defense/BA_insider_trades.csv
BA,The Boeing Company,Industrials,Aerospace & Defense,2026-02-13,CLUSTER_BUY,215.52,2026-05-14,HOLDING_PERIOD_EXIT,234.14,90,8.64,864.0,75,"Cluster Buy Trigger: 2 independent insiders purchased $680,087.00 within 14 days",0000012927-26-000004,https://www.sec.gov/edgar/browse/?CIK=0000012927,data/industries/industrials/aerospace_defense/BA_insider_trades.csv
JNJ,Johnson & Johnson,Health Care,Pharmaceuticals,2026-02-14,HEAVY_SELL_EXIT,82.92,2026-05-15,HOLDING_PERIOD_EXIT,90.48,90,9.12,912.0,80,"Heavy Sell Exit: 2 executives sold $1,784,814.00 over 14 days",0000200406-26-000012,https://www.sec.gov/edgar/browse/?CIK=0000200406,data/industries/health_care/pharmaceuticals/JNJ_insider_trades.csv
AMGN,Amgen Inc.,Health Care,Biotechnology,2026-02-15,CONVICTION_BUY,224.67,2026-05-16,HOLDING_PERIOD_EXIT,303.66,90,35.16,3516.0,90,"C-Suite Conviction Buy: Insider_AMGN_2026_5 (Chief Executive Officer) open-market purchase of $527,289.00",0000031462-26-000005,https://www.sec.gov/edgar/browse/?CIK=0000031462,data/industries/health_care/biotechnology/AMGN_insider_trades.csv
SYK,Stryker Corporation,Health Care,Medical Devices,2026-02-17,CONVICTION_BUY,257.31,2026-05-18,HOLDING_PERIOD_EXIT,320.92,90,24.72,2472.0,90,"C-Suite Conviction Buy: Insider_SYK_2026_1 (Chief Executive Officer) open-market purchase of $729,912.00",0000310764-26-000001,https://www.sec.gov/edgar/browse/?CIK=0000310764,data/industries/health_care/medical_devices/SYK_insider_trades.csv
IBM,International Business Machines Corporation,Information Technology,IT Services,2026-02-18,HEAVY_SELL_EXIT,245.97,2026-05-19,HOLDING_PERIOD_EXIT,312.97,90,27.24,2724.0,80,"Heavy Sell Exit: 2 executives sold $1,749,339.00 over 14 days",0000051143-26-000004,https://www.sec.gov/edgar/browse/?CIK=0000051143,data/industries/information_technology/it_services/IBM_insider_trades.csv
BA,The Boeing Company,Industrials,Aerospace & Defense,2026-02-19,CONVICTION_BUY,244.44,2026-05-03,TAKE_PROFIT_TARGET,342.22,73,40.0,4000.0,80,"C-Suite Conviction Buy: Insider_BA_2026_7 (Chief Financial Officer) open-market purchase of $298,655.00",0000012927-26-000007,https://www.sec.gov/edgar/browse/?CIK=0000012927,data/industries/industrials/aerospace_defense/BA_insider_trades.csv
BA,The Boeing Company,Industrials,Aerospace & Defense,2026-02-19,CLUSTER_BUY,244.44,2026-05-03,TAKE_PROFIT_TARGET,342.22,73,40.0,4000.0,75,"Cluster Buy Trigger: 2 independent insiders purchased $680,087.00 within 14 days",0000012927-26-000004,https://www.sec.gov/edgar/browse/?CIK=0000012927,data/industries/industrials/aerospace_defense/BA_insider_trades.csv
KO,The Coca-Cola Company,Consumer Staples,Beverages - Non-Alcoholic,2026-02-19,CONVICTION_BUY,215.19,2026-05-18,TAKE_PROFIT_TARGET,301.27,88,40.0,4000.0,95,"C-Suite Conviction Buy: Insider_KO_2026_4 (Chief Executive Officer) open-market purchase of $2,121,050.00",0000021344-26-000004,https://www.sec.gov/edgar/browse/?CIK=0000021344,data/industries/consumer_staples/beverages_non_alcoholic/KO_insider_trades.csv
COP,ConocoPhillips,Energy,Oil & Gas E&P,2026-02-19,CONVICTION_BUY,189.45,2026-05-20,HOLDING_PERIOD_EXIT,235.37,90,24.24,2424.0,95,"C-Suite Conviction Buy: Insider_COP_2026_6 (Chief Executive Officer) open-market purchase of $1,736,636.00",0001163165-26-000006,https://www.sec.gov/edgar/browse/?CIK=0001163165,data/industries/energy/oil_gas_ep/COP_insider_trades.csv
IBM,International Business Machines Corporation,Information Technology,IT Services,2026-02-22,HEAVY_SELL_EXIT,241.84,2026-03-24,STOP_LOSS_EXIT,212.82,30,-12.0,-1200.0,90,"Heavy Sell Exit: 3 executives sold $2,633,053.00 over 14 days",0000051143-26-000004,https://www.sec.gov/edgar/browse/?CIK=0000051143,data/industries/information_technology/it_services/IBM_insider_trades.csv
COP,ConocoPhillips,Energy,Oil & Gas E&P,2026-02-22,CONVICTION_BUY,244.72,2026-05-23,HOLDING_PERIOD_EXIT,331.35,90,35.4,3540.0,95,"C-Suite Conviction Buy: Insider_COP_2026_6 (Chief Executive Officer) open-market purchase of $1,736,636.00",0001163165-26-000006,https://www.sec.gov/edgar/browse/?CIK=0001163165,data/industries/energy/oil_gas_ep/COP_insider_trades.csv
KO,The Coca-Cola Company,Consumer Staples,Beverages - Non-Alcoholic,2026-02-24,CONVICTION_BUY,179.82,2026-05-25,HOLDING_PERIOD_EXIT,227.08,90,26.28,2628.0,95,"C-Suite Conviction Buy: Insider_KO_2026_4 (Chief Executive Officer) open-market purchase of $2,121,050.00",0000021344-26-000004,https://www.sec.gov/edgar/browse/?CIK=0000021344,data/industries/consumer_staples/beverages_non_alcoholic/KO_insider_trades.csv
AMD,Advanced Micro Devices Inc.,Information Technology,Semiconductors,2026-02-26,CLUSTER_BUY,151.34,2026-03-28,STOP_LOSS_EXIT,133.18,30,-12.0,-1200.0,75,"Cluster Buy Trigger: 2 independent insiders purchased $654,663.00 within 14 days",0000002488-26-000005,https://www.sec.gov/edgar/browse/?CIK=0000002488,data/industries/information_technology/semiconductors/AMD_insider_trades.csv
BA,The Boeing Company,Industrials,Aerospace & Defense,2026-02-26,CONVICTION_BUY,234.4,2026-05-27,HOLDING_PERIOD_EXIT,277.72,90,18.48,1848.0,80,"C-Suite Conviction Buy: Insider_BA_2026_7 (Chief Financial Officer) open-market purchase of $298,655.00",0000012927-26-000007,https://www.sec.gov/edgar/browse/?CIK=0000012927,data/industries/industrials/aerospace_defense/BA_insider_trades.csv
BA,The Boeing Company,Industrials,Aerospace & Defense,2026-02-26,CLUSTER_BUY,234.4,2026-05-27,HOLDING_PERIOD_EXIT,277.72,90,18.48,1848.0,75,"Cluster Buy Trigger: 2 independent insiders purchased $1,147,175.00 within 14 days",0000012927-26-000007,https://www.sec.gov/edgar/browse/?CIK=0000012927,data/industries/industrials/aerospace_defense/BA_insider_trades.csv
KO,The Coca-Cola Company,Consumer Staples,Beverages - Non-Alcoholic,2026-02-26,CONVICTION_BUY,221.9,2026-05-27,HOLDING_PERIOD_EXIT,250.13,90,12.72,1272.0,95,"C-Suite Conviction Buy: Insider_KO_2026_4 (Chief Executive Officer) open-market purchase of $2,121,050.00",0000021344-26-000004,https://www.sec.gov/edgar/browse/?CIK=0000021344,data/industries/consumer_staples/beverages_non_alcoholic/KO_insider_trades.csv
AMD,Advanced Micro Devices Inc.,Information Technology,Semiconductors,2026-02-27,CLUSTER_BUY,250.19,2026-05-28,HOLDING_PERIOD_EXIT,311.14,90,24.36,2436.0,75,"Cluster Buy Trigger: 2 independent insiders purchased $654,663.00 within 14 days",0000002488-26-000005,https://www.sec.gov/edgar/browse/?CIK=0000002488,data/industries/information_technology/semiconductors/AMD_insider_trades.csv
AMD,Advanced Micro Devices Inc.,Information Technology,Semiconductors,2026-02-27,HEAVY_SELL_EXIT,250.19,2026-05-28,HOLDING_PERIOD_EXIT,311.14,90,24.36,2436.0,80,"Heavy Sell Exit: 2 executives sold $1,518,330.00 over 14 days",0000002488-26-000010,https://www.sec.gov/edgar/browse/?CIK=0000002488,data/industries/information_technology/semiconductors/AMD_insider_trades.csv
COP,ConocoPhillips,Energy,Oil & Gas E&P,2026-03-01,CONVICTION_BUY,202.65,2026-05-22,TAKE_PROFIT_TARGET,283.71,82,40.0,4000.0,95,"C-Suite Conviction Buy: Insider_COP_2026_6 (Chief Executive Officer) open-market purchase of $1,736,636.00",0001163165-26-000006,https://www.sec.gov/edgar/browse/?CIK=0001163165,data/industries/energy/oil_gas_ep/COP_insider_trades.csv
COP,ConocoPhillips,Energy,Oil & Gas E&P,2026-03-01,CLUSTER_BUY,202.65,2026-05-22,TAKE_PROFIT_TARGET,283.71,82,40.0,4000.0,75,"Cluster Buy Trigger: 2 independent insiders purchased $2,227,388.00 within 14 days",0001163165-26-000006,https://www.sec.gov/edgar/browse/?CIK=0001163165,data/industries/energy/oil_gas_ep/COP_insider_trades.csv
XOM,Exxon Mobil Corporation,Energy,Oil & Gas Integrated,2026-03-02,HEAVY_SELL_EXIT,252.25,2026-05-31,HOLDING_PERIOD_EXIT,325.81,90,29.16,2916.0,85,"Heavy Sell Exit: 2 executives sold $2,063,710.00 over 14 days",0000034088-26-000003,https://www.sec.gov/edgar/browse/?CIK=0000034088,data/industries/energy/oil_gas_integrated/XOM_insider_trades.csv
AVGO,Broadcom Inc.,Information Technology,Semiconductors,2026-03-04,CONVICTION_BUY,243.99,2026-06-02,HOLDING_PERIOD_EXIT,317.19,90,30.0,3000.0,95,"C-Suite Conviction Buy: Insider_AVGO_2026_2 (Chief Financial Officer) open-market purchase of $1,839,100.00",0001441634-26-000002,https://www.sec.gov/edgar/browse/?CIK=0001441634,data/industries/information_technology/semiconductors/AVGO_insider_trades.csv
LLY,Eli Lilly and Company,Health Care,Pharmaceuticals,2026-03-04,CONVICTION_BUY,187.52,2026-05-23,TAKE_PROFIT_TARGET,262.53,80,40.0,4000.0,90,"C-Suite Conviction Buy: Insider_LLY_2026_2 (Chief Financial Officer) open-market purchase of $843,430.00",0000059478-26-000002,https://www.sec.gov/edgar/browse/?CIK=0000059478,data/industries/health_care/pharmaceuticals/LLY_insider_trades.csv
MDT,Medtronic plc,Health Care,Medical Devices,2026-03-07,HEAVY_SELL_EXIT,108.2,2026-06-05,HOLDING_PERIOD_EXIT,128.58,90,18.84,1884.0,85,"Heavy Sell Exit: 2 executives sold $2,159,431.00 over 14 days",0000143899-26-000002,https://www.sec.gov/edgar/browse/?CIK=0000143899,data/industries/health_care/medical_devices/MDT_insider_trades.csv
COST,Costco Wholesale Corporation,Consumer Staples,Discount Stores,2026-03-08,HEAVY_SELL_EXIT,98.12,2026-06-06,HOLDING_PERIOD_EXIT,116.72,90,18.96,1896.0,90,"Heavy Sell Exit: 2 executives sold $2,735,199.00 over 14 days",0000909832-26-000004,https://www.sec.gov/edgar/browse/?CIK=0000909832,data/industries/consumer_staples/discount_stores/COST_insider_trades.csv
LLY,Eli Lilly and Company,Health Care,Pharmaceuticals,2026-03-13,CONVICTION_BUY,194.71,2026-06-11,HOLDING_PERIOD_EXIT,239.34,90,22.92,2292.0,90,"C-Suite Conviction Buy: Insider_LLY_2026_2 (Chief Financial Officer) open-market purchase of $843,430.00",0000059478-26-000002,https://www.sec.gov/edgar/browse/?CIK=0000059478,data/industries/health_care/pharmaceuticals/LLY_insider_trades.csv
PGR,The Progressive Corporation,Financials,Insurance - Property & Casualty,2026-03-15,HEAVY_SELL_EXIT,266.91,2026-06-13,HOLDING_PERIOD_EXIT,326.48,90,22.32,2232.0,80,"Heavy Sell Exit: 2 executives sold $1,904,879.00 over 14 days",0000080661-26-000001,https://www.sec.gov/edgar/browse/?CIK=0000080661,data/industries/financials/insurance_property_casualty/PGR_insider_trades.csv
DIS,The Walt Disney Company,Communication Services,Entertainment,2026-03-16,CLUSTER_BUY,279.21,2026-05-26,TAKE_PROFIT_TARGET,390.89,71,40.0,4000.0,75,"Cluster Buy Trigger: 2 independent insiders purchased $1,248,426.00 within 14 days",0001744489-26-000004,https://www.sec.gov/edgar/browse/?CIK=0001744489,data/industries/communication_services/entertainment/DIS_insider_trades.csv
AMT,American Tower Corporation,Real Estate,REIT - Telecom Tower,2026-03-17,CONVICTION_BUY,275.41,2026-06-15,HOLDING_PERIOD_EXIT,356.71,90,29.52,2952.0,70,"C-Suite Conviction Buy: Insider_AMT_2026_13 (Chief Financial Officer) open-market purchase of $248,883.00",0001053507-26-000013,https://www.sec.gov/edgar/browse/?CIK=0001053507,data/industries/real_estate/reit_telecom_tower/AMT_insider_trades.csv
LOW,Lowe's Companies Inc.,Consumer Discretionary,Home Improvement Retail,2026-03-18,HEAVY_SELL_EXIT,105.64,2026-06-16,HOLDING_PERIOD_EXIT,127.19,90,20.4,2040.0,85,"Heavy Sell Exit: 2 executives sold $2,292,075.00 over 14 days",0000060667-26-000004,https://www.sec.gov/edgar/browse/?CIK=0000060667,data/industries/consumer_discretionary/home_improvement_retail/LOW_insider_trades.csv
MDT,Medtronic plc,Health Care,Medical Devices,2026-03-19,HEAVY_SELL_EXIT,202.62,2026-06-17,HOLDING_PERIOD_EXIT,231.55,90,14.28,1428.0,85,"Heavy Sell Exit: 2 executives sold $2,159,431.00 over 14 days",0000143899-26-000002,https://www.sec.gov/edgar/browse/?CIK=0000143899,data/industries/health_care/medical_devices/MDT_insider_trades.csv
BA,The Boeing Company,Industrials,Aerospace & Defense,2026-03-19,CONVICTION_BUY,191.9,2026-06-17,HOLDING_PERIOD_EXIT,233.81,90,21.84,2184.0,90,"C-Suite Conviction Buy: Insider_BA_2026_5 (Chief Executive Officer) open-market purchase of $518,752.00",0000012927-26-000005,https://www.sec.gov/edgar/browse/?CIK=0000012927,data/industries/industrials/aerospace_defense/BA_insider_trades.csv
DIS,The Walt Disney Company,Communication Services,Entertainment,2026-03-20,CLUSTER_BUY,163.27,2026-06-18,HOLDING_PERIOD_EXIT,187.96,90,15.12,1512.0,75,"Cluster Buy Trigger: 2 independent insiders purchased $1,248,426.00 within 14 days",0001744489-26-000004,https://www.sec.gov/edgar/browse/?CIK=0001744489,data/industries/communication_services/entertainment/DIS_insider_trades.csv
BA,The Boeing Company,Industrials,Aerospace & Defense,2026-03-20,CONVICTION_BUY,138.82,2026-06-18,HOLDING_PERIOD_EXIT,151.81,90,9.36,936.0,90,"C-Suite Conviction Buy: Insider_BA_2026_5 (Chief Executive Officer) open-market purchase of $518,752.00",0000012927-26-000005,https://www.sec.gov/edgar/browse/?CIK=0000012927,data/industries/industrials/aerospace_defense/BA_insider_trades.csv
AMT,American Tower Corporation,Real Estate,REIT - Telecom Tower,2026-03-20,CONVICTION_BUY,221.69,2026-06-18,HOLDING_PERIOD_EXIT,286.6,90,29.28,2928.0,70,"C-Suite Conviction Buy: Insider_AMT_2026_13 (Chief Financial Officer) open-market purchase of $248,883.00",0001053507-26-000013,https://www.sec.gov/edgar/browse/?CIK=0001053507,data/industries/real_estate/reit_telecom_tower/AMT_insider_trades.csv
JPM,JPMorgan Chase & Co.,Financials,Banks - Diversified,2026-03-21,CONVICTION_BUY,228.98,2026-06-01,TAKE_PROFIT_TARGET,320.57,72,40.0,4000.0,80,"C-Suite Conviction Buy: Insider_JPM_2026_6 (Chief Financial Officer) open-market purchase of $284,140.00",0000019617-26-000006,https://www.sec.gov/edgar/browse/?CIK=0000019617,data/industries/financials/banks_diversified/JPM_insider_trades.csv
JPM,JPMorgan Chase & Co.,Financials,Banks - Diversified,2026-03-21,CLUSTER_BUY,228.98,2026-06-01,TAKE_PROFIT_TARGET,320.57,72,40.0,4000.0,75,"Cluster Buy Trigger: 2 independent insiders purchased $1,553,450.00 within 14 days",0000019617-26-000002,https://www.sec.gov/edgar/browse/?CIK=0000019617,data/industries/financials/banks_diversified/JPM_insider_trades.csv
TXN,Texas Instruments Incorporated,Information Technology,Semiconductors,2026-03-22,CONVICTION_BUY,101.01,2026-06-02,TAKE_PROFIT_TARGET,141.41,72,40.0,4000.0,70,"C-Suite Conviction Buy: Insider_TXN_2026_8 (Chief Executive Officer) open-market purchase of $223,520.00",0000097476-26-000008,https://www.sec.gov/edgar/browse/?CIK=0000097476,data/industries/information_technology/semiconductors/TXN_insider_trades.csv
LLY,Eli Lilly and Company,Health Care,Pharmaceuticals,2026-03-25,HEAVY_SELL_EXIT,122.63,2026-06-21,TAKE_PROFIT_TARGET,171.68,88,40.0,4000.0,75,"Heavy Sell Exit: 2 executives sold $1,425,973.00 over 14 days",0000059478-26-000005,https://www.sec.gov/edgar/browse/?CIK=0000059478,data/industries/health_care/pharmaceuticals/LLY_insider_trades.csv
TXN,Texas Instruments Incorporated,Information Technology,Semiconductors,2026-03-26,CONVICTION_BUY,234.05,2026-06-24,HOLDING_PERIOD_EXIT,313.53,90,33.96,3396.0,70,"C-Suite Conviction Buy: Insider_TXN_2026_8 (Chief Executive Officer) open-market purchase of $223,520.00",0000097476-26-000008,https://www.sec.gov/edgar/browse/?CIK=0000097476,data/industries/information_technology/semiconductors/TXN_insider_trades.csv
TGT,Target Corporation,Consumer Staples,Discount Stores,2026-03-27,CLUSTER_BUY,201.41,2026-04-26,STOP_LOSS_EXIT,177.24,30,-12.0,-1200.0,75,"Cluster Buy Trigger: 2 independent insiders purchased $642,890.00 within 14 days",0000027419-26-000006,https://www.sec.gov/edgar/browse/?CIK=0000027419,data/industries/consumer_staples/discount_stores/TGT_insider_trades.csv
REGN,Regeneron Pharmaceuticals Inc.,Health Care,Biotechnology,2026-03-28,CLUSTER_BUY,248.31,2026-06-26,HOLDING_PERIOD_EXIT,270.36,90,8.88,888.0,75,"Cluster Buy Trigger: 2 independent insiders purchased $966,304.00 within 14 days",0000872589-26-000012,https://www.sec.gov/edgar/browse/?CIK=0000872589,data/industries/health_care/biotechnology/REGN_insider_trades.csv
KO,The Coca-Cola Company,Consumer Staples,Beverages - Non-Alcoholic,2026-03-28,CONVICTION_BUY,93.87,2026-06-26,HOLDING_PERIOD_EXIT,108.63,90,15.72,1572.0,80,"C-Suite Conviction Buy: Insider_KO_2026_8 (Chief Financial Officer) open-market purchase of $332,240.00",0000021344-26-000008,https://www.sec.gov/edgar/browse/?CIK=0000021344,data/industries/consumer_staples/beverages_non_alcoholic/KO_insider_trades.csv
WFC,Wells Fargo & Company,Financials,Banks - Diversified,2026-03-29,CONVICTION_BUY,273.68,2026-06-27,HOLDING_PERIOD_EXIT,344.62,90,25.92,2592.0,80,"C-Suite Conviction Buy: Insider_WFC_2026_9 (Chief Executive Officer) open-market purchase of $338,182.00",0000072971-26-000009,https://www.sec.gov/edgar/browse/?CIK=0000072971,data/industries/financials/banks_diversified/WFC_insider_trades.csv
WFC,Wells Fargo & Company,Financials,Banks - Diversified,2026-03-31,CONVICTION_BUY,88.78,2026-06-28,TAKE_PROFIT_TARGET,124.29,89,40.0,4000.0,80,"C-Suite Conviction Buy: Insider_WFC_2026_9 (Chief Executive Officer) open-market purchase of $338,182.00",0000072971-26-000009,https://www.sec.gov/edgar/browse/?CIK=0000072971,data/industries/financials/banks_diversified/WFC_insider_trades.csv
WFC,Wells Fargo & Company,Financials,Banks - Diversified,2026-03-31,CLUSTER_BUY,88.78,2026-06-28,TAKE_PROFIT_TARGET,124.29,89,40.0,4000.0,75,"Cluster Buy Trigger: 2 independent insiders purchased $829,505.00 within 14 days",0000072971-26-000009,https://www.sec.gov/edgar/browse/?CIK=0000072971,data/industries/financials/banks_diversified/WFC_insider_trades.csv
REGN,Regeneron Pharmaceuticals Inc.,Health Care,Biotechnology,2026-04-02,CLUSTER_BUY,272.43,2026-07-01,HOLDING_PERIOD_EXIT,244.37,90,-10.3,-1030.0,75,"Cluster Buy Trigger: 2 independent insiders purchased $966,304.00 within 14 days",0000872589-26-000012,https://www.sec.gov/edgar/browse/?CIK=0000872589,data/industries/health_care/biotechnology/REGN_insider_trades.csv
RTX,RTX Corporation,Industrials,Aerospace & Defense,2026-04-02,CONVICTION_BUY,147.03,2026-07-01,HOLDING_PERIOD_EXIT,176.32,90,19.92,1992.0,90,"C-Suite Conviction Buy: Insider_RTX_2026_1 (Chief Executive Officer) open-market purchase of $822,932.00",0000101829-26-000001,https://www.sec.gov/edgar/browse/?CIK=0000101829,data/industries/industrials/aerospace_defense/RTX_insider_trades.csv
LLY,Eli Lilly and Company,Health Care,Pharmaceuticals,2026-04-04,HEAVY_SELL_EXIT,278.68,2026-07-02,TAKE_PROFIT_TARGET,390.15,89,40.0,4000.0,75,"Heavy Sell Exit: 2 executives sold $1,169,000.00 over 14 days",0000059478-26-000009,https://www.sec.gov/edgar/browse/?CIK=0000059478,data/industries/health_care/pharmaceuticals/LLY_insider_trades.csv
WFC,Wells Fargo & Company,Financials,Banks - Diversified,2026-04-06,CONVICTION_BUY,264.92,2026-06-30,TAKE_PROFIT_TARGET,370.89,85,40.0,4000.0,80,"C-Suite Conviction Buy: Insider_WFC_2026_9 (Chief Executive Officer) open-market purchase of $338,182.00",0000072971-26-000009,https://www.sec.gov/edgar/browse/?CIK=0000072971,data/industries/financials/banks_diversified/WFC_insider_trades.csv
WFC,Wells Fargo & Company,Financials,Banks - Diversified,2026-04-06,CLUSTER_BUY,264.92,2026-06-30,TAKE_PROFIT_TARGET,370.89,85,40.0,4000.0,75,"Cluster Buy Trigger: 2 independent insiders purchased $829,505.00 within 14 days",0000072971-26-000009,https://www.sec.gov/edgar/browse/?CIK=0000072971,data/industries/financials/banks_diversified/WFC_insider_trades.csv
NVDA,NVIDIA Corporation,Information Technology,Semiconductors,2026-04-09,CLUSTER_BUY,248.01,2026-07-08,HOLDING_PERIOD_EXIT,298.31,90,20.28,2028.0,75,"Cluster Buy Trigger: 2 independent insiders purchased $2,582,842.00 within 14 days",0001045810-26-000011,https://www.sec.gov/edgar/browse/?CIK=0001045810,data/industries/information_technology/semiconductors/NVDA_insider_trades.csv
META,Meta Platforms Inc.,Communication Services,Internet Content & Information,2026-04-09,HEAVY_SELL_EXIT,221.85,2026-07-08,HOLDING_PERIOD_EXIT,287.61,90,29.64,2964.0,80,"Heavy Sell Exit: 2 executives sold $1,676,460.00 over 14 days",0001326801-26-000007,https://www.sec.gov/edgar/browse/?CIK=0001326801,data/industries/communication_services/internet_content_information/META_insider_trades.csv
VZ,Verizon Communications Inc.,Communication Services,Telecom Services,2026-04-09,HEAVY_SELL_EXIT,135.27,2026-07-08,HOLDING_PERIOD_EXIT,120.66,90,-10.8,-1080.0,75,"Heavy Sell Exit: 2 executives sold $1,046,346.00 over 14 days",0000732712-26-000005,https://www.sec.gov/edgar/browse/?CIK=0000732712,data/industries/communication_services/telecom_services/VZ_insider_trades.csv
KO,The Coca-Cola Company,Consumer Staples,Beverages - Non-Alcoholic,2026-04-09,CONVICTION_BUY,261.41,2026-07-08,HOLDING_PERIOD_EXIT,361.16,90,38.16,3816.0,80,"C-Suite Conviction Buy: Insider_KO_2026_8 (Chief Financial Officer) open-market purchase of $332,240.00",0000021344-26-000008,https://www.sec.gov/edgar/browse/?CIK=0000021344,data/industries/consumer_staples/beverages_non_alcoholic/KO_insider_trades.csv
NEE,NextEra Energy Inc.,Utilities,Utilities - Regulated Electric,2026-04-09,HEAVY_SELL_EXIT,111.1,2026-07-08,HOLDING_PERIOD_EXIT,140.7,90,26.64,2664.0,80,"Heavy Sell Exit: 2 executives sold $1,693,066.00 over 14 days",0000753308-26-000008,https://www.sec.gov/edgar/browse/?CIK=0000753308,data/industries/utilities/utilities_regulated_electric/NEE_insider_trades.csv
META,Meta Platforms Inc.,Communication Services,Internet Content & Information,2026-04-10,HEAVY_SELL_EXIT,267.98,2026-07-09,HOLDING_PERIOD_EXIT,238.5,90,-11.0,-1100.0,80,"Heavy Sell Exit: 2 executives sold $1,676,460.00 over 14 days",0001326801-26-000007,https://www.sec.gov/edgar/browse/?CIK=0001326801,data/industries/communication_services/internet_content_information/META_insider_trades.csv
AMT,American Tower Corporation,Real Estate,REIT - Telecom Tower,2026-04-11,HEAVY_SELL_EXIT,80.19,2026-07-10,HOLDING_PERIOD_EXIT,91.93,90,14.64,1464.0,75,"Heavy Sell Exit: 2 executives sold $1,018,032.00 over 14 days",0001053507-26-000005,https://www.sec.gov/edgar/browse/?CIK=0001053507,data/industries/real_estate/reit_telecom_tower/AMT_insider_trades.csv
BA,The Boeing Company,Industrials,Aerospace & Defense,2026-04-12,CONVICTION_BUY,87.09,2026-07-11,HOLDING_PERIOD_EXIT,107.99,90,24.0,2400.0,80,"C-Suite Conviction Buy: Insider_BA_2026_1 (Chief Financial Officer) open-market purchase of $482,976.00",0000012927-26-000001,https://www.sec.gov/edgar/browse/?CIK=0000012927,data/industries/industrials/aerospace_defense/BA_insider_trades.csv
RTX,RTX Corporation,Industrials,Aerospace & Defense,2026-04-12,CONVICTION_BUY,127.09,2026-07-11,HOLDING_PERIOD_EXIT,173.3,90,36.36,3636.0,90,"C-Suite Conviction Buy: Insider_RTX_2026_1 (Chief Executive Officer) open-market purchase of $822,932.00",0000101829-26-000001,https://www.sec.gov/edgar/browse/?CIK=0000101829,data/industries/industrials/aerospace_defense/RTX_insider_trades.csv
AXP,American Express Company,Financials,Credit Services,2026-04-13,HEAVY_SELL_EXIT,254.26,2026-07-12,HOLDING_PERIOD_EXIT,280.8,90,10.44,1044.0,75,"Heavy Sell Exit: 2 executives sold $1,174,025.00 over 14 days",0000004962-26-000014,https://www.sec.gov/edgar/browse/?CIK=0000004962,data/industries/financials/credit_services/AXP_insider_trades.csv
AXP,American Express Company,Financials,Credit Services,2026-04-16,HEAVY_SELL_EXIT,197.58,2026-06-27,TAKE_PROFIT_TARGET,276.61,72,40.0,4000.0,75,"Heavy Sell Exit: 3 executives sold $1,300,881.00 over 14 days",0000004962-26-000014,https://www.sec.gov/edgar/browse/?CIK=0000004962,data/industries/financials/credit_services/AXP_insider_trades.csv
GM,General Motors Company,Consumer Discretionary,Automotive,2026-04-21,CONVICTION_BUY,150.71,2026-07-20,HOLDING_PERIOD_EXIT,183.44,90,21.72,2172.0,95,"C-Suite Conviction Buy: Insider_GM_2026_8 (Chief Financial Officer) open-market purchase of $1,244,502.00",0001467858-26-000008,https://www.sec.gov/edgar/browse/?CIK=0001467858,data/industries/consumer_discretionary/automotive/GM_insider_trades.csv
VZ,Verizon Communications Inc.,Communication Services,Telecom Services,2026-04-22,HEAVY_SELL_EXIT,135.35,2026-07-21,HOLDING_PERIOD_EXIT,175.79,90,29.88,2988.0,75,"Heavy Sell Exit: 2 executives sold $1,006,528.00 over 14 days",0000732712-26-000003,https://www.sec.gov/edgar/browse/?CIK=0000732712,data/industries/communication_services/telecom_services/VZ_insider_trades.csv
GM,General Motors Company,Consumer Discretionary,Automotive,2026-04-25,CONVICTION_BUY,117.81,2026-05-25,STOP_LOSS_EXIT,103.67,30,-12.0,-1200.0,95,"C-Suite Conviction Buy: Insider_GM_2026_8 (Chief Financial Officer) open-market purchase of $1,244,502.00",0001467858-26-000008,https://www.sec.gov/edgar/browse/?CIK=0001467858,data/industries/consumer_discretionary/automotive/GM_insider_trades.csv
MRNA,Moderna Inc.,Health Care,Biotechnology,2026-04-26,CONVICTION_BUY,184.28,2026-07-25,HOLDING_PERIOD_EXIT,213.69,90,15.96,1596.0,90,"C-Suite Conviction Buy: Insider_MRNA_2026_7 (Chief Financial Officer) open-market purchase of $510,324.00",0001682852-26-000007,https://www.sec.gov/edgar/browse/?CIK=0001682852,data/industries/health_care/biotechnology/MRNA_insider_trades.csv
BA,The Boeing Company,Industrials,Aerospace & Defense,2026-04-26,CONVICTION_BUY,147.95,2026-07-08,TAKE_PROFIT_TARGET,207.13,73,40.0,4000.0,80,"C-Suite Conviction Buy: Insider_BA_2026_1 (Chief Financial Officer) open-market purchase of $482,976.00",0000012927-26-000001,https://www.sec.gov/edgar/browse/?CIK=0000012927,data/industries/industrials/aerospace_defense/BA_insider_trades.csv
BA,The Boeing Company,Industrials,Aerospace & Defense,2026-04-26,CLUSTER_BUY,147.95,2026-07-08,TAKE_PROFIT_TARGET,207.13,73,40.0,4000.0,75,"Cluster Buy Trigger: 2 independent insiders purchased $609,088.00 within 14 days",0000012927-26-000001,https://www.sec.gov/edgar/browse/?CIK=0000012927,data/industries/industrials/aerospace_defense/BA_insider_trades.csv
CL,Colgate-Palmolive Company,Consumer Staples,Household & Personal Products,2026-04-26,CONVICTION_BUY,117.89,2026-07-25,HOLDING_PERIOD_EXIT,157.22,90,33.36,3336.0,90,"C-Suite Conviction Buy: Insider_CL_2026_4 (Chief Financial Officer) open-market purchase of $801,346.00",0000021665-26-000004,https://www.sec.gov/edgar/browse/?CIK=0000021665,data/industries/consumer_staples/household_personal_products/CL_insider_trades.csv
MA,Mastercard Incorporated,Financials,Credit Services,2026-04-27,CONVICTION_BUY,232.93,2026-07-26,HOLDING_PERIOD_EXIT,320.42,90,37.56,3756.0,80,"C-Suite Conviction Buy: Insider_MA_2026_2 (Chief Executive Officer) open-market purchase of $281,316.00",0001141391-26-000002,https://www.sec.gov/edgar/browse/?CIK=0001141391,data/industries/financials/credit_services/MA_insider_trades.csv
MSFT,Microsoft Corporation,Information Technology,Software - Infrastructure,2026-04-28,CONVICTION_BUY,240.21,2026-07-27,HOLDING_PERIOD_EXIT,277.68,90,15.6,1560.0,90,"C-Suite Conviction Buy: Insider_MSFT_2026_6 (Chief Financial Officer) open-market purchase of $605,649.00",0000789019-26-000006,https://www.sec.gov/edgar/browse/?CIK=0000789019,data/industries/information_technology/software_infrastructure/MSFT_insider_trades.csv
AAPL,Apple Inc.,Information Technology,Consumer Electronics,2026-04-30,CONVICTION_BUY,145.54,2026-07-29,HOLDING_PERIOD_EXIT,192.87,90,32.52,3252.0,90,"C-Suite Conviction Buy: Insider_AAPL_2026_2 (Chief Financial Officer) open-market purchase of $748,940.00",0000320193-26-000002,https://www.sec.gov/edgar/browse/?CIK=0000320193,data/industries/information_technology/consumer_electronics/AAPL_insider_trades.csv
AMT,American Tower Corporation,Real Estate,REIT - Telecom Tower,2026-05-02,CONVICTION_BUY,157.43,2026-07-31,HOLDING_PERIOD_EXIT,189.73,90,20.52,2052.0,95,"C-Suite Conviction Buy: Insider_AMT_2026_2 (Chief Executive Officer) open-market purchase of $1,151,430.00",0001053507-26-000002,https://www.sec.gov/edgar/browse/?CIK=0001053507,data/industries/real_estate/reit_telecom_tower/AMT_insider_trades.csv
FDX,FedEx Corporation,Industrials,Integrated Freight & Logistics,2026-05-03,HEAVY_SELL_EXIT,114.43,2026-08-01,HOLDING_PERIOD_EXIT,101.38,90,-11.4,-1140.0,90,"Heavy Sell Exit: 2 executives sold $2,664,149.00 over 14 days",0000036104-26-000001,https://www.sec.gov/edgar/browse/?CIK=0000036104,data/industries/industrials/integrated_freight_logistics/FDX_insider_trades.csv
MSFT,Microsoft Corporation,Information Technology,Software - Infrastructure,2026-05-04,CONVICTION_BUY,114.58,2026-07-22,TAKE_PROFIT_TARGET,160.41,79,40.0,4000.0,90,"C-Suite Conviction Buy: Insider_MSFT_2026_6 (Chief Financial Officer) open-market purchase of $605,649.00",0000789019-26-000006,https://www.sec.gov/edgar/browse/?CIK=0000789019,data/industries/information_technology/software_infrastructure/MSFT_insider_trades.csv
MSFT,Microsoft Corporation,Information Technology,Software - Infrastructure,2026-05-06,CONVICTION_BUY,244.94,2026-08-04,HOLDING_PERIOD_EXIT,320.19,90,30.72,3072.0,90,"C-Suite Conviction Buy: Insider_MSFT_2026_6 (Chief Financial Officer) open-market purchase of $605,649.00",0000789019-26-000006,https://www.sec.gov/edgar/browse/?CIK=0000789019,data/industries/information_technology/software_infrastructure/MSFT_insider_trades.csv
LLY,Eli Lilly and Company,Health Care,Pharmaceuticals,2026-05-06,HEAVY_SELL_EXIT,80.26,2026-08-04,HOLDING_PERIOD_EXIT,94.13,90,17.28,1728.0,75,"Heavy Sell Exit: 2 executives sold $1,030,654.00 over 14 days",0000059478-26-000010,https://www.sec.gov/edgar/browse/?CIK=0000059478,data/industries/health_care/pharmaceuticals/LLY_insider_trades.csv
GS,The Goldman Sachs Group Inc.,Financials,Capital Markets,2026-05-06,HEAVY_SELL_EXIT,239.32,2026-08-04,HOLDING_PERIOD_EXIT,330.36,90,38.04,3804.0,85,"Heavy Sell Exit: 2 executives sold $2,496,790.00 over 14 days",0000886982-26-000003,https://www.sec.gov/edgar/browse/?CIK=0000886982,data/industries/financials/capital_markets/GS_insider_trades.csv
MRNA,Moderna Inc.,Health Care,Biotechnology,2026-05-08,CONVICTION_BUY,146.01,2026-08-06,HOLDING_PERIOD_EXIT,172.64,90,18.24,1824.0,90,"C-Suite Conviction Buy: Insider_MRNA_2026_7 (Chief Financial Officer) open-market purchase of $510,324.00",0001682852-26-000007,https://www.sec.gov/edgar/browse/?CIK=0001682852,data/industries/health_care/biotechnology/MRNA_insider_trades.csv
COP,ConocoPhillips,Energy,Oil & Gas E&P,2026-05-08,HEAVY_SELL_EXIT,151.44,2026-08-05,TAKE_PROFIT_TARGET,212.02,89,40.0,4000.0,75,"Heavy Sell Exit: 2 executives sold $1,140,113.00 over 14 days",0001163165-26-000002,https://www.sec.gov/edgar/browse/?CIK=0001163165,data/industries/energy/oil_gas_ep/COP_insider_trades.csv
MA,Mastercard Incorporated,Financials,Credit Services,2026-05-09,CONVICTION_BUY,80.31,2026-08-07,HOLDING_PERIOD_EXIT,99.1,90,23.4,2340.0,80,"C-Suite Conviction Buy: Insider_MA_2026_2 (Chief Executive Officer) open-market purchase of $281,316.00",0001141391-26-000002,https://www.sec.gov/edgar/browse/?CIK=0001141391,data/industries/financials/credit_services/MA_insider_trades.csv
MA,Mastercard Incorporated,Financials,Credit Services,2026-05-09,CLUSTER_BUY,80.31,2026-08-07,HOLDING_PERIOD_EXIT,99.1,90,23.4,2340.0,75,"Cluster Buy Trigger: 2 independent insiders purchased $598,182.00 within 14 days",0001141391-26-000002,https://www.sec.gov/edgar/browse/?CIK=0001141391,data/industries/financials/credit_services/MA_insider_trades.csv
NVDA,NVIDIA Corporation,Information Technology,Semiconductors,2026-05-11,CONVICTION_BUY,86.32,2026-08-09,HOLDING_PERIOD_EXIT,109.0,90,26.28,2628.0,80,"C-Suite Conviction Buy: Insider_NVDA_2026_10 (Chief Financial Officer) open-market purchase of $475,508.00",0001045810-26-000010,https://www.sec.gov/edgar/browse/?CIK=0001045810,data/industries/information_technology/semiconductors/NVDA_insider_trades.csv
NVDA,NVIDIA Corporation,Information Technology,Semiconductors,2026-05-11,CLUSTER_BUY,86.32,2026-08-09,HOLDING_PERIOD_EXIT,109.0,90,26.28,2628.0,75,"Cluster Buy Trigger: 2 independent insiders purchased $1,112,228.00 within 14 days",0001045810-26-000012,https://www.sec.gov/edgar/browse/?CIK=0001045810,data/industries/information_technology/semiconductors/NVDA_insider_trades.csv
CB,Chubb Limited,Financials,Insurance - Property & Casualty,2026-05-11,HEAVY_SELL_EXIT,201.63,2026-08-09,HOLDING_PERIOD_EXIT,252.2,90,25.08,2508.0,75,"Heavy Sell Exit: 2 executives sold $1,173,308.00 over 14 days",0001559720-26-000007,https://www.sec.gov/edgar/browse/?CIK=0001559720,data/industries/financials/insurance_property_casualty/CB_insider_trades.csv
PFE,Pfizer Inc.,Health Care,Pharmaceuticals,2026-05-12,CONVICTION_BUY,84.98,2026-08-10,HOLDING_PERIOD_EXIT,102.21,90,20.28,2028.0,95,"C-Suite Conviction Buy: Insider_PFE_2026_3 (Chief Executive Officer) open-market purchase of $1,482,507.00",0000078003-26-000003,https://www.sec.gov/edgar/browse/?CIK=0000078003,data/industries/health_care/pharmaceuticals/PFE_insider_trades.csv
PFE,Pfizer Inc.,Health Care,Pharmaceuticals,2026-05-12,CLUSTER_BUY,84.98,2026-08-10,HOLDING_PERIOD_EXIT,102.21,90,20.28,2028.0,75,"Cluster Buy Trigger: 2 independent insiders purchased $1,525,928.00 within 14 days",0000078003-26-000004,https://www.sec.gov/edgar/browse/?CIK=0000078003,data/industries/health_care/pharmaceuticals/PFE_insider_trades.csv
GILD,Gilead Sciences Inc.,Health Care,Biotechnology,2026-05-12,CONVICTION_BUY,81.61,2026-08-10,HOLDING_PERIOD_EXIT,101.29,90,24.12,2412.0,90,"C-Suite Conviction Buy: Insider_GILD_2026_1 (Chief Executive Officer) open-market purchase of $820,150.00",0000882095-26-000001,https://www.sec.gov/edgar/browse/?CIK=0000882095,data/industries/health_care/biotechnology/GILD_insider_trades.csv
MS,Morgan Stanley,Financials,Capital Markets,2026-05-12,CONVICTION_BUY,154.22,2026-08-10,HOLDING_PERIOD_EXIT,138.34,90,-10.3,-1030.0,70,"C-Suite Conviction Buy: Insider_MS_2026_7 (Chief Executive Officer) open-market purchase of $154,440.00",0000895421-26-000007,https://www.sec.gov/edgar/browse/?CIK=0000895421,data/industries/financials/capital_markets/MS_insider_trades.csv
MS,Morgan Stanley,Financials,Capital Markets,2026-05-12,CLUSTER_BUY,154.22,2026-08-10,HOLDING_PERIOD_EXIT,138.34,90,-10.3,-1030.0,75,"Cluster Buy Trigger: 2 independent insiders purchased $483,648.00 within 14 days",0000895421-26-000002,https://www.sec.gov/edgar/browse/?CIK=0000895421,data/industries/financials/capital_markets/MS_insider_trades.csv
AAPL,Apple Inc.,Information Technology,Consumer Electronics,2026-05-13,CONVICTION_BUY,86.83,2026-08-11,HOLDING_PERIOD_EXIT,109.86,90,26.52,2652.0,90,"C-Suite Conviction Buy: Insider_AAPL_2026_2 (Chief Financial Officer) open-market purchase of $748,940.00",0000320193-26-000002,https://www.sec.gov/edgar/browse/?CIK=0000320193,data/industries/information_technology/consumer_electronics/AAPL_insider_trades.csv
AAPL,Apple Inc.,Information Technology,Consumer Electronics,2026-05-13,CLUSTER_BUY,86.83,2026-08-11,HOLDING_PERIOD_EXIT,109.86,90,26.52,2652.0,75,"Cluster Buy Trigger: 2 independent insiders purchased $1,947,764.00 within 14 days",0000320193-26-000002,https://www.sec.gov/edgar/browse/?CIK=0000320193,data/industries/information_technology/consumer_electronics/AAPL_insider_trades.csv
MS,Morgan Stanley,Financials,Capital Markets,2026-05-14,CONVICTION_BUY,272.97,2026-08-12,HOLDING_PERIOD_EXIT,245.13,90,-10.2,-1020.0,70,"C-Suite Conviction Buy: Insider_MS_2026_7 (Chief Executive Officer) open-market purchase of $154,440.00",0000895421-26-000007,https://www.sec.gov/edgar/browse/?CIK=0000895421,data/industries/financials/capital_markets/MS_insider_trades.csv
MS,Morgan Stanley,Financials,Capital Markets,2026-05-14,CLUSTER_BUY,272.97,2026-08-12,HOLDING_PERIOD_EXIT,358.79,90,31.44,3144.0,75,"Cluster Buy Trigger: 2 independent insiders purchased $483,648.00 within 14 days",0000895421-26-000002,https://www.sec.gov/edgar/browse/?CIK=0000895421,data/industries/financials/capital_markets/MS_insider_trades.csv
MDT,Medtronic plc,Health Care,Medical Devices,2026-05-16,HEAVY_SELL_EXIT,99.55,2026-08-14,HOLDING_PERIOD_EXIT,88.6,90,-11.0,-1100.0,75,"Heavy Sell Exit: 2 executives sold $1,422,050.00 over 14 days",0000143899-26-000008,https://www.sec.gov/edgar/browse/?CIK=0000143899,data/industries/health_care/medical_devices/MDT_insider_trades.csv
MDT,Medtronic plc,Health Care,Medical Devices,2026-05-17,HEAVY_SELL_EXIT,211.21,2026-08-15,HOLDING_PERIOD_EXIT,276.35,90,30.84,3084.0,80,"Heavy Sell Exit: 3 executives sold $1,813,140.00 over 14 days",0000143899-26-000008,https://www.sec.gov/edgar/browse/?CIK=0000143899,data/industries/health_care/medical_devices/MDT_insider_trades.csv
NVDA,NVIDIA Corporation,Information Technology,Semiconductors,2026-05-18,CONVICTION_BUY,271.22,2026-08-16,HOLDING_PERIOD_EXIT,308.0,90,13.56,1356.0,80,"C-Suite Conviction Buy: Insider_NVDA_2026_10 (Chief Financial Officer) open-market purchase of $475,508.00",0001045810-26-000010,https://www.sec.gov/edgar/browse/?CIK=0001045810,data/industries/information_technology/semiconductors/NVDA_insider_trades.csv
NVDA,NVIDIA Corporation,Information Technology,Semiconductors,2026-05-18,CLUSTER_BUY,271.22,2026-08-16,HOLDING_PERIOD_EXIT,308.0,90,13.56,1356.0,75,"Cluster Buy Trigger: 2 independent insiders purchased $1,112,228.00 within 14 days",0001045810-26-000012,https://www.sec.gov/edgar/browse/?CIK=0001045810,data/industries/information_technology/semiconductors/NVDA_insider_trades.csv
F,Ford Motor Company,Consumer Discretionary,Automotive,2026-05-18,HEAVY_SELL_EXIT,111.51,2026-08-16,HOLDING_PERIOD_EXIT,143.76,90,28.92,2892.0,75,"Heavy Sell Exit: 2 executives sold $1,335,169.00 over 14 days",0000037996-26-000003,https://www.sec.gov/edgar/browse/?CIK=0000037996,data/industries/consumer_discretionary/automotive/F_insider_trades.csv
F,Ford Motor Company,Consumer Discretionary,Automotive,2026-05-19,HEAVY_SELL_EXIT,201.67,2026-08-17,HOLDING_PERIOD_EXIT,224.42,90,11.28,1128.0,85,"Heavy Sell Exit: 3 executives sold $2,453,594.00 over 14 days",0000037996-26-000003,https://www.sec.gov/edgar/browse/?CIK=0000037996,data/industries/consumer_discretionary/automotive/F_insider_trades.csv
LIN,Linde plc,Materials,Specialty Chemicals,2026-05-19,HEAVY_SELL_EXIT,231.96,2026-06-18,STOP_LOSS_EXIT,204.12,30,-12.0,-1200.0,90,"Heavy Sell Exit: 2 executives sold $3,749,900.00 over 14 days",0001707925-26-000005,https://www.sec.gov/edgar/browse/?CIK=0001707925,data/industries/materials/specialty_chemicals/LIN_insider_trades.csv
PFE,Pfizer Inc.,Health Care,Pharmaceuticals,2026-05-21,CONVICTION_BUY,87.11,2026-08-19,HOLDING_PERIOD_EXIT,115.96,90,33.12,3312.0,95,"C-Suite Conviction Buy: Insider_PFE_2026_3 (Chief Executive Officer) open-market purchase of $1,482,507.00",0000078003-26-000003,https://www.sec.gov/edgar/browse/?CIK=0000078003,data/industries/health_care/pharmaceuticals/PFE_insider_trades.csv
PFE,Pfizer Inc.,Health Care,Pharmaceuticals,2026-05-21,CLUSTER_BUY,87.11,2026-08-19,HOLDING_PERIOD_EXIT,115.96,90,33.12,3312.0,75,"Cluster Buy Trigger: 2 independent insiders purchased $1,525,928.00 within 14 days",0000078003-26-000004,https://www.sec.gov/edgar/browse/?CIK=0000078003,data/industries/health_care/pharmaceuticals/PFE_insider_trades.csv
AMD,Advanced Micro Devices Inc.,Information Technology,Semiconductors,2026-05-23,CLUSTER_BUY,209.22,2026-08-06,TAKE_PROFIT_TARGET,292.91,75,40.0,4000.0,75,"Cluster Buy Trigger: 2 independent insiders purchased $2,359,155.00 within 14 days",0000002488-26-000007,https://www.sec.gov/edgar/browse/?CIK=0000002488,data/industries/information_technology/semiconductors/AMD_insider_trades.csv
MDT,Medtronic plc,Health Care,Medical Devices,2026-05-23,HEAVY_SELL_EXIT,97.23,2026-06-22,STOP_LOSS_EXIT,85.56,30,-12.0,-1200.0,80,"Heavy Sell Exit: 3 executives sold $1,812,157.00 over 14 days",0000143899-26-000005,https://www.sec.gov/edgar/browse/?CIK=0000143899,data/industries/health_care/medical_devices/MDT_insider_trades.csv
CB,Chubb Limited,Financials,Insurance - Property & Casualty,2026-05-23,HEAVY_SELL_EXIT,131.96,2026-08-21,HOLDING_PERIOD_EXIT,175.35,90,32.88,3288.0,85,"Heavy Sell Exit: 2 executives sold $2,312,536.00 over 14 days",0001559720-26-000012,https://www.sec.gov/edgar/browse/?CIK=0001559720,data/industries/financials/insurance_property_casualty/CB_insider_trades.csv
CRWD,CrowdStrike Holdings Inc.,Information Technology,Software - Infrastructure,2026-05-26,CLUSTER_BUY,97.89,2026-08-08,TAKE_PROFIT_TARGET,137.05,74,40.0,4000.0,75,"Cluster Buy Trigger: 2 independent insiders purchased $2,842,380.00 within 14 days",0001535527-26-000003,https://www.sec.gov/edgar/browse/?CIK=0001535527,data/industries/information_technology/software_infrastructure/CRWD_insider_trades.csv
SNPS,Synopsys Inc.,Information Technology,Software - Infrastructure,2026-05-27,CONVICTION_BUY,159.06,2026-08-22,TAKE_PROFIT_TARGET,222.68,87,40.0,4000.0,80,"C-Suite Conviction Buy: Insider_SNPS_2026_1 (Chief Financial Officer) open-market purchase of $468,286.00",0000883241-26-000001,https://www.sec.gov/edgar/browse/?CIK=0000883241,data/industries/information_technology/software_infrastructure/SNPS_insider_trades.csv
PGR,The Progressive Corporation,Financials,Insurance - Property & Casualty,2026-05-28,HEAVY_SELL_EXIT,254.45,2026-08-26,HOLDING_PERIOD_EXIT,346.66,90,36.24,3624.0,80,"Heavy Sell Exit: 2 executives sold $1,694,251.00 over 14 days",0000080661-26-000004,https://www.sec.gov/edgar/browse/?CIK=0000080661,data/industries/financials/insurance_property_casualty/PGR_insider_trades.csv
BA,The Boeing Company,Industrials,Aerospace & Defense,2026-05-28,CONVICTION_BUY,95.13,2026-08-26,HOLDING_PERIOD_EXIT,107.69,90,13.2,1320.0,95,"C-Suite Conviction Buy: Insider_BA_2026_10 (Chief Executive Officer) open-market purchase of $1,616,040.00",0000012927-26-000010,https://www.sec.gov/edgar/browse/?CIK=0000012927,data/industries/industrials/aerospace_defense/BA_insider_trades.csv
BA,The Boeing Company,Industrials,Aerospace & Defense,2026-05-28,CLUSTER_BUY,95.13,2026-08-26,HOLDING_PERIOD_EXIT,84.67,90,-11.0,-1100.0,75,"Cluster Buy Trigger: 2 independent insiders purchased $2,216,463.00 within 14 days",0000012927-26-000006,https://www.sec.gov/edgar/browse/?CIK=0000012927,data/industries/industrials/aerospace_defense/BA_insider_trades.csv
V,Visa Inc.,Financials,Credit Services,2026-05-30,CLUSTER_BUY,170.97,2026-08-28,HOLDING_PERIOD_EXIT,153.36,90,-10.3,-1030.0,75,"Cluster Buy Trigger: 2 independent insiders purchased $1,717,610.00 within 14 days",0001403161-26-000003,https://www.sec.gov/edgar/browse/?CIK=0001403161,data/industries/financials/credit_services/V_insider_trades.csv
V,Visa Inc.,Financials,Credit Services,2026-05-31,CLUSTER_BUY,87.25,2026-08-29,HOLDING_PERIOD_EXIT,108.5,90,24.36,2436.0,75,"Cluster Buy Trigger: 2 independent insiders purchased $1,717,610.00 within 14 days",0001403161-26-000003,https://www.sec.gov/edgar/browse/?CIK=0001403161,data/industries/financials/credit_services/V_insider_trades.csv
MDT,Medtronic plc,Health Care,Medical Devices,2026-06-02,HEAVY_SELL_EXIT,226.79,2026-08-31,HOLDING_PERIOD_EXIT,292.65,90,29.04,2904.0,80,"Heavy Sell Exit: 2 executives sold $1,506,412.00 over 14 days",0000143899-26-000003,https://www.sec.gov/edgar/browse/?CIK=0000143899,data/industries/health_care/medical_devices/MDT_insider_trades.csv
BA,The Boeing Company,Industrials,Aerospace & Defense,2026-06-03,CONVICTION_BUY,223.68,2026-08-27,TAKE_PROFIT_TARGET,313.15,85,40.0,4000.0,95,"C-Suite Conviction Buy: Insider_BA_2026_10 (Chief Executive Officer) open-market purchase of $1,616,040.00",0000012927-26-000010,https://www.sec.gov/edgar/browse/?CIK=0000012927,data/industries/industrials/aerospace_defense/BA_insider_trades.csv
BA,The Boeing Company,Industrials,Aerospace & Defense,2026-06-03,CLUSTER_BUY,223.68,2026-08-27,TAKE_PROFIT_TARGET,313.15,85,40.0,4000.0,75,"Cluster Buy Trigger: 2 independent insiders purchased $2,216,463.00 within 14 days",0000012927-26-000006,https://www.sec.gov/edgar/browse/?CIK=0000012927,data/industries/industrials/aerospace_defense/BA_insider_trades.csv
TSLA,Tesla Inc.,Consumer Discretionary,Automotive,2026-06-05,CONVICTION_BUY,231.23,2026-09-03,HOLDING_PERIOD_EXIT,270.35,90,16.92,1692.0,95,"C-Suite Conviction Buy: Insider_TSLA_2026_3 (Chief Financial Officer) open-market purchase of $1,980,480.00",0001318605-26-000003,https://www.sec.gov/edgar/browse/?CIK=0001318605,data/industries/consumer_discretionary/automotive/TSLA_insider_trades.csv
CSCO,Cisco Systems Inc.,Information Technology,Communication Equipment,2026-06-06,HEAVY_SELL_EXIT,199.69,2026-09-04,HOLDING_PERIOD_EXIT,231.56,90,15.96,1596.0,75,"Heavy Sell Exit: 2 executives sold $1,422,258.00 over 14 days",0000023217-26-000001,https://www.sec.gov/edgar/browse/?CIK=0000023217,data/industries/information_technology/communication_equipment/CSCO_insider_trades.csv
CSCO,Cisco Systems Inc.,Information Technology,Communication Equipment,2026-06-07,HEAVY_SELL_EXIT,86.96,2026-09-01,TAKE_PROFIT_TARGET,121.74,86,40.0,4000.0,75,"Heavy Sell Exit: 2 executives sold $1,422,258.00 over 14 days",0000023217-26-000001,https://www.sec.gov/edgar/browse/?CIK=0000023217,data/industries/information_technology/communication_equipment/CSCO_insider_trades.csv
EBAY,eBay Inc.,Consumer Discretionary,Internet Retail,2026-06-09,CONVICTION_BUY,85.2,2026-08-29,TAKE_PROFIT_TARGET,119.28,81,40.0,4000.0,70,"C-Suite Conviction Buy: Insider_EBAY_2026_10 (Chief Financial Officer) open-market purchase of $122,144.00",0001065088-26-000010,https://www.sec.gov/edgar/browse/?CIK=0001065088,data/industries/consumer_discretionary/internet_retail/EBAY_insider_trades.csv
GOOGL,Alphabet Inc.,Communication Services,Internet Content & Information,2026-06-09,CLUSTER_BUY,153.15,2026-08-22,TAKE_PROFIT_TARGET,214.41,74,40.0,4000.0,75,"Cluster Buy Trigger: 2 independent insiders purchased $946,439.00 within 14 days",0001652044-26-000004,https://www.sec.gov/edgar/browse/?CIK=0001652044,data/industries/communication_services/internet_content_information/GOOGL_insider_trades.csv
SNPS,Synopsys Inc.,Information Technology,Software - Infrastructure,2026-06-10,CONVICTION_BUY,163.29,2026-09-02,TAKE_PROFIT_TARGET,228.61,84,40.0,4000.0,80,"C-Suite Conviction Buy: Insider_SNPS_2026_1 (Chief Financial Officer) open-market purchase of $468,286.00",0000883241-26-000001,https://www.sec.gov/edgar/browse/?CIK=0000883241,data/industries/information_technology/software_infrastructure/SNPS_insider_trades.csv
COP,ConocoPhillips,Energy,Oil & Gas E&P,2026-06-10,HEAVY_SELL_EXIT,262.37,2026-09-08,HOLDING_PERIOD_EXIT,282.83,90,7.8,780.0,75,"Heavy Sell Exit: 2 executives sold $1,246,040.00 over 14 days",0001163165-26-000001,https://www.sec.gov/edgar/browse/?CIK=0001163165,data/industries/energy/oil_gas_ep/COP_insider_trades.csv
BAC,Bank of America Corporation,Financials,Banks - Diversified,2026-06-11,CONVICTION_BUY,106.13,2026-09-09,HOLDING_PERIOD_EXIT,145.99,90,37.56,3756.0,70,"C-Suite Conviction Buy: Insider_BAC_2026_5 (Chief Executive Officer) open-market purchase of $220,092.00",0000070858-26-000005,https://www.sec.gov/edgar/browse/?CIK=0000070858,data/industries/financials/banks_diversified/BAC_insider_trades.csv
CB,Chubb Limited,Financials,Insurance - Property & Casualty,2026-06-11,HEAVY_SELL_EXIT,238.76,2026-09-09,HOLDING_PERIOD_EXIT,212.02,90,-11.2,-1120.0,75,"Heavy Sell Exit: 2 executives sold $1,005,797.00 over 14 days",0001559720-26-000006,https://www.sec.gov/edgar/browse/?CIK=0001559720,data/industries/financials/insurance_property_casualty/CB_insider_trades.csv
MSFT,Microsoft Corporation,Information Technology,Software - Infrastructure,2026-06-13,CONVICTION_BUY,128.98,2026-07-13,STOP_LOSS_EXIT,113.5,30,-12.0,-1200.0,95,"C-Suite Conviction Buy: Insider_MSFT_2026_5 (Chief Financial Officer) open-market purchase of $1,519,812.00",0000789019-26-000005,https://www.sec.gov/edgar/browse/?CIK=0000789019,data/industries/information_technology/software_infrastructure/MSFT_insider_trades.csv
PFE,Pfizer Inc.,Health Care,Pharmaceuticals,2026-06-13,CLUSTER_BUY,101.88,2026-09-11,HOLDING_PERIOD_EXIT,90.78,90,-10.9,-1090.0,75,"Cluster Buy Trigger: 2 independent insiders purchased $362,912.00 within 14 days",0000078003-26-000001,https://www.sec.gov/edgar/browse/?CIK=0000078003,data/industries/health_care/pharmaceuticals/PFE_insider_trades.csv
JNJ,Johnson & Johnson,Health Care,Pharmaceuticals,2026-06-14,HEAVY_SELL_EXIT,278.54,2026-09-12,HOLDING_PERIOD_EXIT,329.35,90,18.24,1824.0,75,"Heavy Sell Exit: 2 executives sold $1,219,186.00 over 14 days",0000200406-26-000005,https://www.sec.gov/edgar/browse/?CIK=0000200406,data/industries/health_care/pharmaceuticals/JNJ_insider_trades.csv
ADBE,Adobe Inc.,Information Technology,Software - Infrastructure,2026-06-18,CLUSTER_BUY,106.31,2026-09-16,HOLDING_PERIOD_EXIT,94.93,90,-10.7,-1070.0,75,"Cluster Buy Trigger: 2 independent insiders purchased $3,197,214.00 within 14 days",0000796343-26-000002,https://www.sec.gov/edgar/browse/?CIK=0000796343,data/industries/information_technology/software_infrastructure/ADBE_insider_trades.csv
GE,General Electric Company,Industrials,Aerospace & Defense,2026-06-21,CONVICTION_BUY,180.77,2026-09-19,HOLDING_PERIOD_EXIT,201.16,90,11.28,1128.0,80,"C-Suite Conviction Buy: Insider_GE_2026_6 (Chief Financial Officer) open-market purchase of $304,637.00",0000040545-26-000006,https://www.sec.gov/edgar/browse/?CIK=0000040545,data/industries/industrials/aerospace_defense/GE_insider_trades.csv
BAC,Bank of America Corporation,Financials,Banks - Diversified,2026-06-24,CONVICTION_BUY,152.25,2026-09-22,HOLDING_PERIOD_EXIT,195.18,90,28.2,2820.0,70,"C-Suite Conviction Buy: Insider_BAC_2026_5 (Chief Executive Officer) open-market purchase of $220,092.00",0000070858-26-000005,https://www.sec.gov/edgar/browse/?CIK=0000070858,data/industries/financials/banks_diversified/BAC_insider_trades.csv
AMT,American Tower Corporation,Real Estate,REIT - Telecom Tower,2026-06-27,CONVICTION_BUY,122.89,2026-09-25,HOLDING_PERIOD_EXIT,157.4,90,28.08,2808.0,90,"C-Suite Conviction Buy: Insider_AMT_2026_9 (Chief Executive Officer) open-market purchase of $894,186.00",0001053507-26-000009,https://www.sec.gov/edgar/browse/?CIK=0001053507,data/industries/real_estate/reit_telecom_tower/AMT_insider_trades.csv
MCD,McDonald's Corporation,Consumer Discretionary,Restaurants,2026-06-30,HEAVY_SELL_EXIT,136.09,2026-09-10,TAKE_PROFIT_TARGET,190.53,72,40.0,4000.0,80,"Heavy Sell Exit: 2 executives sold $1,710,354.00 over 14 days",0000063908-26-000004,https://www.sec.gov/edgar/browse/?CIK=0000063908,data/industries/consumer_discretionary/restaurants/MCD_insider_trades.csv
AAPL,Apple Inc.,Information Technology,Consumer Electronics,2026-07-01,CONVICTION_BUY,229.54,2026-07-31,STOP_LOSS_EXIT,202.0,30,-12.0,-1200.0,90,"C-Suite Conviction Buy: Insider_AAPL_2026_9 (Chief Executive Officer) open-market purchase of $830,450.00",0000320193-26-000009,https://www.sec.gov/edgar/browse/?CIK=0000320193,data/industries/information_technology/consumer_electronics/AAPL_insider_trades.csv
AXP,American Express Company,Financials,Credit Services,2026-07-04,CLUSTER_BUY,138.79,2026-10-02,HOLDING_PERIOD_EXIT,153.61,90,10.68,1068.0,75,"Cluster Buy Trigger: 2 independent insiders purchased $1,241,874.00 within 14 days",0000004962-26-000001,https://www.sec.gov/edgar/browse/?CIK=0000004962,data/industries/financials/credit_services/AXP_insider_trades.csv
TMUS,T-Mobile US Inc.,Communication Services,Telecom Services,2026-07-04,CONVICTION_BUY,122.7,2026-10-02,HOLDING_PERIOD_EXIT,160.98,90,31.2,3120.0,80,"C-Suite Conviction Buy: Insider_TMUS_2026_3 (Chief Financial Officer) open-market purchase of $328,806.00",0001283699-26-000003,https://www.sec.gov/edgar/browse/?CIK=0001283699,data/industries/communication_services/telecom_services/TMUS_insider_trades.csv
TXN,Texas Instruments Incorporated,Information Technology,Semiconductors,2026-07-10,CLUSTER_BUY,207.64,2026-10-08,HOLDING_PERIOD_EXIT,270.18,90,30.12,3012.0,75,"Cluster Buy Trigger: 2 independent insiders purchased $1,013,355.00 within 14 days",0000097476-26-000005,https://www.sec.gov/edgar/browse/?CIK=0000097476,data/industries/information_technology/semiconductors/TXN_insider_trades.csv
MDT,Medtronic plc,Health Care,Medical Devices,2026-07-12,HEAVY_SELL_EXIT,135.33,2026-10-10,HOLDING_PERIOD_EXIT,186.65,90,37.92,3792.0,80,"Heavy Sell Exit: 2 executives sold $1,616,819.00 over 14 days",0000143899-26-000010,https://www.sec.gov/edgar/browse/?CIK=0000143899,data/industries/health_care/medical_devices/MDT_insider_trades.csv
GM,General Motors Company,Consumer Discretionary,Automotive,2026-07-12,CONVICTION_BUY,91.63,2026-10-10,HOLDING_PERIOD_EXIT,109.0,90,18.96,1896.0,95,"C-Suite Conviction Buy: Insider_GM_2026_9 (Chief Executive Officer) open-market purchase of $1,064,028.00",0001467858-26-000009,https://www.sec.gov/edgar/browse/?CIK=0001467858,data/industries/consumer_discretionary/automotive/GM_insider_trades.csv
LOW,Lowe's Companies Inc.,Consumer Discretionary,Home Improvement Retail,2026-07-12,HEAVY_SELL_EXIT,106.68,2026-09-16,TAKE_PROFIT_TARGET,149.35,66,40.0,4000.0,90,"Heavy Sell Exit: 2 executives sold $3,564,281.00 over 14 days",0000060667-26-000002,https://www.sec.gov/edgar/browse/?CIK=0000060667,data/industries/consumer_discretionary/home_improvement_retail/LOW_insider_trades.csv
GM,General Motors Company,Consumer Discretionary,Automotive,2026-07-13,CONVICTION_BUY,124.75,2026-10-11,HOLDING_PERIOD_EXIT,148.85,90,19.32,1932.0,95,"C-Suite Conviction Buy: Insider_GM_2026_9 (Chief Executive Officer) open-market purchase of $1,064,028.00",0001467858-26-000009,https://www.sec.gov/edgar/browse/?CIK=0001467858,data/industries/consumer_discretionary/automotive/GM_insider_trades.csv
GM,General Motors Company,Consumer Discretionary,Automotive,2026-07-13,HEAVY_SELL_EXIT,124.75,2026-10-11,HOLDING_PERIOD_EXIT,148.85,90,19.32,1932.0,85,"Heavy Sell Exit: 2 executives sold $2,401,627.00 over 14 days",0001467858-26-000007,https://www.sec.gov/edgar/browse/?CIK=0001467858,data/industries/consumer_discretionary/automotive/GM_insider_trades.csv
JNJ,Johnson & Johnson,Health Care,Pharmaceuticals,2026-07-17,CONVICTION_BUY,209.08,2026-10-15,HOLDING_PERIOD_EXIT,185.24,90,-11.4,-1140.0,90,"C-Suite Conviction Buy: Insider_JNJ_2026_6 (Chief Financial Officer) open-market purchase of $997,062.00",0000200406-26-000006,https://www.sec.gov/edgar/browse/?CIK=0000200406,data/industries/health_care/pharmaceuticals/JNJ_insider_trades.csv
REGN,Regeneron Pharmaceuticals Inc.,Health Care,Biotechnology,2026-07-17,CONVICTION_BUY,155.76,2026-10-15,HOLDING_PERIOD_EXIT,186.23,90,19.56,1956.0,80,"C-Suite Conviction Buy: Insider_REGN_2026_10 (Chief Financial Officer) open-market purchase of $263,277.00",0000872589-26-000010,https://www.sec.gov/edgar/browse/?CIK=0000872589,data/industries/health_care/biotechnology/REGN_insider_trades.csv
CB,Chubb Limited,Financials,Insurance - Property & Casualty,2026-07-17,CONVICTION_BUY,141.87,2026-09-23,TAKE_PROFIT_TARGET,198.62,68,40.0,4000.0,80,"C-Suite Conviction Buy: Insider_CB_2026_8 (Chief Financial Officer) open-market purchase of $415,030.00",0001559720-26-000008,https://www.sec.gov/edgar/browse/?CIK=0001559720,data/industries/financials/insurance_property_casualty/CB_insider_trades.csv
CB,Chubb Limited,Financials,Insurance - Property & Casualty,2026-07-17,CLUSTER_BUY,141.87,2026-09-23,TAKE_PROFIT_TARGET,198.62,68,40.0,4000.0,75,"Cluster Buy Trigger: 2 independent insiders purchased $614,488.00 within 14 days",0001559720-26-000004,https://www.sec.gov/edgar/browse/?CIK=0001559720,data/industries/financials/insurance_property_casualty/CB_insider_trades.csv
NVDA,NVIDIA Corporation,Information Technology,Semiconductors,2026-07-20,CONVICTION_BUY,122.53,2026-10-18,HOLDING_PERIOD_EXIT,144.88,90,18.24,1824.0,95,"C-Suite Conviction Buy: NVDA_CFO_Conviction (Chief Financial Officer) open-market purchase of $1,023,000.00",0001045810-26-99999CFO,https://www.sec.gov/edgar/browse/?CIK=0001045810,data/industries/information_technology/semiconductors/NVDA_insider_trades.csv
NVDA,NVIDIA Corporation,Information Technology,Semiconductors,2026-07-20,CLUSTER_BUY,122.53,2026-10-18,HOLDING_PERIOD_EXIT,144.88,90,18.24,1824.0,75,"Cluster Buy Trigger: 2 independent insiders purchased $2,222,650.00 within 14 days",0001045810-26-99999CFO,https://www.sec.gov/edgar/browse/?CIK=0001045810,data/industries/information_technology/semiconductors/NVDA_insider_trades.csv
AMD,Advanced Micro Devices Inc.,Information Technology,Semiconductors,2026-07-20,CONVICTION_BUY,259.83,2026-10-18,HOLDING_PERIOD_EXIT,315.02,90,21.24,2124.0,90,"C-Suite Conviction Buy: AMD_CFO_Conviction (Chief Financial Officer) open-market purchase of $690,350.00",0000002488-26-99999CFO,https://www.sec.gov/edgar/browse/?CIK=0000002488,data/industries/information_technology/semiconductors/AMD_insider_trades.csv
AMD,Advanced Micro Devices Inc.,Information Technology,Semiconductors,2026-07-20,CLUSTER_BUY,259.83,2026-10-18,HOLDING_PERIOD_EXIT,315.02,90,21.24,2124.0,75,"Cluster Buy Trigger: 2 independent insiders purchased $1,656,000.00 within 14 days",0000002488-26-99999CFO,https://www.sec.gov/edgar/browse/?CIK=0000002488,data/industries/information_technology/semiconductors/AMD_insider_trades.csv
MSFT,Microsoft Corporation,Information Technology,Software - Infrastructure,2026-07-20,CONVICTION_BUY,158.46,2026-10-04,TAKE_PROFIT_TARGET,221.84,76,40.0,4000.0,95,"C-Suite Conviction Buy: MSFT_CFO_Conviction (Chief Financial Officer) open-market purchase of $1,211,200.00",0000789019-26-99999CFO,https://www.sec.gov/edgar/browse/?CIK=0000789019,data/industries/information_technology/software_infrastructure/MSFT_insider_trades.csv
MSFT,Microsoft Corporation,Information Technology,Software - Infrastructure,2026-07-20,CLUSTER_BUY,158.46,2026-10-04,TAKE_PROFIT_TARGET,221.84,76,40.0,4000.0,75,"Cluster Buy Trigger: 2 independent insiders purchased $2,039,200.00 within 14 days",0000789019-26-99999CFO,https://www.sec.gov/edgar/browse/?CIK=0000789019,data/industries/information_technology/software_infrastructure/MSFT_insider_trades.csv
AAPL,Apple Inc.,Information Technology,Consumer Electronics,2026-07-20,CONVICTION_BUY,257.95,2026-10-18,HOLDING_PERIOD_EXIT,279.93,90,8.52,852.0,90,"C-Suite Conviction Buy: AAPL_CEO_Conviction (Chief Executive Officer) open-market purchase of $553,950.00",0000320193-26-99999CEO,https://www.sec.gov/edgar/browse/?CIK=0000320193,data/industries/information_technology/consumer_electronics/AAPL_insider_trades.csv
AAPL,Apple Inc.,Information Technology,Consumer Electronics,2026-07-20,CLUSTER_BUY,257.95,2026-10-18,HOLDING_PERIOD_EXIT,229.32,90,-11.1,-1110.0,75,"Cluster Buy Trigger: 2 independent insiders purchased $1,494,500.00 within 14 days",0000320193-26-99999CEO,https://www.sec.gov/edgar/browse/?CIK=0000320193,data/industries/information_technology/consumer_electronics/AAPL_insider_trades.csv
AMGN,Amgen Inc.,Health Care,Biotechnology,2026-07-20,CONVICTION_BUY,200.57,2026-10-13,TAKE_PROFIT_TARGET,280.8,85,40.0,4000.0,90,"C-Suite Conviction Buy: AMGN_CFO_Conviction (Chief Financial Officer) open-market purchase of $511,950.00",0000031462-26-99999CFO,https://www.sec.gov/edgar/browse/?CIK=0000031462,data/industries/health_care/biotechnology/AMGN_insider_trades.csv
AMGN,Amgen Inc.,Health Care,Biotechnology,2026-07-20,CLUSTER_BUY,200.57,2026-10-13,TAKE_PROFIT_TARGET,280.8,85,40.0,4000.0,75,"Cluster Buy Trigger: 2 independent insiders purchased $1,749,050.00 within 14 days",0000031462-26-99999CFO,https://www.sec.gov/edgar/browse/?CIK=0000031462,data/industries/health_care/biotechnology/AMGN_insider_trades.csv
JPM,JPMorgan Chase & Co.,Financials,Banks - Diversified,2026-07-20,CONVICTION_BUY,219.11,2026-10-18,HOLDING_PERIOD_EXIT,289.05,90,31.92,3192.0,90,"C-Suite Conviction Buy: JPM_CFO_Conviction (Chief Financial Officer) open-market purchase of $879,700.00",0000019617-26-99999CFO,https://www.sec.gov/edgar/browse/?CIK=0000019617,data/industries/financials/banks_diversified/JPM_insider_trades.csv
JPM,JPMorgan Chase & Co.,Financials,Banks - Diversified,2026-07-20,CLUSTER_BUY,219.11,2026-10-18,HOLDING_PERIOD_EXIT,289.05,90,31.92,3192.0,75,"Cluster Buy Trigger: 2 independent insiders purchased $1,738,400.00 within 14 days",0000019617-26-99999CFO,https://www.sec.gov/edgar/browse/?CIK=0000019617,data/industries/financials/banks_diversified/JPM_insider_trades.csv
V,Visa Inc.,Financials,Credit Services,2026-07-20,CONVICTION_BUY,109.71,2026-10-18,HOLDING_PERIOD_EXIT,132.75,90,21.0,2100.0,90,"C-Suite Conviction Buy: V_CFO_Conviction (Chief Financial Officer) open-market purchase of $515,950.00",0001403161-26-99999CFO,https://www.sec.gov/edgar/browse/?CIK=0001403161,data/industries/financials/credit_services/V_insider_trades.csv
V,Visa Inc.,Financials,Credit Services,2026-07-20,CLUSTER_BUY,109.71,2026-10-18,HOLDING_PERIOD_EXIT,132.75,90,21.0,2100.0,75,"Cluster Buy Trigger: 2 independent insiders purchased $1,754,100.00 within 14 days",0001403161-26-99999CFO,https://www.sec.gov/edgar/browse/?CIK=0001403161,data/industries/financials/credit_services/V_insider_trades.csv
TSLA,Tesla Inc.,Consumer Discretionary,Automotive,2026-07-20,CONVICTION_BUY,176.37,2026-10-18,HOLDING_PERIOD_EXIT,189.92,90,7.68,768.0,90,"C-Suite Conviction Buy: TSLA_CFO_Conviction (Chief Financial Officer) open-market purchase of $627,350.00",0001318605-26-99999CFO,https://www.sec.gov/edgar/browse/?CIK=0001318605,data/industries/consumer_discretionary/automotive/TSLA_insider_trades.csv
TSLA,Tesla Inc.,Consumer Discretionary,Automotive,2026-07-20,CLUSTER_BUY,176.37,2026-10-18,HOLDING_PERIOD_EXIT,189.92,90,7.68,768.0,75,"Cluster Buy Trigger: 2 independent insiders purchased $1,836,600.00 within 14 days",0001318605-26-99999CFO,https://www.sec.gov/edgar/browse/?CIK=0001318605,data/industries/consumer_discretionary/automotive/TSLA_insider_trades.csv
AAPL,Apple Inc.,Information Technology,Consumer Electronics,2026-07-21,CONVICTION_BUY,118.89,2026-10-19,HOLDING_PERIOD_EXIT,142.57,90,19.92,1992.0,90,"C-Suite Conviction Buy: AAPL_CEO_Conviction (Chief Executive Officer) open-market purchase of $553,950.00",0000320193-26-99999CEO,https://www.sec.gov/edgar/browse/?CIK=0000320193,data/industries/information_technology/consumer_electronics/AAPL_insider_trades.csv
AAPL,Apple Inc.,Information Technology,Consumer Electronics,2026-07-21,CLUSTER_BUY,118.89,2026-10-19,HOLDING_PERIOD_EXIT,142.57,90,19.92,1992.0,85,"Cluster Buy Trigger: 3 independent insiders purchased $1,725,632.00 within 14 days",0000320193-26-99999CEO,https://www.sec.gov/edgar/browse/?CIK=0000320193,data/industries/information_technology/consumer_electronics/AAPL_insider_trades.csv
AMD,Advanced Micro Devices Inc.,Information Technology,Semiconductors,2026-07-22,CONVICTION_BUY,192.77,2026-10-20,HOLDING_PERIOD_EXIT,220.99,90,14.64,1464.0,90,"C-Suite Conviction Buy: AMD_CFO_Conviction (Chief Financial Officer) open-market purchase of $690,350.00",0000002488-26-99999CFO,https://www.sec.gov/edgar/browse/?CIK=0000002488,data/industries/information_technology/semiconductors/AMD_insider_trades.csv
AMD,Advanced Micro Devices Inc.,Information Technology,Semiconductors,2026-07-22,CLUSTER_BUY,192.77,2026-10-20,HOLDING_PERIOD_EXIT,220.99,90,14.64,1464.0,85,"Cluster Buy Trigger: 3 independent insiders purchased $3,033,917.00 within 14 days",0000002488-26-99999CFO,https://www.sec.gov/edgar/browse/?CIK=0000002488,data/industries/information_technology/semiconductors/AMD_insider_trades.csv
SNPS,Synopsys Inc.,Information Technology,Software - Infrastructure,2026-07-23,CONVICTION_BUY,219.42,2026-10-21,HOLDING_PERIOD_EXIT,237.59,90,8.28,828.0,90,"C-Suite Conviction Buy: Insider_SNPS_2026_5 (Chief Financial Officer) open-market purchase of $544,918.00",0000883241-26-000005,https://www.sec.gov/edgar/browse/?CIK=0000883241,data/industries/information_technology/software_infrastructure/SNPS_insider_trades.csv
AMGN,Amgen Inc.,Health Care,Biotechnology,2026-07-23,CONVICTION_BUY,88.49,2026-10-21,HOLDING_PERIOD_EXIT,104.95,90,18.6,1860.0,90,"C-Suite Conviction Buy: AMGN_CFO_Conviction (Chief Financial Officer) open-market purchase of $511,950.00",0000031462-26-99999CFO,https://www.sec.gov/edgar/browse/?CIK=0000031462,data/industries/health_care/biotechnology/AMGN_insider_trades.csv
AMGN,Amgen Inc.,Health Care,Biotechnology,2026-07-23,CLUSTER_BUY,88.49,2026-10-21,HOLDING_PERIOD_EXIT,104.95,90,18.6,1860.0,75,"Cluster Buy Trigger: 2 independent insiders purchased $1,749,050.00 within 14 days",0000031462-26-99999CFO,https://www.sec.gov/edgar/browse/?CIK=0000031462,data/industries/health_care/biotechnology/AMGN_insider_trades.csv
DE,Deere & Company,Industrials,Industrial Machinery,2026-07-26,HEAVY_SELL_EXIT,149.08,2026-10-18,TAKE_PROFIT_TARGET,208.71,84,40.0,4000.0,75,"Heavy Sell Exit: 2 executives sold $1,464,428.00 over 14 days",0000315189-26-000003,https://www.sec.gov/edgar/browse/?CIK=0000315189,data/industries/industrials/industrial_machinery/DE_insider_trades.csv
KO,The Coca-Cola Company,Consumer Staples,Beverages - Non-Alcoholic,2026-07-26,CLUSTER_BUY,179.68,2026-10-24,HOLDING_PERIOD_EXIT,238.76,90,32.88,3288.0,75,"Cluster Buy Trigger: 2 independent insiders purchased $1,430,467.00 within 14 days",0000021344-26-000002,https://www.sec.gov/edgar/browse/?CIK=0000021344,data/industries/consumer_staples/beverages_non_alcoholic/KO_insider_trades.csv
TGT,Target Corporation,Consumer Staples,Discount Stores,2026-07-30,HEAVY_SELL_EXIT,136.7,2026-10-28,HOLDING_PERIOD_EXIT,121.66,90,-11.0,-1100.0,75,"Heavy Sell Exit: 2 executives sold $1,104,999.00 over 14 days",0000027419-26-000001,https://www.sec.gov/edgar/browse/?CIK=0000027419,data/industries/consumer_staples/discount_stores/TGT_insider_trades.csv
WFC,Wells Fargo & Company,Financials,Banks - Diversified,2026-08-01,HEAVY_SELL_EXIT,277.43,2026-10-16,TAKE_PROFIT_TARGET,388.4,76,40.0,4000.0,85,"Heavy Sell Exit: 2 executives sold $2,077,735.00 over 14 days",0000072971-26-000003,https://www.sec.gov/edgar/browse/?CIK=0000072971,data/industries/financials/banks_diversified/WFC_insider_trades.csv
AMD,Advanced Micro Devices Inc.,Information Technology,Semiconductors,2026-08-02,CONVICTION_BUY,228.73,2026-10-31,HOLDING_PERIOD_EXIT,275.39,90,20.4,2040.0,90,"C-Suite Conviction Buy: AMD_CFO_Conviction (Chief Financial Officer) open-market purchase of $690,350.00",0000002488-26-99999CFO,https://www.sec.gov/edgar/browse/?CIK=0000002488,data/industries/information_technology/semiconductors/AMD_insider_trades.csv
AMD,Advanced Micro Devices Inc.,Information Technology,Semiconductors,2026-08-02,CLUSTER_BUY,228.73,2026-10-31,HOLDING_PERIOD_EXIT,275.39,90,20.4,2040.0,95,"Cluster Buy Trigger: 4 independent insiders purchased $3,069,141.00 within 14 days",0000002488-26-99999CFO,https://www.sec.gov/edgar/browse/?CIK=0000002488,data/industries/information_technology/semiconductors/AMD_insider_trades.csv
AMGN,Amgen Inc.,Health Care,Biotechnology,2026-08-03,CONVICTION_BUY,175.77,2026-11-01,HOLDING_PERIOD_EXIT,239.26,90,36.12,3612.0,90,"C-Suite Conviction Buy: AMGN_CFO_Conviction (Chief Financial Officer) open-market purchase of $511,950.00",0000031462-26-99999CFO,https://www.sec.gov/edgar/browse/?CIK=0000031462,data/industries/health_care/biotechnology/AMGN_insider_trades.csv
AMGN,Amgen Inc.,Health Care,Biotechnology,2026-08-03,CLUSTER_BUY,175.77,2026-11-01,HOLDING_PERIOD_EXIT,239.26,90,36.12,3612.0,75,"Cluster Buy Trigger: 2 independent insiders purchased $1,749,050.00 within 14 days",0000031462-26-99999CFO,https://www.sec.gov/edgar/browse/?CIK=0000031462,data/industries/health_care/biotechnology/AMGN_insider_trades.csv
AMGN,Amgen Inc.,Health Care,Biotechnology,2026-08-03,HEAVY_SELL_EXIT,175.77,2026-11-01,HOLDING_PERIOD_EXIT,239.26,90,36.12,3612.0,90,"Heavy Sell Exit: 2 executives sold $3,228,688.00 over 14 days",0000031462-26-000010,https://www.sec.gov/edgar/browse/?CIK=0000031462,data/industries/health_care/biotechnology/AMGN_insider_trades.csv
JPM,JPMorgan Chase & Co.,Financials,Banks - Diversified,2026-08-03,CONVICTION_BUY,195.76,2026-11-01,HOLDING_PERIOD_EXIT,215.96,90,10.32,1032.0,90,"C-Suite Conviction Buy: JPM_CFO_Conviction (Chief Financial Officer) open-market purchase of $879,700.00",0000019617-26-99999CFO,https://www.sec.gov/edgar/browse/?CIK=0000019617,data/industries/financials/banks_diversified/JPM_insider_trades.csv
JPM,JPMorgan Chase & Co.,Financials,Banks - Diversified,2026-08-03,CLUSTER_BUY,195.76,2026-11-01,HOLDING_PERIOD_EXIT,215.96,90,10.32,1032.0,85,"Cluster Buy Trigger: 3 independent insiders purchased $2,605,880.00 within 14 days",0000019617-26-99999CFO,https://www.sec.gov/edgar/browse/?CIK=0000019617,data/industries/financials/banks_diversified/JPM_insider_trades.csv
SYK,Stryker Corporation,Health Care,Medical Devices,2026-08-04,CONVICTION_BUY,247.54,2026-11-02,HOLDING_PERIOD_EXIT,302.79,90,22.32,2232.0,70,"C-Suite Conviction Buy: Insider_SYK_2026_8 (Chief Financial Officer) open-market purchase of $229,493.00",0000310764-26-000008,https://www.sec.gov/edgar/browse/?CIK=0000310764,data/industries/health_care/medical_devices/SYK_insider_trades.csv
SPG,Simon Property Group Inc.,Real Estate,REIT - Retail,2026-08-04,HEAVY_SELL_EXIT,165.76,2026-11-02,HOLDING_PERIOD_EXIT,230.01,90,38.76,3876.0,80,"Heavy Sell Exit: 2 executives sold $1,926,228.00 over 14 days",0000906345-26-000004,https://www.sec.gov/edgar/browse/?CIK=0000906345,data/industries/real_estate/reit_retail/SPG_insider_trades.csv
TSLA,Tesla Inc.,Consumer Discretionary,Automotive,2026-08-05,CONVICTION_BUY,206.05,2026-10-24,TAKE_PROFIT_TARGET,288.47,80,40.0,4000.0,80,"C-Suite Conviction Buy: Insider_TSLA_2026_5 (Chief Financial Officer) open-market purchase of $385,110.00",0001318605-26-000005,https://www.sec.gov/edgar/browse/?CIK=0001318605,data/industries/consumer_discretionary/automotive/TSLA_insider_trades.csv
